actual_combo,coverage,date,head,head_hit,head_prob,invest,model,payout100,race_code,return,score,set_ev,set_prob,synthetic_odds,ticket_hit,tickets_n,winner
3-5-4,0.5310619207174117,2026-07-19,3,1,0.2820460876323179,2000,3まくり,1980,202607191904,0,74.046,1.4464330034954047,0.14978393702885015,9.656796530971173,0,13,3
3-5-6,0.5264202014458234,2026-07-19,3,1,0.1524168397033235,2000,3まくり,36750,202607191905,36750,42.29500000000001,1.2084440683766373,0.08023530346035933,15.061251297861364,1,9,3
1-3-6,0.7990256029316065,2026-07-19,5,0,0.1,2000,5頭展開,4760,202607190911,0,82.56800000000001,6.717493777993425,0.07990256029316066,84.07107048068416,0,2,1
4-1-6,0.6094131388105922,2026-07-19,5,0,0.1,2000,5頭展開,4340,202607191606,0,60.66166666666667,21.707296004433296,0.06094131388105922,356.2,0,1,0
1-2-6,0.8095414878446423,2026-07-19,5,0,0.1,2000,5頭展開,5320,202607191910,0,55.55000000000001,1.9671858154624808,0.08095414878446423,24.3,0,1,1
1-4-6,0.5016726847287168,2026-07-19,5,0,0.1,2000,5頭展開,2160,202607192211,0,48.78666666666667,9.411379565510728,0.05016726847287169,187.6,0,1,1
3-5-6,0.519834146238264,2026-07-20,3,1,0.1955774230968681,2000,3まくり,5990,202607201803,11980,52.881,1.4141142751801454,0.10166782275904016,13.909162572820065,1,12,3
1-3-4,0.5082965247127675,2026-07-20,3,0,0.17160609112522213,2000,3まくり,700,202607201806,0,37.874,1.4112355148507392,0.08722677973849291,16.178924856353092,0,12,1
1-2-5,0.7194677450050566,2026-07-20,5,0,0.02,2000,5頭展開,3910,202607200506,0,78.97966666666667,2.601595365938285,0.014389354900101133,180.8,0,1,1
1-4-6,0.5859229010085015,2026-07-20,5,0,0.02,2000,5頭展開,1860,202607200510,0,37.669000000000004,1.5116810846019342,0.011718458020170032,129.0,0,1,1
3-4-6,0.5281683363681037,2026-07-20,5,0,0.02,2000,5頭展開,2000,202607201010,0,40.520999999999994,4.953162658460077,0.010563366727362074,468.90000000000003,0,1,3
2-1-3,0.5427415824180962,2026-07-20,5,0,0.02,2000,5頭展開,23300,202607201206,0,41.696000000000005,1.443692609232136,0.010854831648361925,133.0,0,1,2
1-2-5,0.7988361553841126,2026-07-20,5,0,0.02,2000,5頭展開,760,202607202011,0,46.905333333333346,3.8008624273176075,0.01597672310768225,237.9,0,1,1
1-2-3,0.8083091824279979,2026-07-20,5,0,0.02,2000,5頭展開,500,202607202211,0,41.18666666666666,2.260032474068682,0.016166183648559956,139.8,0,1,1
1-5-4,0.5318500402406521,2026-07-21,3,0,0.20144534936355768,2000,3まくり,7650,202607212303,0,52.647666666666666,1.2755803622369717,0.10713871716530037,11.905876754795615,0,12,1
1-3-2,0.5221534308051651,2026-07-21,3,0,0.15191846046178692,2000,3まくり,770,202607212305,0,45.75433333333333,2.403217692185538,0.07932474533276086,30.2959395848576,0,11,1
4-2-6,0.696027560833615,2026-07-21,5,0,0.10088313816297594,2000,5頭展開,8220,202607210510,0,54.22100000000001,7.997766938210624,0.07021744458481673,113.89999999999999,0,1,4
5-3-6,0.8233747215299357,2026-07-21,5,1,0.08980565494983511,2000,5頭展開,28400,202607210904,0,48.72,17.646665469388378,0.07394370613613398,238.65000000000003,0,2,5
1-4-2,0.6974756299758312,2026-07-21,5,0,0.12634113716814896,2000,5頭展開,2770,202607211502,0,64.59100000000001,3.4631106645619516,0.0881198642382176,39.3,0,1,1
4-1-6,0.9096110560764104,2026-07-21,5,0,0.143186630118075,2000,5頭展開,11640,202607211604,0,72.43766666666666,2.422052040509699,0.13024414183772454,18.596245530393325,0,2,4
1-3-2,0.8244494088902048,2026-07-21,5,0,0.10005972314725352,2000,5頭展開,960,202607211611,0,37.56966666666666,19.05615548817073,0.0824941796024707,231.0,0,1,1
3-2-1,0.9206376177244975,2026-07-21,5,0,0.1268490221207732,2000,5頭展開,10350,202607212204,0,58.45733333333334,6.882437506390337,0.11678198153595072,58.93407027240426,0,2,3
1-3-4,0.5014589717157303,2026-07-22,3,0,0.1521945309314546,2000,3まくり,620,202607220511,0,46.32033333333334,2.400583833186375,0.07631931298164513,31.454473833690272,0,11,1
1-2-4,0.7134785519462472,2026-07-22,5,0,0.12674544840230198,2000,5頭展開,790,202607220507,0,47.230333333333334,16.7024503657951,0.09043015899185221,184.7,0,1,1
1-3-4,0.6362089328113789,2026-07-22,5,0,0.11947253244793239,2000,5頭展開,2450,202607221312,0,44.163,23.958191994699945,0.0760094923689719,315.2,0,1,1
5-1-3,0.7313587656422448,2026-07-22,5,1,0.1396569597131605,2000,5頭展開,4080,202607221408,0,74.99366666666666,1.9508614258810664,0.10213934166916577,19.1,0,1,5
5-1-6,0.592141673072994,2026-07-22,5,1,0.13857334807923946,2000,5頭展開,1980,202607221506,0,60.044333333333334,1.7641836647617952,0.08205505417496722,21.5,0,1,5
1-5-4,0.6840844627997665,2026-07-22,5,0,0.11550589050589054,2000,5頭展開,1400,202607221507,0,51.82966666666666,8.225543224426493,0.07901578505693078,104.1,0,1,1
3-6-5,0.7793373975243729,2026-07-22,5,0,0.11588615289964405,2000,5頭展開,19960,202607222204,0,43.090666666666664,8.670183629752335,0.09031441280992016,96.0,0,1,3
3-5-4,0.6932053594507311,2026-07-22,5,0,0.1168022305940944,2000,5頭展開,32930,202607222210,0,43.36266666666666,20.233886267682237,0.0809679322436264,249.89999999999998,0,1,3
5-1-4,0.5777832200348123,2026-07-22,5,1,0.13651349169481664,2000,5頭展開,14240,202607222310,0,61.643000000000015,14.97051387286716,0.07887520480962676,189.8,0,1,5
4-6-1,0.5302948985881774,2026-07-23,3,0,0.2087293449979883,2000,3まくり,59990,202607230510,0,54.64300000000001,2.498629339790198,0.11068810683808489,22.573602631448068,0,10,4
1-3-4,0.5905396565171543,2026-07-23,3,0,0.19333343331717776,2000,3まくり,450,202607230812,0,51.778000000000006,1.3341245420552963,0.11417105930440831,11.685312812051519,0,12,1
3-1-4,0.5259588464121718,2026-07-23,3,1,0.24174704281840745,2000,3まくり,1230,202607231305,0,68.373,1.2588539122599531,0.12714899576432348,9.900620171576477,0,11,3
3-4-6,0.5026077792776665,2026-07-23,3,1,0.17911790929404647,2000,3まくり,1520,202607231908,3040,29.80833333333333,1.636751460766197,0.0900260546191392,18.180864058639195,1,14,3
4-3-2,0.5421945279719826,2026-07-23,3,0,0.3147700326188799,2000,3まくり,4300,202607232404,0,87.59366666666666,1.2771653793041935,0.17066658925551917,7.483394288685542,0,12,4
1-3-4,0.5107421764259008,2026-07-23,3,0,0.1756177039615463,2000,3まくり,650,202607232412,0,28.367666666666672,1.5591749111189346,0.0896953683402397,17.383003603982612,0,13,1
1-2-4,0.8492720892675268,2026-07-23,5,0,0.15261618823431383,2000,5頭展開,1350,202607230304,0,43.793000000000006,27.451963302206437,0.12961266903780186,211.8,0,1,1
3-4-1,0.5886018234165868,2026-07-23,5,0,0.15798842291848583,2000,5頭展開,1490,202607230904,0,50.44266666666667,30.845537222289945,0.09299227380853164,331.7,0,1,3
1-2-4,0.680193111531002,2026-07-23,5,0,0.15744383063568784,2000,5頭展開,1780,202607230911,0,50.94799999999999,16.631420065689973,0.10709220905144862,155.3,0,1,1
1-5-4,0.6256108330750949,2026-07-23,5,0,0.21541340942580994,2000,5頭展開,1570,202607232107,0,65.86533333333333,7.50640841272201,0.13476496252642747,55.699999999999996,0,1,1
1-2-5,0.5982301454841482,2026-07-23,5,0,0.14862986943165407,2000,5頭展開,1670,202607232210,0,40.99466666666667,13.283881340960223,0.08891486841338837,149.4,0,1,1
1-3-2,0.5001589074531667,2026-07-24,3,0,0.16152058341690928,2000,3まくり,1160,202607240310,0,42.47000000000001,1.3582841021293783,0.08078595853299943,16.81336864468281,0,9,1
3-1-6,0.5377508074100632,2026-07-24,3,1,0.20478510482096335,2000,3まくり,4300,202607241204,0,53.576,2.3024593022753623,0.11012335546302747,20.908001691324998,0,9,3
1-3-4,0.6938146882434906,2026-07-24,3,0,0.24788319083432608,2000,3まくり,470,202607241707,0,67.86600000000001,1.279128494672647,0.17198499876951964,7.43744224103424,0,11,1
1-2-4,0.5158928545481338,2026-07-24,3,0,0.2589446879330621,2000,3まくり差し,18200,202607241406,0,69.554,1.5482461752627712,0.1335877142278631,11.589734761251309,0,12,1
3-1-5,0.8425448642409024,2026-07-24,5,0,0.13694513971209218,2000,5頭展開,8480,202607240109,0,48.23900000000001,16.441995440972597,0.11538242414717612,142.5,0,1,3
2-1-4,0.7095311306632611,2026-07-24,5,0,0.13095983880449275,2000,5頭展開,2030,202607241304,0,51.05900000000001,8.242011317610755,0.09292008249843016,88.7,0,1,2
5-3-1,0.6729529836444262,2026-07-24,5,1,0.19943644454170764,2000,5頭展開,22060,202607241305,0,58.575,4.912135424705086,0.1342113504017783,36.6,0,1,5
1-2-5,0.833448062880719,2026-07-24,5,0,0.18309609544091052,2000,5頭展開,390,202607241311,0,57.447,5.90566203076388,0.1526010860662501,38.7,0,1,1
4-5-2,0.9550641746020134,2026-07-24,5,0,0.12904401074008798,2000,5頭展開,30260,202607241507,0,44.835,7.321906829494354,0.12324531160481549,59.40921187308086,0,2,4
1-4-2,0.6000425154475608,2026-07-24,5,0,0.1353385737609129,2000,5頭展開,580,202607241906,0,37.21,14.934316385707694,0.08120889823658343,183.9,0,1,1
1-6-5,0.6720580967046853,2026-07-24,5,0,0.1899685812330094,2000,5頭展開,5150,202607242208,0,57.92533333333334,9.575244235285927,0.1276699231371457,75.0,0,1,1
1-2-6,0.5423308723986735,2026-07-24,5,0,0.1309026350315535,2000,5頭展開,1200,202607242209,0,45.50533333333333,20.78661578694145,0.07099254025594758,292.8,0,1,1
1-2-3,0.5325819495417704,2026-07-25,3,0,0.16375603178049142,2000,3まくり,1070,202607250803,0,42.297999999999995,3.4070767615280495,0.08721350665487823,39.065930177656455,0,10,1
3-1-5,0.5065314718825457,2026-07-25,3,1,0.1675188336910826,2000,3まくり,3570,202607251210,0,47.896,1.360659275889684,0.08485356139759145,16.035382056790205,0,10,3
3-4-1,0.519023904729786,2026-07-25,3,1,0.18120304367158377,2000,3まくり,6290,202607251305,18870,32.082,1.4854641860718008,0.09404871127534735,15.794625635249721,1,13,3
1-3-4,0.51248131687971,2026-07-25,3,0,0.2088397045407018,2000,3まくり,2020,202607251502,0,60.73366666666667,1.6570055784917728,0.10702644679978841,15.482206763263756,0,9,1
3-1-4,0.5864618007806919,2026-07-25,3,1,0.21294203386738764,2000,3まくり,1920,202607252011,0,62.38933333333334,1.9659885446780911,0.12488236864377122,15.742723060339303,0,10,3
4-5-6,0.6522521297064701,2026-07-25,5,0,0.2072907628287893,2000,5頭展開,1200,202607250204,0,63.02766666666668,14.42646329056349,0.1352058415235566,106.7,0,1,4
1-2-6,0.7336025004085021,2026-07-25,5,0,0.15555555555555556,2000,5頭展開,1750,202607250211,0,27.317000000000004,2.0997333789470014,0.11411594450798922,18.4,0,1,1
1-5-4,0.6664212844066819,2026-07-25,5,0,0.11790687763157605,2000,5頭展開,1380,202607250306,0,46.081,6.592497272572615,0.07857565283161638,83.9,0,1,1
4-1-2,0.9040883057855644,2026-07-25,5,0,0.11575178728998219,2000,5頭展開,6970,202607250408,0,45.135,8.398722376716979,0.10464983726265102,80.25547479484175,0,2,4
1-2-5,0.8615441386260223,2026-07-25,5,0,0.15419696252635204,2000,5頭展開,760,202607251408,0,88.87633333333333,1.6605936157314376,0.132847489258515,12.5,0,1,1
1-4-3,0.5684928503837211,2026-07-25,5,0,0.11973224131529804,2000,5頭展開,1510,202607252012,0,51.12133333333334,11.816417858521499,0.06806692314816531,173.6,0,1,1
,0.6663707817658442,2026-07-25,5,0,0.20216372757762507,2000,5頭展開,0,202607252412,0,63.51500000000001,27.36081984181069,0.13471600119059918,203.1,0,1,0
3-1-6,0.531273607556007,2026-07-26,3,1,0.30233963154760046,2000,3まくり,1000,202607260104,0,80.34933333333335,1.2388237341428037,0.16062506675944765,7.712518096556298,0,9,3
1-4-5,0.5345873108120904,2026-07-26,3,0,0.29845685708741765,2000,3まくり,860,202607261211,0,75.26300000000002,6.50531596857236,0.159551248623791,40.772579498336434,0,7,1
2-4-3,0.543542160365871,2026-07-26,3,0,0.17025743396953508,2000,3まくり差し,4450,202607260607,0,7.5969999999999995,1.2860258318783602,0.09254209347815073,13.89665808869984,0,8,2
4-6-2,0.6084647545181653,2026-07-26,5,0,0.09473273963264432,2000,5頭展開,6190,202607260312,0,41.705000000000005,17.551846848867402,0.057641533165410194,304.5,0,1,4
1-4-3,0.7532529558580816,2026-07-26,5,0,0.17697447452027226,2000,5頭展開,2230,202607261706,0,75.38566666666665,21.92892682420935,0.13330654604382583,164.5,0,1,1
1-3-2,0.6309607462831786,2026-07-26,5,0,0.09801410739644316,2000,5頭展開,1590,202607261712,0,45.75766666666667,16.883153837315053,0.061843054349139386,273.0,0,1,1
1-3-4,0.5041907124203302,2026-07-27,3,0,0.19279688400733555,2000,3まくり,1210,202607270107,0,51.088666666666676,1.6928482179739563,0.09720639830007828,17.414987568494173,0,9,1
1-5-2,0.502749017105469,2026-07-27,3,0,0.15361505466776942,2000,3まくり,1530,202607272003,0,24.458333333333336,1.495895488931186,0.07722981774682397,19.36940332858294,0,9,1
1-2-3,0.5083496181630117,2026-07-27,3,0,0.1343560957289742,2000,3まくり,640,202607272009,0,18.50133333333333,1.3430019810306184,0.06829986996169708,19.66331680841824,0,10,1
1-5-3,0.6296349146530565,2026-07-27,5,0,0.08827920337423005,2000,5頭展開,3430,202607270309,0,45.813,3.346136854666825,0.05558366868217316,60.20000000000001,0,1,1
5-1-6,0.8905343657028042,2026-07-27,5,1,0.15679802195257758,2000,5頭展開,11860,202607270611,130460,64.79433333333334,6.934643584562376,0.13963402702299305,49.66299212598425,1,2,5
1-2-4,0.6347537870628029,2026-07-27,5,0,0.08565734513725352,2000,5頭展開,1550,202607271012,0,43.611666666666665,7.073709280451803,0.054371324215617245,130.1,0,1,1
5-4-1,0.6600520659295607,2026-07-27,5,1,0.14066845020535812,2000,5頭展開,2610,202607271406,0,67.92966666666665,6.852219386283725,0.09284850116915616,73.8,0,1,5
1-2-5,0.9321802700253677,2026-07-27,5,0,0.0855090815941847,2000,5頭展開,1760,202607271910,0,43.25800000000001,4.11101918006499,0.0797098787700883,51.574776470588226,0,2,1
5-1-3,0.6892743015697177,2026-07-27,5,1,0.09467878728235708,2000,5頭展開,30120,202607272011,0,51.63066666666667,14.461539543017222,0.06525965497751454,221.6,0,1,5
4-5-1,0.5223147782797195,2026-07-28,3,0,0.22786514233204944,2000,3まくり,1230,202607281906,0,64.11666666666667,2.119229224708963,0.11901733129484113,17.80605565301246,0,10,4
1-4-3,0.5239142857579663,2026-07-28,3,0,0.17378699797767175,2000,3まくり,1020,202607281908,0,39.722,2.6058548447392216,0.09104949091949302,28.620202248504032,0,9,1
1-5-3,0.5409330080045331,2026-07-28,3,0,0.12693418955594885,2000,3まくり,2410,202607282012,0,20.56266666666667,1.4883382470967998,0.068662892975117,21.67602008316434,0,11,1
3-1-6,0.5092239876754948,2026-07-28,3,1,0.2685535888557794,2000,3まくり,700,202607282406,0,71.42133333333334,2.572137114218869,0.1367539294217053,18.808506088971107,0,10,3
1-2-3,0.5008628801084676,2026-07-28,3,0,0.21300805317830698,2000,3まくり,1250,202607282411,0,59.39766666666666,3.480349098475745,0.10668782700118445,32.62180134606271,0,7,1
5-4-6,0.5592541037661178,2026-07-28,5,1,0.10513946147202768,2000,5頭展開,12860,202607280304,0,40.521,7.044201100459737,0.058799675295991116,119.80000000000001,0,1,5
1-2-3,0.5092351695106814,2026-07-28,5,0,0.1408086083419662,2000,5頭展開,1610,202607281511,0,52.091,3.8433716808145193,0.07170469553758431,53.6,0,1,1
1-2-5,0.8213797376380935,2026-07-28,5,0,0.21764779873536252,2000,5頭展開,900,202607281712,0,66.71499999999999,21.07715888590348,0.17877149182276064,117.9,0,1,1
1-3-4,0.6049580900353926,2026-07-28,5,0,0.10115160425355472,2000,5頭展開,1000,202607282007,0,43.16266666666667,7.0738508398112785,0.06119248131324636,115.6,0,1,1
1-5-3,0.5386367419090227,2026-07-28,5,0,0.2123219926558015,2000,5頭展開,2410,202607282012,0,58.494666666666674,14.913121197311709,0.11436442635975236,130.4,0,1,1
1-6-5,0.5848235334270291,2026-07-29,3,0,0.15976299253239182,2000,3まくり,5840,202607291805,0,45.741,2.0099714401146125,0.09343315780366944,21.51239974504719,0,9,1
1-3-4,0.5209164938085862,2026-07-29,3,0,0.2826674994798412,2000,3まくり,350,202607291908,0,72.84266666666669,1.9381768385181957,0.14724616274267924,13.162834279798966,0,14,1
1-3-5,0.5242897912288306,2026-07-29,3,0,0.21400947912108353,2000,3まくり,700,202607292305,0,61.35433333333333,1.9320769319741486,0.11220298512938366,17.219478873456257,0,7,1
3-1-6,0.5052835277075267,2026-07-29,3,1,0.2100879600243592,2000,3まくり,2300,202607292405,0,54.663666666666664,1.8297733431007523,0.10615398556998606,17.23697262308069,0,10,3
1-2-3,0.8096285494079059,2026-07-29,5,0,0.17965072323440484,2000,5頭展開,500,202607290410,0,56.76566666666667,19.243081894046217,0.14545035445235235,132.3,0,1,1
3-1-2,0.7539662835594012,2026-07-29,5,0,0.1240601490783244,2000,5頭展開,3410,202607291111,0,41.10366666666667,11.59860902276278,0.09353716953840951,124.0,0,1,3
1-3-4,0.8311436830977657,2026-07-29,5,0,0.1201465909223908,2000,5頭展開,2350,202607291904,0,47.46333333333334,10.22556980130575,0.09985908009087646,102.4,0,1,1
1-2-5,0.6972583746719453,2026-07-29,5,0,0.22367731377946706,2000,5頭展開,1380,202607292410,0,62.795,10.886069441928683,0.15596088025685792,69.8,0,1,1
4-1-2,0.5494253325594105,2026-07-30,3,0,0.23131561594548514,2000,3まくり,6780,202607302206,0,64.81566666666669,1.2343203634233983,0.12709065921703305,9.712124958888962,0,9,4
2-4-1,0.7200343721876231,2026-07-30,5,0,0.1431182549269255,2000,5頭展開,4880,202607300412,0,53.920333333333325,14.365178759184644,0.10305006283489701,139.4,0,1,2
5-4-2,0.7637204260762425,2026-07-30,5,1,0.12009434721959666,2000,5頭展開,9330,202607301006,0,49.998333333333335,5.659031821921341,0.09171850602789856,61.7,0,1,5
5-6-3,0.9145336863047963,2026-07-30,5,1,0.1505949173229282,2000,5頭展開,25950,202607301106,0,54.721,9.449392833816464,0.13772412487810357,68.61102106969206,0,2,5
1-2-5,0.6321829718212205,2026-07-30,5,0,0.20873305482568932,2000,5頭展開,1040,202607301109,0,63.20500000000001,8.97310883835777,0.13195748291702603,68.0,0,1,1
4-2-1,0.7877614492354535,2026-07-30,5,0,0.2083699066771925,2000,5頭展開,6070,202607301609,0,63.65766666666668,4.825885922035792,0.16414577966108138,29.4,0,1,4
1-2-4,0.9202530139334958,2026-07-30,5,0,0.11963506121024417,2000,5頭展開,1690,202607301802,0,49.282000000000004,12.760097056464382,0.11009452565084545,115.90128556375132,0,2,1
1-3-4,0.6692607890775395,2026-07-30,5,0,0.13742891787698455,2000,5頭展開,930,202607301912,0,53.20866666666667,9.823013946981183,0.09197578602042306,106.8,0,1,1
1-2-5,0.858932443964968,2026-07-30,5,0,0.2030420696179779,2000,5頭展開,570,202607302408,0,67.09633333333333,4.447185237659212,0.17439942108467496,25.5,0,1,1
2-3-4,0.5644498330960039,2026-07-31,3,0,0.27249161569663527,2000,3まくり差し,13790,202607310803,0,71.028,1.4075185494873046,0.15380784700002623,9.15114915747481,0,9,2
1-4-6,0.5084508744048563,2026-07-31,3,0,0.28965571863277534,2000,3まくり,7070,202607311007,0,73.49133333333334,1.2430568337449601,0.14727570341520163,8.440338799404799,0,11,1
2-1-3,0.548507143997513,2026-07-31,3,0,0.1990012325103429,2000,3まくり,7380,202607311507,0,51.49566666666668,2.3899918104382354,0.10915359769623321,21.89567600959351,0,8,2
2-3-1,0.5173102622396448,2026-07-31,3,0,0.16541893213292747,2000,3まくり,30920,202607311612,0,42.28900000000001,2.895007347180194,0.08557291116108671,33.83088535728892,0,8,2
1-3-6,0.5203922388015615,2026-07-31,3,0,0.2009904612688246,2000,3まくり,870,202607312010,0,51.74933333333333,1.598247205290893,0.10459387611744217,15.280504601400539,0,11,1
4-1-2,0.7091413440822444,2026-07-31,5,0,0.11824823497465432,2000,5頭展開,9230,202607310112,0,41.561666666666675,12.745916267362473,0.08385471228527942,152.0,0,1,4
4-1-5,0.8022155735872627,2026-07-31,5,0,0.2022890176866641,2000,5頭展開,2800,202607310511,0,64.649,10.0450948819071,0.16227940035391117,61.9,0,1,4
3-5-6,0.6040375484060093,2026-07-31,5,0,0.12413049439282092,2000,5頭展開,20940,202607311005,0,40.742333333333335,18.70738013910863,0.07497947951546544,249.50000000000003,0,1,3
1-2-3,0.6546042208061426,2026-07-31,5,0,0.15919517992371895,2000,5頭展開,1210,202607311103,0,25.783666666666665,25.343832287886524,0.10420983671005972,243.20000000000002,0,1,1
1-4-5,0.7282395468643801,2026-07-31,5,0,0.21375554970838373,2000,5頭展開,2670,202607311104,0,60.191666666666656,9.153116385971535,0.15566524465937984,58.8,0,1,1
1-4-3,0.6118271346479666,2026-07-31,5,0,0.11673279503947302,2000,5頭展開,1340,202607311312,0,44.935,6.8134958099060485,0.07142029150844914,95.4,0,1,1
1-2-4,0.8033747427978833,2026-07-31,5,0,0.2038706007663932,2000,5頭展開,1080,202607311511,0,58.524333333333345,16.37844914547511,0.1637844914547511,100.0,0,1,1
1-5-2,0.7917799410121908,2026-07-31,5,0,0.1355500099661784,2000,5頭展開,1940,202607312202,0,38.449333333333335,10.990159758870796,0.1073257788952226,102.4,0,1,1
5-1-4,0.949119602354128,2026-07-31,5,1,0.1193888088518291,2000,5頭展開,18450,202607312304,0,45.736333333333334,6.631183338843772,0.11331425878298103,58.52029047415635,0,2,5
1-3-4,0.5005898970881998,2026-08-01,3,0,0.178680625330493,2000,3まくり,610,202608010811,0,36.14433333333333,1.3727506093718422,0.08944571584584668,15.347304187689438,0,10,1
2-1-4,0.5091686729582862,2026-08-01,3,0,0.1692099835944421,2000,3まくり,10260,202608011805,0,26.740000000000002,1.5499619042024295,0.08615642279807545,17.99009120695587,0,9,2
3-6-4,0.5319131552925351,2026-08-01,5,0,0.15082857313494039,2000,5頭展開,91580,202608010505,0,50.733000000000004,5.736280710480108,0.08022770224447703,71.5,0,1,3
1-4-6,0.5483570525171493,2026-08-01,5,0,0.19684543440746094,2000,5頭展開,970,202608011005,0,59.466333333333345,16.871269299912708,0.10794158221313312,156.3,0,1,1
1-4-6,0.7091411825064794,2026-08-01,5,0,0.15079178976582536,2000,5頭展開,4860,202608011109,0,50.70500000000001,18.52073811609877,0.10693266810680584,173.2,0,1,1
5-2-1,0.7078814032505409,2026-08-01,5,1,0.14887039544557462,2000,5頭展開,12310,202608011112,0,49.63166666666667,13.394126481113538,0.10538258443047631,127.1,0,1,5
4-6-5,0.5509373266621109,2026-08-01,5,0,0.14794375788886607,2000,5頭展開,2310,202608011308,0,26.351000000000003,12.870071904040111,0.08150773846763845,157.9,0,1,4
5-4-1,0.8613070501461728,2026-08-01,5,1,0.20598603922031833,2000,5頭展開,1220,202608011603,0,71.203,3.4299852469250487,0.17741722781214625,19.332875894988067,0,2,5
1-4-6,0.5432652460454857,2026-08-01,5,0,0.1589505725905501,2000,5頭展開,1060,202608011607,0,53.156333333333336,13.03920061104888,0.08635232192747602,151.0,0,1,1
1-5-6,0.6110516682763719,2026-08-01,5,0,0.20403991707405827,2000,5頭展開,1640,202608012003,0,72.79466666666667,4.8749462303722675,0.1246789317230759,39.1,0,1,1
5-4-6,0.7221250278991891,2026-08-01,5,1,0.1956295874659866,2000,5頭展開,12730,202608012012,0,75.23333333333333,6.145202426845035,0.14126902130678243,43.5,0,1,5
1-6-2,0.5113532515411285,2026-08-02,3,0,0.20524759537054577,2000,3まくり,25400,202608020612,0,52.584666666666664,1.9820179819503503,0.10495402526372646,18.884630455763592,0,13,1
1-3-5,0.5431499883250808,2026-08-02,3,0,0.17548916540105242,2000,3まくり,830,202608021307,0,48.34800000000001,2.4376369432619445,0.09531693813875979,25.57401644305128,0,12,1
5-4-1,0.7732072793026373,2026-08-02,5,1,0.25131504310702407,2000,5頭展開,7510,202608020110,0,72.13366666666667,10.68752414007339,0.1943186207286071,55.0,0,1,5
1-3-2,0.7503090719063932,2026-08-02,5,0,0.20503177010901294,2000,5頭展開,2830,202608020512,0,65.70366666666668,13.737661704764388,0.15383719714181845,89.3,0,1,1
4-2-5,0.8198838351119965,2026-08-02,5,0,0.20331943550072892,2000,5頭展開,5280,202608020609,0,64.80233333333334,11.385495155677123,0.16669831853114384,68.3,0,1,4
1-2-4,0.954132647838732,2026-08-02,5,0,0.1616902364025355,2000,5頭展開,560,202608020810,0,32.830999999999996,6.357942440936491,0.1542739333884217,41.21203304597701,0,2,1
1-4-2,0.8940487885559546,2026-08-02,5,0,0.15908345817524328,2000,5頭展開,2370,202608021103,0,48.35033333333333,17.64080620821036,0.14222837306086814,124.03155452436197,0,2,1
1-2-3,0.7210339667439178,2026-08-02,5,0,0.12681394763500975,2000,5頭展開,930,202608021112,0,42.25833333333333,18.46116335137859,0.09143716370172655,201.9,0,1,1
1-3-5,0.7570430327633921,2026-08-02,5,0,0.13601390815255007,2000,5頭展開,2200,202608022206,0,38.224000000000004,2.3270854224832607,0.10296838152580798,22.6,0,1,1
2-3-5,0.5725395193202372,2026-08-03,3,0,0.2126729647677007,2000,3まくり,1580,202608030102,0,54.074,1.454800582279192,0.1217636770205091,11.94773858573731,0,9,2
1-3-4,0.5170021555733993,2026-08-03,3,0,0.31182409640812564,2000,3まくり,610,202608030411,0,82.21433333333336,2.1977793859120127,0.16121373000272846,13.632706010057683,0,7,1
1-4-5,0.5093277242572485,2026-08-03,3,0,0.2792964003194699,2000,3まくり,2910,202608031301,0,72.24300000000001,1.2961850323818263,0.14225339996795705,9.111803532806915,0,12,1
1-6-3,0.8434072953770062,2026-08-03,5,0,0.16137901419949566,2000,5頭展開,5730,202608030611,0,50.869,25.54683000838532,0.13610823789660412,187.6949580949847,0,2,1
4-5-6,0.6200372362204314,2026-08-03,5,0,0.26969018089784336,2000,5頭展開,7090,202608031304,0,72.271,25.149580341712923,0.16721795439968698,150.4,0,1,4
5-4-6,0.9019580552537124,2026-08-03,5,1,0.1953429416066207,2000,5頭展開,9050,202608031707,0,61.86833333333334,8.263364452823309,0.1761911397190471,46.9,0,1,5
4-1-5,0.5109304341095589,2026-08-03,5,0,0.1831217004139014,2000,5頭展開,3800,202608031902,0,57.467333333333336,2.8536547215643346,0.09356244988735524,30.5,0,1,4
6-1-2,0.9413508184448292,2026-08-03,5,0,0.2284705352373103,2000,5頭展開,7610,202608032006,0,68.752,6.117366452127687,0.21507092533617025,28.44348413234301,0,2,6
1-3-2,0.5847226695800206,2026-08-03,5,0,0.1337947998567778,2000,5頭展開,1170,202608032010,0,44.980000000000004,13.268291792171272,0.07823285254817967,169.6,0,1,1
4-1-2,0.6830848108962844,2026-08-03,5,0,0.12586169481661735,2000,5頭展開,7540,202608032309,0,39.541666666666664,4.685594554157773,0.08597421200289491,54.5,0,1,4
1-3-6,0.560536269283735,2026-08-04,3,0,0.21794875102230635,2000,3まくり,1110,202608040503,0,60.089,2.193410136559861,0.12216817979309323,17.95402158135342,0,8,1
4-5-2,0.5213713202264135,2026-08-04,3,0,0.22690701329319354,2000,3まくり,16220,202608040612,0,63.795000000000016,5.91031690412459,0.11830280908930468,49.95922708532641,0,10,4
3-1-2,0.5074928699107427,2026-08-04,3,1,0.30620422474580505,2000,3まくり,1760,202608041003,0,86.16433333333333,1.4137738627068497,0.15539646079504266,9.097851105962581,0,9,3
3-4-5,0.5147661552560057,2026-08-04,3,1,0.21407434324839142,2000,3まくり,5650,202608041706,16950,56.95433333333334,1.4345565910117952,0.1101982266129289,13.017964400195595,1,11,3
1-2-4,0.6363429278461442,2026-08-04,5,0,0.20891080947086932,2000,5頭展開,2710,202608041004,0,60.37833333333333,14.237757920457645,0.13293891615740097,107.10000000000001,0,1,1
2-4-1,0.908229857792842,2026-08-04,5,0,0.20269359170186563,2000,5頭展開,11670,202608041005,0,65.11300000000001,3.5529827789612822,0.1840923719669058,19.3,0,1,2
4-1-3,0.7637927794372523,2026-08-04,5,0,0.2503697725961891,2000,5頭展開,2590,202608041208,0,71.08900000000001,35.89616129361232,0.19123062449831607,187.71136363636367,0,2,4
1-3-6,0.7285871766466375,2026-08-04,5,0,0.1597313210745614,2000,5頭展開,3250,202608041212,0,52.77299999999999,15.245543183931542,0.11637819224375223,131.0,0,1,1
1-3-6,0.5076082380349576,2026-08-05,3,0,0.2179996631888598,2000,3まくり,580,202608050609,0,54.95633333333335,1.3433925220685197,0.11065842492351133,12.139993163621222,0,12,1
3-1-4,0.5876201005738262,2026-08-05,3,1,0.30648143637331965,2000,3まくり,1720,202608051707,0,76.08033333333334,1.5525974929715363,0.1800946524657008,8.621008295997184,0,13,3
5-4-6,0.9152654196750314,2026-08-05,5,1,0.20377394049476885,2000,5頭展開,1430,202608050401,0,77.97233333333334,4.326554846094134,0.1865072411657795,23.19778481012658,0,2,5
5-1-3,0.7477660270619884,2026-08-05,5,1,0.1906359068253955,2000,5頭展開,20600,202608050407,0,78.85233333333333,10.748349521528779,0.14255105466218537,75.4,0,1,5
1-2-6,0.6011763766869864,2026-08-05,5,0,0.2429168950710657,2000,5頭展開,1970,202608050610,0,75.00633333333334,14.501364752317203,0.14603589881487616,99.3,0,1,1
1-4-3,0.5938824122023268,2026-08-05,5,0,0.18964634502472433,2000,5頭展開,1210,202608050611,0,63.88100000000001,10.316690802535243,0.11262762884863803,91.6,0,1,1
2-4-1,0.813531952840476,2026-08-05,5,0,0.17259334538367796,2000,5頭展開,5100,202608050907,0,56.44533333333334,9.323237367465685,0.1404102013172543,66.4,0,1,2
4-1-3,0.71960315502058,2026-08-05,5,0,0.17402459177404775,2000,5頭展開,3950,202608051402,0,56.82966666666667,9.579991364820653,0.12522864529177324,76.5,0,1,4
1-3-2,0.9319408737760101,2026-08-05,5,0,0.14566156724738968,2000,5頭展開,1000,202608051712,0,31.955,6.9393926885084545,0.1357479682561154,51.11967993079585,0,2,1
1-3-4,0.6414936249303079,2026-08-05,5,0,0.15504527807702848,2000,5頭展開,1230,202608052110,0,53.308,11.447910163871665,0.0994605574619606,115.1,0,1,1
1-5-6,0.5165058376591887,2026-08-06,3,0,0.22329355908320017,2000,3まくり,2080,202608060211,0,63.147666666666666,4.379113336820421,0.11533242677816984,37.969489233441685,0,8,1
5-1-3,0.502692463976018,2026-08-06,3,0,0.2262863312645052,2000,3まくり,3180,202608061204,0,63.59600000000001,1.7105546041364426,0.11375243342744755,15.037520979517783,0,10,5
4-5-1,0.7625138443475219,2026-08-06,5,0,0.13835287909674945,2000,5頭展開,3570,202608060404,0,46.72833333333334,9.881507722042723,0.10549598571661033,93.66714434601356,0,2,4
1-2-4,0.5991092239628477,2026-08-06,5,0,0.12353139789988339,2000,5頭展開,5980,202608061005,0,44.14633333333333,1.420968958672222,0.0740087999308449,19.2,0,1,1
1-3-4,0.7204061391660771,2026-08-06,5,0,0.19609431880054085,2000,5頭展開,1530,202608061012,0,62.021,12.756459866090806,0.1412675511194995,90.3,0,1,1
4-5-1,0.7215745307687838,2026-08-06,5,0,0.16288501168599093,2000,5頭展開,2400,202608061210,0,55.401,9.249900291487378,0.11753367587658677,78.7,0,1,4
1-3-2,0.8702807379292757,2026-08-06,5,0,0.12048959906381161,2000,5頭展開,2940,202608061408,0,39.60033333333333,3.5023165580142885,0.10485977718605655,33.4,0,1,1
1-3-4,0.6507862845562347,2026-08-06,5,0,0.13733547174670635,2000,5頭展開,1380,202608061810,0,46.650000000000006,19.707417127777596,0.08937604139581676,220.5,0,1,1
1-2-5,0.7027079467794777,2026-08-06,5,0,0.1488952003386054,2000,5頭展開,890,202608061912,0,48.58866666666667,6.581216968409879,0.10462984051526039,62.900000000000006,0,1,1
3-4-6,0.5482135843570364,2026-08-07,3,1,0.2728981768997983,2000,3まくり,15920,202608071003,31840,70.79866666666668,1.8486981430686282,0.149606487722739,12.35707201745664,1,13,3
2-1-3,0.5152083490989272,2026-08-07,3,0,0.21450406252672838,2000,3まくり,27720,202608071707,0,53.085666666666675,4.3894122262569315,0.11051428392940879,39.71805336096352,0,9,2
5-2-1,0.9370586606196363,2026-08-07,5,1,0.14246476361378593,2000,5頭展開,6090,202608070401,0,49.995000000000005,3.208127236693723,0.13349784057742733,24.031304347826083,0,2,5
2-1-3,0.574762995696268,2026-08-07,5,0,0.11589971306654336,2000,5頭展開,9520,202608070405,0,44.72166666666667,7.0078839329152505,0.06661486628246435,105.2,0,1,2
3-4-2,0.6120499385624547,2026-08-07,5,0,0.17949856619299706,2000,5頭展開,9810,202608071201,0,59.248999999999995,7.76724950922041,0.10986208641047256,70.7,0,1,3
4-6-5,0.5994415464212722,2026-08-07,5,0,0.17120675548462003,2000,5頭展開,8050,202608071802,0,58.294000000000004,21.80854398141222,0.10262844226546926,212.50000000000003,0,1,4
5-1-2,0.8751546357305434,2026-08-07,5,1,0.1644538221124951,2000,5頭展開,1330,202608072002,26600,57.58000000000001,2.504251931265198,0.14392252478535622,17.4,1,1,5
1-5-2,0.8966905648482248,2026-08-07,5,0,0.2384614771107752,2000,5頭展開,1920,202608072006,0,71.292,10.034097864627775,0.21382615660500306,46.926428571428566,0,2,1
5-4-2,0.9669257869973078,2026-08-07,5,1,0.1845759614499591,2000,5頭展開,26400,202608072402,0,65.94166666666668,1.4819878529949764,0.17847125678578646,8.303790087463556,0,2,5
1-3-6,0.5276427845258197,2026-08-08,3,0,0.31162180742711815,2000,3まくり,490,202608080508,0,75.91766666666666,1.7350282862298267,0.16442499818981338,10.55209551668596,0,11,1
1-3-2,0.5244052429534874,2026-08-08,3,0,0.18595731430968235,2000,3まくり,530,202608081003,0,33.26233333333333,1.433824570768919,0.097516990589547,14.70333079497854,0,11,1
3-1-6,0.5515388536956289,2026-08-08,3,1,0.20949579330573104,2000,3まくり,3440,202608081203,0,52.40600000000001,2.3317764164111447,0.11554506969389931,20.180665627607134,0,10,3
1-3-4,0.5412710098846305,2026-08-08,3,0,0.272849291206151,2000,3まくり,490,202608081706,0,70.24600000000002,2.5454207927304044,0.14768541139745897,17.23542473589372,0,8,1
4-3-5,0.8110874577828481,2026-08-08,5,0,0.16137582025744523,2000,5頭展開,33170,202608080204,0,50.20500000000001,3.9005191332469464,0.1308899038002331,29.8,0,1,4
1-4-2,0.7188229288087358,2026-08-08,5,0,0.13240821406736797,2000,5頭展開,2570,202608080211,0,45.66766666666667,4.901670102063335,0.0951780602342395,51.50000000000001,0,1,1
5-4-1,0.6775468566260298,2026-08-08,5,1,0.11260245882342122,2000,5頭展開,8500,202608080405,0,42.349666666666664,10.261467952251,0.076293442024171,134.5,0,1,5
1-3-5,0.8595879589572682,2026-08-08,5,0,0.1713673375472605,2000,5頭展開,3460,202608080412,0,54.66966666666666,10.414484703933296,0.1473052999141909,70.7,0,1,1
1-2-5,0.5588754714566815,2026-08-08,5,0,0.2127606005263772,2000,5頭展開,4060,202608081007,0,67.449,9.58387848268281,0.11890668092658574,80.6,0,1,1
3-1-6,0.8201830774893644,2026-08-08,5,0,0.1396842748467142,2000,5頭展開,23420,202608081210,0,35.473000000000006,10.654701093120286,0.11456667842064826,92.99999999999999,0,1,3
2-1-4,0.645539435203383,2026-08-08,5,0,0.17462223089656698,2000,5頭展開,4140,202608081405,0,55.72966666666667,16.074661477367446,0.11272553630692458,142.6,0,1,2
5-1-4,0.6714735271296272,2026-08-08,5,1,0.14903699166893022,2000,5頭展開,2300,202608081603,0,48.084333333333326,1.8413688582245478,0.10007439446872543,18.4,0,1,5
4-6-1,0.7494354935118468,2026-08-08,5,0,0.20749950103933212,2000,5頭展開,49660,202608081612,0,65.855,15.255284863654124,0.15550749096487385,98.1,0,1,4
5-2-1,0.741501331270823,2026-08-08,5,1,0.17437632370247036,2000,5頭展開,17620,202608081710,0,55.60433333333334,9.2708298012093,0.12930027616749373,71.7,0,1,5
4-5-1,0.5688818670409616,2026-08-08,5,0,0.20092962733841901,2000,5頭展開,9490,202608081807,0,60.234,17.6372956842584,0.11430522154412444,154.3,0,1,4
1-3-5,0.6168363698488429,2026-08-08,5,0,0.13765218003646948,2000,5頭展開,1270,202608081808,0,46.658,7.539907747950198,0.0849088710354752,88.8,0,1,1
1-3-5,0.5426008146410122,2026-08-09,3,0,0.1889830566309158,2000,3まくり,1150,202608091208,0,49.29900000000001,1.6162205155483071,0.10254236048128346,15.761491231161076,0,13,1
3-1-4,0.5373135433631215,2026-08-09,3,1,0.18086767758210023,2000,3まくり,1940,202608091311,0,35.296,1.396924953669431,0.0971826527214969,14.374221268405755,0,14,3
5-1-4,0.8114733978759872,2026-08-09,5,1,0.17153977814901442,2000,5頭展開,4250,202608090310,0,50.13700000000001,8.574717945361183,0.13919996664547374,61.60000000000001,0,1,5
1-4-5,0.6046655790870411,2026-08-09,5,0,0.19291798639721938,2000,5頭展開,1570,202608090502,0,58.401,2.1113806738973686,0.11665086596118057,18.1,0,1,1
2-4-1,0.6639413755906066,2026-08-09,5,0,0.2576235837180376,2000,5頭展開,7320,202608090503,0,73.013,21.654544700285296,0.1710469565583357,126.59999999999998,0,1,2
2-4-5,0.7442436077433647,2026-08-09,5,0,0.18867859929910172,2000,5頭展開,2610,202608090506,0,57.67966666666666,25.360365165206865,0.14042284144632816,180.6,0,1,2
5-4-1,0.8390370519280587,2026-08-09,5,1,0.22895101798880746,2000,5頭展開,4800,202608090907,0,70.10133333333334,17.903569684174748,0.19209838716925695,93.2,0,1,5
1-2-3,0.8371061965886548,2026-08-09,5,0,0.20008155917668263,2000,5頭展開,380,202608090910,0,65.36133333333335,17.016934521807936,0.16748951300992065,101.6,0,1,1
1-2-3,0.8725775716469821,2026-08-09,5,0,0.1688488160820968,2000,5頭展開,1280,202608091203,0,48.997,20.211873314882006,0.1473336899123839,137.1843284920208,0,2,1
2-4-5,0.8351713338366962,2026-08-09,5,0,0.20003601729137777,2000,5頭展開,1330,202608091301,0,65.347,31.675400262607223,0.16706434737662038,189.6,0,1,2
3-1-2,0.7560150397939905,2026-08-09,5,0,0.2547224635185416,2000,5頭展開,5820,202608091310,0,72.239,9.705730275027035,0.19257401339339353,50.400000000000006,0,1,3
3-5-1,0.7334900721249319,2026-08-09,5,0,0.14128746039297913,2000,5頭展開,39430,202608091511,0,44.702999999999996,5.160920885796936,0.10363294951399471,49.8,0,1,3
4-1-6,0.6554696072907799,2026-08-09,5,0,0.15794493300193724,2000,5頭展開,10400,202608091603,0,47.49366666666666,9.120825892655487,0.10352810320834833,88.1,0,1,4
2-6-1,0.7172191727598941,2026-08-09,5,0,0.15556564918409657,2000,5頭展開,9830,202608091810,0,30.682,9.361114495662818,0.11157466621767363,83.9,0,1,2
1-3-2,0.659138671185403,2026-08-09,5,0,0.14398266673935092,2000,5頭展開,820,202608091811,0,35.246,14.90001334964412,0.0949045436283065,157.0,0,1,1
1-3-2,0.657357824737079,2026-08-09,5,0,0.17259975068234218,2000,5頭展開,930,202608091812,0,52.406,31.31490387780303,0.11345979665870663,276.0,0,1,1
4-3-1,0.5670972926777796,2026-08-09,5,0,0.2653419725643366,2000,5頭展開,27230,202608092404,0,74.42166666666668,14.70137958466916,0.15047471427501696,97.70000000000002,0,1,4
3-4-1,0.5358387011011858,2026-08-10,3,1,0.22874192706494886,2000,3まくり,10230,202608100808,20460,64.08500000000001,1.72775569429731,0.12256877708586437,14.096213859480278,1,13,3
1-4-3,0.5172350185675461,2026-08-10,3,0,0.16080791262767258,2000,3まくり,450,202608101307,0,45.470000000000006,1.4449244431552888,0.08317548367378255,17.371999287943286,0,11,1
1-3-6,0.5408034457470184,2026-08-10,3,0,0.3163221814662057,2000,3まくり,2480,202608101310,0,81.47200000000001,3.1476481987800646,0.1710681257031377,18.399968935430564,0,12,1
1-3-5,0.5019757091625758,2026-08-10,3,0,0.21499703785905933,2000,3まくり差し,2370,202608101608,0,53.05900000000002,2.0399272096499828,0.10792329054715447,18.90164022342041,0,9,1
3-1-5,0.5078156541523919,2026-08-10,3,1,0.26831273904451436,2000,3まくり,2640,202608102007,0,69.77033333333335,1.6998352852742435,0.13625340909531009,12.47554315565931,0,13,3
1-3-2,0.5110674717244227,2026-08-10,3,0,0.24478669511129078,2000,3まくり,1160,202608102105,0,66.47933333333333,2.4203769740760563,0.1251025173823045,19.347148440503037,0,11,1
1-2-4,0.5224273968804555,2026-08-10,3,0,0.17711607470842686,2000,3まくり差し,1290,202608101801,0,38.88900000000001,1.7435625333202966,0.09253028985560773,18.8431543448216,0,9,1
1-2-4,0.8947581779941332,2026-08-10,5,0,0.17357518386952567,2000,5頭展開,860,202608100507,0,51.285000000000004,35.72079751074149,0.15530781526409343,230.0,0,1,1
5-4-2,0.7439549279787705,2026-08-10,5,1,0.12692332577774917,2000,5頭展開,13650,202608100511,0,39.293,5.826036918537965,0.09442523368781142,61.7,0,1,5
1-3-5,0.7418605411239159,2026-08-10,5,0,0.1737852990381196,2000,5頭展開,860,202608100811,0,51.69300000000001,22.252361102804045,0.12892445598380095,172.6,0,1,1
1-3-5,0.5853928078002593,2026-08-10,5,0,0.14040936929933673,2000,5頭展開,1860,202608101301,0,31.899,2.391863876626026,0.08219463493560225,29.100000000000005,0,1,1
1-3-2,0.709638128106302,2026-08-10,5,0,0.12474885417171919,2000,5頭展開,910,202608101410,0,41.53900000000001,10.578921931260071,0.08852654335782485,119.50000000000001,0,1,1
4-1-5,0.5633165372836669,2026-08-10,5,0,0.1795991230139401,2000,5頭展開,2030,202608101607,0,55.175000000000004,5.695936087044798,0.10117115607539608,56.29999999999999,0,1,4
1-3-6,0.5816547655702655,2026-08-10,5,0,0.16918528608995992,2000,5頭展開,3330,202608101805,0,48.73799999999999,28.193728098677166,0.09840742791859394,286.5,0,1,1
1-3-6,0.5677565109491813,2026-08-10,5,0,0.14791798677253723,2000,5頭展開,2340,202608101807,0,45.962,10.19534196929959,0.08398140007660289,121.4,0,1,1
1-3-2,0.5933156404111615,2026-08-10,5,0,0.1256532843029415,2000,5頭展開,1050,202608101812,0,41.722,35.15129574587272,0.07455205884596548,471.49999999999994,0,1,1
5-4-2,0.8853180875075115,2026-08-10,5,1,0.21275123721342898,2000,5頭展開,1200,202608102305,0,68.28833333333334,2.382353715292862,0.18835251844464987,12.648377281947262,0,2,5
4-6-1,0.6138232670189988,2026-08-10,5,0,0.12558596585558854,2000,5頭展開,12090,202608102410,0,40.61366666666667,15.19396356586844,0.07708758785321379,197.10000000000002,0,1,4
1-2-4,0.8092723630830497,2026-08-10,5,0,0.17858745401167356,2000,5頭展開,680,202608102411,0,56.80833333333333,15.435365150791338,0.14452589092501253,106.8,0,1,1
3-1-5,0.5354611344256707,2026-08-11,3,1,0.31244738161079655,2000,3まくり,1420,202608110707,0,79.85100000000001,1.4079521215213153,0.16730342940564755,8.415560437243423,0,13,3
1-3-4,0.5066827959668796,2026-08-11,3,0,0.31507223609616614,2000,3まくり,490,202608110709,0,83.37866666666667,1.8294417417289972,0.15964168151674227,11.459674718705191,0,14,1
1-3-2,0.6135189858573956,2026-08-11,3,0,0.21975522342172224,2000,3まくり,2260,202608111311,0,60.896,3.2100248232314486,0.13482400181056042,23.809001217318972,0,14,1
5-3-1,0.6154708948908375,2026-08-11,5,1,0.17721283146864256,2000,5頭展開,58150,202608110111,0,58.36566666666667,17.516535999205225,0.1090693399701446,160.6,0,1,5
2-6-5,0.7248330058114313,2026-08-11,5,0,0.24089611747629835,2000,5頭展開,54620,202608110412,0,69.96166666666667,21.896025897598584,0.174609456918649,125.4,0,1,2
5-4-1,0.6934706337662588,2026-08-11,5,1,0.2099836267283335,2000,5頭展開,3080,202608110708,0,66.03333333333335,13.935592712339808,0.14561747870783498,95.7,0,1,5
5-6-4,0.5557462602617509,2026-08-11,5,1,0.14226906867524028,2000,5頭展開,3230,202608111303,0,45.967,8.554887410229634,0.079065502867187,108.20000000000002,0,1,5
1-3-4,0.8092260463118239,2026-08-11,5,0,0.14201596850959453,2000,5頭展開,7750,202608111310,0,45.831,6.274796930774936,0.11492302071016366,54.599999999999994,0,1,1
1-4-3,0.7616486706836173,2026-08-11,5,0,0.16958542274035204,2000,5頭展開,2080,202608111604,0,54.66700000000001,15.887234951093536,0.12916451179750843,122.99999999999999,0,1,1
3-1-6,0.7751896769164918,2026-08-11,5,0,0.14115970444090314,2000,5頭展開,57600,202608111911,0,33.97666666666667,15.177323185701042,0.10942554567917118,138.7,0,1,3
2-1-5,0.7165739850935949,2026-08-11,5,0,0.1885610998346176,2000,5頭展開,4880,202608112010,0,60.266666666666666,17.646408023721282,0.13511797874212314,130.6,0,1,2
1-5-6,0.7393727247950403,2026-08-11,5,0,0.12810164062104415,2000,5頭展開,5140,202608112011,0,41.489333333333335,12.559190313569948,0.09471485907669644,132.6,0,1,1
1-3-2,0.6890913259366381,2026-08-11,5,0,0.16785582203736746,2000,5頭展開,1850,202608112112,0,54.36133333333333,5.447962374871345,0.1156679909739139,47.1,0,1,1
5-1-6,0.5189305320718743,2026-08-12,3,0,0.18290236393058504,2000,3まくり,6630,202608120605,0,48.96300000000001,1.40629221290805,0.09491362103170209,14.816547905577583,0,10,5
3-2-6,0.5463283799455033,2026-08-12,3,1,0.19092795166601587,2000,3まくり,5880,202608120704,0,49.96300000000001,2.129336088265821,0.1043093585200078,20.41366295870172,0,10,3
6-5-3,0.5048993281226755,2026-08-12,3,0,0.25119802173781114,2000,3まくり,8990,202608121306,0,66.80300000000001,2.193474141002182,0.12682971240116606,17.294639398567426,0,12,6
5-1-6,0.5040402729980923,2026-08-12,3,0,0.1794397531220459,2000,3まくり,11240,202608121312,0,37.907000000000004,3.4228208518602,0.0904448621503463,37.844281814156034,0,10,5
1-4-5,0.5520351835119247,2026-08-12,3,0,0.2639618889786594,2000,3まくり,4700,202608121905,0,68.50933333333334,1.5309760893225537,0.14571624982248854,10.506557032503842,0,11,1
3-1-4,0.5336792959282004,2026-08-12,3,1,0.3051017545286356,2000,3まくり,3570,202608122410,0,91.59766666666667,1.8929781464671527,0.16282648954330087,11.625738243062399,0,11,3
2-4-3,0.7939358460627581,2026-08-12,5,0,0.13738975275116702,2000,5頭展開,4770,202608120304,0,42.169000000000004,5.355761694910782,0.10907864959085094,49.1,0,1,2
1-2-4,0.8274690877703758,2026-08-12,5,0,0.16746472810398,2000,5頭展開,770,202608120307,0,53.276999999999994,12.041896875838756,0.13857188579791432,86.9,0,1,1
1-4-6,0.7347151657483779,2026-08-12,5,0,0.13417559561301934,2000,5頭展開,4830,202608120608,0,41.29566666666667,6.407754923063444,0.09858084497020683,65.0,0,1,1
2-1-3,0.7923972421200822,2026-08-12,5,0,0.22641130841906243,2000,5頭展開,16940,202608121301,0,66.147,15.213772652690263,0.17940769637606443,84.8,0,1,2
1-2-4,0.7468197139225881,2026-08-12,5,0,0.14158418756498248,2000,5頭展開,660,202608121307,0,36.415,21.581097726706744,0.10573786245324227,204.1,0,1,1
4-3-6,0.7440876662772438,2026-08-12,5,0,0.1397603435757441,2000,5頭展開,44770,202608121604,0,38.638999999999996,3.7021845448619715,0.10399394788938121,35.6,0,1,4
1-2-3,0.648823309129692,2026-08-12,5,0,0.24221512399907805,2000,5頭展開,930,202608122012,0,68.74133333333334,32.89250346481947,0.1571548182743405,209.3,0,1,1
1-5-6,0.6529723837334382,2026-08-12,5,0,0.22778497660900687,2000,5頭展開,9890,202608122106,0,66.62933333333334,29.777207290840746,0.14873729915504869,200.2,0,1,1
4-5-1,0.6496690336239834,2026-08-13,5,0,0.18984684848703795,2000,5頭展開,39790,202608130712,0,59.09600000000002,26.394250378930412,0.12333761859313275,214.00000000000003,0,1,4
1-3-5,0.6318559470524459,2026-08-13,5,0,0.183385158612198,2000,5頭展開,1040,202608131212,0,58.257000000000005,23.441108521116305,0.11587300307027337,202.3,0,1,1
1-3-2,0.5002178655017577,2026-08-14,3,0,0.2676173144354009,2000,3まくり,1510,202608140303,0,68.94099999999999,1.4722966918270917,0.13386696179818897,10.998208012270059,0,9,1
1-3-5,0.5137684492619505,2026-08-14,3,0,0.23024876022347038,2000,3まくり,790,202608141005,0,55.190999999999995,1.5207454140773866,0.11829454848449905,12.855583233209266,0,8,1
1-4-5,0.5294960761005877,2026-08-14,3,0,0.17295198116341026,2000,3まくり,1130,202608141305,0,39.356,3.0303667120983926,0.09157739537984849,33.090772013430964,0,9,1
1-5-3,0.5139796643135737,2026-08-14,3,0,0.22467278767176377,2000,3まくり,2660,202608141308,0,58.696000000000005,2.2648540646378597,0.11547724398792795,19.61299028642066,0,13,1
1-3-4,0.5845806178832789,2026-08-14,3,0,0.17351611586386712,2000,3まくり,610,202608141912,0,39.22,3.0998898883591455,0.10143415822440605,30.560611362310116,0,8,1
4-2-1,0.6102029854395269,2026-08-14,5,0,0.15535847973655031,2000,5頭展開,3230,202608140306,0,45.977000000000004,12.371427163390898,0.09480020814858925,130.5,0,1,4
1-2-6,0.7507602849317117,2026-08-14,5,0,0.17274961877094314,2000,5頭展開,3810,202608140712,0,52.80800000000001,12.891539169225592,0.12969355301031782,99.4,0,1,1
1-2-3,0.7870846250611926,2026-08-14,5,0,0.13668299713796886,2000,5頭展開,450,202608140812,0,30.773,34.11396222935677,0.10758108555457828,317.1,0,1,1
4-1-3,0.8091507892530104,2026-08-14,5,0,0.23834384474211937,2000,5頭展開,3140,202608141210,0,70.253,37.22122924672979,0.19285611008668285,193.0,0,1,4
2-4-3,0.8681972444305182,2026-08-14,5,0,0.1752169803252066,2000,5頭展開,13880,202608141302,0,55.315000000000005,4.776659044167514,0.1521228994957807,31.4,0,1,2
1-2-3,0.8976990564224485,2026-08-14,5,0,0.12995703436129277,2000,5頭展開,900,202608141304,0,42.199,9.47297933827329,0.11666230712159224,81.2,0,1,1
1-3-5,0.9289750529054542,2026-08-14,5,0,0.1778185372798206,2000,5頭展開,1670,202608142204,0,50.660000000000004,11.494400211614307,0.16518898507709184,69.58333333333333,0,2,1
3-1-2,0.7445946421532463,2026-08-14,5,0,0.17387808245464428,2000,5頭展開,7190,202608142312,0,54.64833333333333,60.03463089621927,0.12946868858360852,463.7,0,1,3
1-3-5,0.5182110265520803,2026-08-15,3,0,0.3170904789408881,2000,3まくり,1420,202608150506,0,80.23466666666667,1.3034600238226688,0.16431978260184843,7.932459519989689,0,11,1
3-5-2,0.5258511048686101,2026-08-15,3,1,0.22620717715781663,2000,3まくり,46720,202608150509,0,55.98433333333333,1.2356244253877031,0.11895129403764729,10.387650133479307,0,11,3
1-4-6,0.5195342235299522,2026-08-15,3,0,0.22072333792939847,2000,3まくり,2910,202608151007,0,57.79433333333334,1.2799349311638166,0.11467332798608927,11.16157482862172,0,8,1
4-1-6,0.5168439854593575,2026-08-15,3,0,0.21139683556387204,2000,3まくり,1890,202608151706,0,51.477,1.6512087482747053,0.10925918300632807,15.112768582381497,0,13,4
1-2-4,0.7505620860120832,2026-08-15,5,0,0.1687187193262269,2000,5頭展開,440,202608150911,0,51.28666666666667,13.94238951933848,0.12663387392678002,110.1,0,1,1
1-4-2,0.7077854344974804,2026-08-15,5,0,0.18739141972027135,2000,5頭展開,1240,202608151108,0,60.35033333333334,11.897172693274735,0.13263291742781197,89.7,0,1,1
2-3-5,0.8171089233410535,2026-08-15,5,0,0.23320554834912235,2000,5頭展開,3230,202608151704,0,70.66833333333335,4.135029059273036,0.19055433452871134,21.7,0,1,2
1-2-6,0.7036028085477134,2026-08-15,5,0,0.12623641962614257,2000,5頭展開,1000,202608151903,0,35.876666666666665,4.281138430596149,0.0888202993899616,48.2,0,1,1
5-6-3,0.6650116800647281,2026-08-15,5,1,0.125758430625871,2000,5頭展開,85570,202608152112,0,39.221333333333334,26.092817472637975,0.08363082523281402,312.0,0,1,5
1-5-4,0.5537625476897746,2026-08-16,3,0,0.17298930150870212,2000,3まくり,4210,202608161806,0,38.801,1.319101932073872,0.09579499632653346,13.770050447911599,0,12,1
4-5-6,0.7266841751603652,2026-08-16,5,0,0.17141521559226433,2000,5頭展開,10580,202608160212,0,58.234333333333346,33.869148605852146,0.12456472455260077,271.9,0,1,4
3-2-4,0.8516362787391016,2026-08-16,5,0,0.19554671088486567,2000,5頭展開,7540,202608160404,0,64.279,24.59717122834008,0.16653467317765797,147.7,0,1,3
1-4-3,0.7001505550538609,2026-08-16,5,0,0.17495194999412547,2000,5頭展開,1540,202608160409,0,84.80433333333333,8.672483506646872,0.12249270489614227,70.8,0,1,1
1-2-3,0.764464369739202,2026-08-16,5,0,0.12534273081655573,2000,5頭展開,2730,202608160911,0,31.701333333333338,23.64838876327896,0.09582005171506872,246.8,0,1,1
1-5-2,0.558931482919016,2026-08-16,5,0,0.16115759671861535,2000,5頭展開,1380,202608161110,0,53.37166666666666,5.062274263889143,0.09007605451760041,56.2,0,1,1
1-4-3,0.6691832371279481,2026-08-16,5,0,0.18205050916273588,2000,5頭展開,850,202608161111,0,59.859666666666676,21.441226231446695,0.12182514904231077,176.0,0,1,1
1-3-6,0.700298411587393,2026-08-16,5,0,0.16478283091987977,2000,5頭展開,3970,202608161812,0,56.26599999999999,40.5390204636981,0.11539715475006576,351.3,0,1,1
3-2-4,0.8528831080677353,2026-08-16,5,0,0.13859357414469192,2000,5頭展開,6770,202608161910,0,38.63666666666666,11.264852471582811,0.11820411827474096,95.29999999999998,0,1,3
1-4-5,0.5600569534031932,2026-08-16,5,0,0.16142159346097135,2000,5頭展開,770,202608162204,0,54.06266666666666,5.342952393571909,0.09040528584724042,59.1,0,1,1
2-1-5,0.7458965956416069,2026-08-16,5,0,0.1954813123644348,2000,5頭展開,2670,202608162409,0,64.17766666666667,15.339090536520313,0.14580884540418548,105.2,0,1,2
3-4-5,0.730667233053098,2026-08-17,5,0,0.16985259262489913,2000,5頭展開,15090,202608170211,0,59.919666666666686,11.628706327568189,0.12410572388013008,93.7,0,1,3
4-1-6,0.8711561987163965,2026-08-17,5,0,0.2022098100897049,2000,5頭展開,2290,202608170512,0,67.32900000000001,12.997325984513372,0.17615632950091176,73.78290647482014,0,2,4
2-3-6,0.6797677534695302,2026-08-17,5,0,0.15447428526042073,2000,5頭展開,18950,202608170902,0,54.84666666666668,5.523349151451126,0.10500663786028756,52.6,0,1,2
4-5-2,0.7796556903961229,2026-08-17,5,0,0.18035268565586274,2000,5頭展開,840,202608170907,0,61.658666666666676,20.1639038629837,0.1406129976498166,143.4,0,1,4
2-4-1,0.6961629167662395,2026-08-17,5,0,0.22416973496789647,2000,5頭展開,9690,202608171208,0,70.777,13.483467925571436,0.15605865654596568,86.4,0,1,2
1-2-3,0.9332136883073294,2026-08-17,5,0,0.15466817599669366,2000,5頭展開,940,202608171212,0,52.893,17.14006210597365,0.14433845898564165,118.74910004185851,0,2,1
2-1-3,0.7351382553022009,2026-08-17,5,0,0.15668078517416192,2000,5頭展開,6300,202608171512,0,57.57233333333333,7.38316870325322,0.11518203905231233,64.1,0,1,2
5-1-6,0.5429643730455094,2026-08-18,3,0,0.22264593846842823,2000,3まくり,8020,202608180506,0,61.915666666666674,1.2740404168596025,0.12088881239163919,10.538943940752258,0,12,5
3-2-5,0.574618818790692,2026-08-18,3,1,0.2235938430472002,2000,3まくり差し,4080,202608181101,0,58.57,1.3086071063337386,0.12848122998065356,10.185200643944535,0,10,3
6-5-1,0.5358938928462396,2026-08-18,3,0,0.16022022550348897,2000,3まくり,6970,202608181307,0,45.552,2.6254409426316214,0.08586104035776705,30.577790947930463,0,9,6
3-1-6,0.5026446729146844,2026-08-18,3,1,0.22285158369357086,2000,3まくり,1260,202608181606,0,57.436,1.449819872361737,0.11201516139417433,12.943068191098808,0,13,3
6-3-2,0.523345430747787,2026-08-18,3,0,0.19632131834103006,2000,3まくり,6710,202608181608,0,32.97200000000001,1.6348361799455207,0.10274386491215981,15.911764477063551,0,10,6
3-1-6,0.5176673312769833,2026-08-18,3,1,0.2799408936734268,2000,3まくり,680,202608182001,0,70.63000000000001,1.5014645999022018,0.1449162553432166,10.360912213375682,0,10,3
1-4-5,0.9192369974740745,2026-08-18,5,0,0.1874080521902729,2000,5頭展開,1710,202608181204,0,66.193,2.077596720837365,0.1722724151978511,12.059950041631973,0,2,1
1-6-4,0.8792762257906818,2026-08-18,5,0,0.14809601769633707,2000,5頭展開,5060,202608182006,0,46.688,11.657134541347888,0.13021730749466529,89.52062337662338,0,2,1
1-5-6,0.9511809979240299,2026-08-18,5,0,0.12689383036172708,2000,5頭展開,1610,202608182010,0,36.970666666666666,6.742149016015718,0.12069900019387013,55.85919523099851,0,2,1
1-4-5,0.6066907365284109,2026-08-18,5,0,0.1740564808981441,2000,5頭展開,1170,202608182011,0,63.982666666666674,15.512412979805472,0.10559845459363833,146.9,0,1,1
4-2-5,0.5769863782721648,2026-08-19,3,0,0.25237330977175276,2000,3まくり,40070,202608190509,0,66.98233333333334,2.148839930502873,0.14561596197776278,14.756898222675792,0,12,4
1-6-5,0.5278072034395525,2026-08-19,3,0,0.23022111564435252,2000,3まくり,2000,202608190909,0,56.937,3.283766816148817,0.1215123632209795,27.024137537157735,0,10,1
1-2-5,0.5335546573594301,2026-08-19,3,0,0.2345983532064823,2000,3まくり,1220,202608191008,0,55.711333333333336,2.604992564444733,0.1251710439621712,20.811463114680144,0,9,1
1-3-6,0.5253302382947024,2026-08-19,3,0,0.24796602985420865,2000,3まくり,480,202608191105,0,66.20400000000001,3.095876089592022,0.13026405355230272,23.766158085576443,0,11,1
1-3-5,0.5053551227362165,2026-08-19,3,0,0.22803194012618366,2000,3まくり,810,202608192007,0,63.207666666666675,2.2080841536217086,0.11523710909024512,19.161224809037005,0,10,1
4-5-6,0.6123698432257584,2026-08-19,5,0,0.1599625807155369,2000,5頭展開,2890,202608190505,0,49.517,1.498730785263844,0.09795626047476105,15.299999999999999,0,1,4
1-2-4,0.9244388780584598,2026-08-19,5,0,0.15018513538652525,2000,5頭展開,680,202608190906,0,58.33866666666666,3.532026952357752,0.13883697805777728,25.44010249839846,0,2,1
4-5-2,0.7594160604319016,2026-08-19,5,0,0.14863447090074047,2000,5頭展開,700,202608191004,0,52.78766666666667,8.589818269955934,0.11287540433582044,76.1,0,1,4
1-5-4,0.6636452366485949,2026-08-19,5,0,0.14584378724132477,2000,5頭展開,2740,202608191104,0,53.998333333333335,9.291699330959645,0.09678853469749629,96.0,0,1,1
1-4-3,0.7537620463850473,2026-08-19,5,0,0.14700237873115207,2000,5頭展開,18160,202608191502,0,55.043000000000006,3.6787198186866497,0.11080481381586293,33.2,0,1,1
5-1-4,0.7877035417892516,2026-08-19,5,1,0.23360384342929005,2000,5頭展開,3300,202608191802,0,75.51,10.543805938608964,0.18401057484483357,57.3,0,1,5
1-2-4,0.9107072577820752,2026-08-19,5,0,0.14477116806513965,2000,5頭展開,710,202608191905,0,46.25,14.343061649219056,0.13184415347451126,108.78799909767653,0,2,1
3-4-5,0.640089689328201,2026-08-19,5,0,0.1356648139589359,2000,5頭展開,4860,202608192003,0,44.55466666666667,19.442949525960564,0.08683764861974347,223.9,0,1,3
1-3-5,0.5010850938906868,2026-08-20,3,0,0.3006880895819004,2000,3まくり,450,202608201105,0,73.475,3.477942659893517,0.1506703195999578,23.083130566973928,0,9,1
3-4-2,0.582084289127045,2026-08-20,3,1,0.2212588398841845,2000,3まくり,6850,202608201608,13700,52.108666666666686,1.2416997209553984,0.1287912945270602,9.641177422085047,1,15,3
3-2-4,0.5045746531948819,2026-08-20,3,1,0.23336881216117114,2000,3まくり,13640,202608201609,27280,55.183333333333344,2.0751632975294707,0.11775198746272447,17.623170039370958,1,13,3
1-3-6,0.529232113497526,2026-08-20,3,0,0.1721546756768212,2000,3まくり,1290,202608201902,0,24.181333333333328,1.4955783987486972,0.09110978285692521,16.415124170554634,0,9,1
3-4-6,0.514605106802732,2026-08-20,3,1,0.2324594335731523,2000,3まくり差し,350,202608202402,0,55.912000000000006,1.3875589661232295,0.11962481164121462,11.599257270179647,0,11,3
2-1-3,0.7100967427385533,2026-08-20,5,0,0.1507057676044633,2000,5頭展開,5260,202608200912,0,48.50666666666667,7.020228259522486,0.10701567468784277,65.6,0,1,2
3-5-1,0.7271845414829351,2026-08-20,5,0,0.14422836483500237,2000,5頭展開,106480,202608201110,0,58.07033333333334,7.016514638806966,0.10488063735137468,66.9,0,1,3
4-6-5,0.8285843810737233,2026-08-20,5,0,0.12014611973741016,2000,5頭展開,5220,202608201305,0,41.655,15.828640523504001,0.09955119826103145,159.0,0,1,4
1-2-4,0.676698040477873,2026-08-20,5,0,0.12210201521255894,2000,5頭展開,650,202608201612,0,40.703,11.228899823409105,0.08262619443273807,135.9,0,1,1
1-2-5,0.8355211777635436,2026-08-20,5,0,0.16703095054150827,2000,5頭展開,630,202608201803,0,63.922000000000004,9.11313064271716,0.1395578965194052,65.3,0,1,1
1-2-4,0.7399150781272661,2026-08-20,5,0,0.165081772486595,2000,5頭展開,1180,202608201906,0,61.67266666666668,14.10791989377615,0.1221464925868065,115.5,0,1,1
1-2-3,0.5241062352189507,2026-08-20,5,0,0.1194547232582939,2000,5頭展開,3130,202608202012,0,34.986666666666665,14.149174154641887,0.06260696528602605,226.0,0,1,1
1-3-4,0.5466193781095344,2026-08-21,3,0,0.18888923872030036,2000,3まくり,430,202608210707,0,36.31766666666666,1.8769102510840907,0.10325051820087397,18.178216282000253,0,9,1
3-1-4,0.5198400912099536,2026-08-21,3,1,0.3180643951306581,2000,3まくり,1630,202608212310,0,82.51700000000001,1.374589442059735,0.16534262417536003,8.313581866233507,0,10,3
1-6-2,0.964486342361089,2026-08-21,5,0,0.1381572133241594,2000,5頭展開,1890,202608210211,0,54.915666666666674,3.8984073207917254,0.1332507453498192,29.256176470588237,0,2,1
5-3-1,0.7651237976765513,2026-08-21,5,1,0.13720517842658625,2000,5頭展開,17490,202608210310,0,53.821000000000005,14.854521025777347,0.1049789471786385,141.5,0,1,5
4-3-5,0.804705068360401,2026-08-21,5,0,0.13817379184316733,2000,5頭展開,70070,202608211311,0,57.619,30.58813533302332,0.11118915061077178,275.1,0,1,4
3-6-5,0.9389295558498646,2026-08-21,5,0,0.22615726062729388,2000,5頭展開,14490,202608212106,0,71.664,17.60600597136489,0.21234573627300712,82.91198250728863,0,2,3
5-2-4,0.9014942437350414,2026-08-21,5,1,0.24691480901866178,2000,5頭展開,7440,202608212308,0,74.74166666666667,3.2182888960979614,0.22259227902326068,14.458223394898857,0,2,5
1-3-6,0.5098423891564311,2026-08-22,3,0,0.32180860471678535,2000,3まくり,620,202608222406,0,84.11333333333334,2.6671328634656204,0.16407166787990338,16.25590144800563,0,10,1
4-5-6,0.8232572352077512,2026-08-22,5,0,0.1426253991966161,2000,5頭展開,7830,202608220205,0,58.01833333333335,10.421577291888854,0.11741739181300799,88.75667506297229,0,2,4
4-5-6,0.8689748468917844,2026-08-22,5,0,0.18171587423582675,2000,5頭展開,930,202608220206,0,67.14366666666666,9.578546329073005,0.1579065239918843,60.65959839357429,0,2,4
5-2-1,0.797741253337969,2026-08-22,5,1,0.14256507365275592,2000,5頭展開,2950,202608220401,0,57.83366666666666,3.0138460742561883,0.11373004053796937,26.5,0,1,5
1-3-4,0.779542573730133,2026-08-22,5,0,0.13946570320042603,2000,5頭展開,15250,202608220807,0,46.54900000000001,3.6529736281900838,0.10871945321994296,33.6,0,1,1
1-4-3,0.8886185260102745,2026-08-22,5,0,0.11349851675957982,2000,5頭展開,1610,202608221605,0,33.723,8.055824951774172,0.10085688466725025,79.8738229755179,0,2,1
1-3-4,0.6933295237391819,2026-08-22,5,0,0.12271128572445084,2000,5頭展開,1220,202608222012,0,43.462666666666664,8.261205592738223,0.08507935728875617,97.1,0,1,1
4-6-1,0.5487354281717235,2026-08-22,5,0,0.1460671397162509,2000,5頭展開,8170,202608222212,0,53.70400000000001,16.070518998030188,0.0801522144540159,200.5,0,1,4
4-1-2,0.8796103875455736,2026-08-22,5,0,0.1563875399556507,2000,5頭展開,1760,202608222306,0,61.113666666666674,11.521595499539773,0.13756010462768878,83.75680965584733,0,2,4
3-1-5,0.5301045051437329,2026-08-23,3,1,0.31244487908033947,2000,3まくり,1780,202608230303,0,75.05999999999999,2.276386165511343,0.1656284380095768,13.743933064077558,0,9,3
4-1-6,0.5459514684745561,2026-08-23,3,0,0.15740701749902092,2000,3まくり,4660,202608231610,0,20.90666666666667,1.5055146571195128,0.08593659235179062,17.518901039926366,0,13,4
3-4-1,0.5174298857810337,2026-08-23,3,1,0.2348082809335811,2000,3まくり,8530,202608231811,25590,57.381,1.5994319075413315,0.12149682198390374,13.164392956329582,1,9,3
3-1-2,0.501916836491052,2026-08-23,3,1,0.31732788938106243,2000,3まくり,2360,202608232101,0,76.384,1.9509897053627239,0.15927221036852535,12.249404342719348,0,11,3
3-1-6,0.5067713607573432,2026-08-23,3,1,0.23006288045697587,2000,3まくり,4750,202608232112,0,52.08833333333334,1.8581535794761228,0.11658927898893565,15.937602458734323,0,8,3
3-5-4,0.8687356671253169,2026-08-23,5,0,0.11034865965211325,2000,5頭展開,109410,202608231804,0,33.462,6.902194785066946,0.09586381645926315,72.0,0,1,3
1-2-5,0.7089366079441558,2026-08-23,5,0,0.15951437977800662,2000,5頭展開,1140,202608231911,0,62.76466666666667,19.17931493075584,0.11308558331813585,169.6,0,1,1
1-2-3,0.5247980128955254,2026-08-24,3,0,0.17984839100070485,2000,3まくり,720,202608240711,0,39.69166666666667,1.8710379781886788,0.0943840782196274,19.82366108227343,0,9,1
1-4-3,0.5357921665790514,2026-08-24,3,0,0.17374068445948432,2000,3まくり,810,202608241504,0,41.361,1.3679127160082563,0.09308889774947443,14.694692375557528,0,10,1
3-2-6,0.510877586219808,2026-08-24,3,1,0.32066427044984497,2000,3まくり,7410,202608241803,22230,78.857,3.031548434697831,0.1638201884743525,18.505340904136773,1,10,3
3-1-2,0.5647733479852505,2026-08-24,3,1,0.2750836189645719,2000,3まくり,3590,202608241810,0,68.69200000000001,1.5937018906215383,0.15535989645852022,10.258129201618278,0,11,3
1-5-3,0.5127223588303882,2026-08-24,3,0,0.20025127969261122,2000,3まくり,3010,202608242111,0,29.014000000000003,1.9547816179145885,0.10267330848279944,19.038849013442157,0,11,1
1-3-5,0.683731473701072,2026-08-24,5,0,0.12275570980485252,2000,5頭展開,5600,202608240712,0,27.377333333333333,26.21194560218003,0.08393194237009295,312.3,0,1,1
2-1-3,0.7912228267182184,2026-08-24,5,0,0.15163419151157953,2000,5頭展開,6820,202608241001,0,49.03966666666666,2.9754155541461063,0.11997643363492363,24.8,0,1,2
1-4-5,0.8653229695869664,2026-08-24,5,0,0.11441601709217895,2000,5頭展開,2940,202608241311,0,29.115000000000002,4.593915876283207,0.0990068076785174,46.4,0,1,1
4-1-6,0.9215903530869953,2026-08-24,5,0,0.11851453621236845,2000,5頭展開,4930,202608241502,0,39.928333333333335,2.8928433284939254,0.10922185327389813,26.485938864628825,0,2,4
1-2-4,0.5546976774823387,2026-08-24,5,0,0.1609207236829205,2000,5頭展開,3080,202608241505,0,64.45366666666666,6.989242136989776,0.08926235168569319,78.3,0,1,1
4-1-5,0.8492071514562346,2026-08-24,5,0,0.18506878682578587,2000,5頭展開,1590,202608241806,0,67.842,5.78259686409227,0.15716173728378674,36.79392302498312,0,2,4
3-2-5,0.8275104358457457,2026-08-24,5,0,0.15788735756550845,2000,5頭展開,17080,202608241911,0,62.04466666666667,10.099510608486728,0.130653436073567,77.3,0,1,3
6-4-2,0.9453025415854641,2026-08-24,5,0,0.14660304233050941,2000,5頭展開,6600,202608242009,0,56.48933333333333,22.732914132409615,0.13858422851919194,164.03680545265965,0,2,6
1-3-5,0.9271910979167548,2026-08-24,5,0,0.15029358179148858,2000,5頭展開,1520,202608242109,0,52.196,3.741525519281758,0.13935087111109187,26.849674418604653,0,2,1
1-6-5,0.6610400291943669,2026-08-24,5,0,0.1055675559414852,2000,5頭展開,6260,202608242205,0,32.992,16.301631229095126,0.06978438026153734,233.60000000000002,0,1,1
3-1-5,0.640433680169515,2026-08-25,5,0,0.15111167377023174,2000,5頭展開,9820,202608250107,0,61.19633333333333,14.042343476175402,0.09677700534924467,145.1,0,1,3
6-1-2,0.9481044112636181,2026-08-25,5,0,0.15020773138230548,2000,5頭展開,8670,202608250605,0,63.69700000000002,2.0221736958931897,0.14241261272946443,14.199400299850074,0,2,6
3-1-2,0.8028587723811322,2026-08-25,5,0,0.09972321789127354,2000,5頭展開,6610,202608250903,0,33.74666666666667,11.433090689995202,0.08006366029408404,142.8,0,1,3
1-2-5,0.6195209248623317,2026-08-25,5,0,0.09359968272294704,2000,5頭展開,950,202608251311,0,31.683000000000007,6.8482602130669665,0.05798696200734096,118.1,0,1,1
5-1-4,0.8907225595187567,2026-08-25,5,1,0.21981281899891775,2000,5頭展開,3150,202608251505,0,71.295,7.083333872077227,0.1957922367537492,36.17780760626398,0,2,5
1-3-4,0.6489585592923479,2026-08-25,5,0,0.14318202531491944,2000,5頭展開,1410,202608251511,0,54.613666666666674,8.241933116719345,0.0929192008649306,88.7,0,1,1
3-4-2,0.5448980471689553,2026-08-26,3,1,0.3243215879387049,2000,3まくり差し,4720,202608260904,0,90.783,1.206663265545178,0.1767221999225349,6.828023112399639,0,7,3
3-2-4,0.5250244858957857,2026-08-26,3,1,0.2998307006086875,2000,3まくり,10940,202608261806,0,70.999,2.536963343674583,0.15741845944284938,16.116047334306593,0,9,3
1-5-4,0.7272457991457387,2026-08-26,5,0,0.2382176116568853,2000,5頭展開,620,202608261403,0,71.60966666666667,7.414790015008033,0.17324275736000078,42.8,0,1,1
1-2-4,0.7014923504661215,2026-08-26,5,0,0.1453909215822807,2000,5頭展開,1330,202608261512,0,48.64566666666666,12.881415219761049,0.10199061931718964,126.29999999999998,0,1,1
1-3-5,0.9186646782802547,2026-08-26,5,0,0.14329566135156924,2000,5頭展開,2210,202608261809,0,59.21400000000001,8.67394289546618,0.13164066263449567,65.89106072452437,0,2,1
1-2-5,0.5631743619348788,2026-08-27,3,0,0.24021102607412473,2000,3まくり,3520,202608270809,0,64.406,2.05314397249305,0.13528069133901774,15.176918096521296,0,10,1
1-3-6,0.519806537534226,2026-08-27,3,0,0.30397430088471716,2000,3まくり,790,202608270909,0,71.41066666666669,2.7359028017186198,0.15800782884227185,17.314982566146643,0,8,1
3-1-6,0.5145794121384349,2026-08-27,3,1,0.2416562892881034,2000,3まくり,600,202608270910,0,53.414,1.3733813047543264,0.12435135128142782,11.044361726686313,0,11,3
1-4-5,0.6134223072553421,2026-08-27,5,0,0.1462271241881947,2000,5頭展開,1730,202608270412,0,62.42966666666667,9.481182175729748,0.08969897990283583,105.7,0,1,1
4-2-3,0.9338023829089922,2026-08-27,5,0,0.13320661196246,2000,5頭展開,14960,202608271507,0,46.87633333333333,13.63784092270324,0.12438865166977861,109.63894808433463,0,2,4
4-6-1,0.966759856119898,2026-08-27,5,0,0.14354506660706323,2000,5頭展開,1960,202608271704,0,52.195,18.039872843500937,0.13877360793976562,129.99498327759198,0,2,4
1-5-4,0.6781821094412708,2026-08-27,5,0,0.11330366611943837,2000,5頭展開,7810,202608272212,0,42.69866666666667,20.877569092807466,0.07684051929631015,271.7,0,1,1
1-2-4,0.5641942658597192,2026-08-28,3,0,0.1817761543470875,2000,3まくり,3530,202608281004,0,47.12233333333334,1.5111892260317623,0.10255706395265804,14.735106172007333,0,12,1
1-6-3,0.516250069626606,2026-08-28,3,0,0.2025113265335574,2000,3まくり,1590,202608281007,0,48.946999999999996,1.3654178246325788,0.10454648642312536,13.060389414775708,0,9,1
6-1-3,0.5193667089376003,2026-08-28,3,0,0.2304842792972517,2000,3まくり,20530,202608281111,0,60.10966666666666,2.5321028914331016,0.1197058616004683,21.152705954235376,0,8,6
1-5-3,0.5083101386428514,2026-08-28,3,0,0.3245636797533012,2000,3まくり,1380,202608282302,0,78.56533333333333,3.236453292219824,0.16497900905383453,19.61736411669034,0,12,1
1-2-4,0.7229879446677607,2026-08-28,5,0,0.14352471982378198,2000,5頭展開,530,202608280709,0,61.06666666666667,14.942396475995379,0.10376664219441235,144.0,0,1,1
1-2-4,0.8203870226554795,2026-08-28,5,0,0.1449290574147199,2000,5頭展開,1380,202608280711,0,61.732000000000006,11.314350196729615,0.1188979179087271,95.16020461699895,0,2,1
1-2-5,0.9368735762184753,2026-08-28,5,0,0.2505834755781849,2000,5頭展開,810,202608281001,0,73.61433333333332,2.860655449708748,0.23476503690618905,12.185185185185185,0,2,1
4-5-2,0.5948520871622429,2026-08-28,5,0,0.1382885073307295,2000,5頭展開,10440,202608281106,0,53.34100000000001,9.912475469556387,0.08226120721623557,120.5,0,1,4
5-6-2,0.9102952628342542,2026-08-28,5,1,0.15564143329650787,2000,5頭展開,75240,202608281307,0,65.379,9.128980521517134,0.14167965943054467,64.4339530332681,0,2,5
1-6-5,0.8711639166417278,2026-08-28,5,0,0.13833048139623325,2000,5頭展開,1340,202608281309,0,54.287,28.79723030741947,0.12050852396407821,238.9642604535053,0,2,1
2-1-5,0.7517166212039806,2026-08-28,5,0,0.1572912838244612,2000,5頭展開,1280,202608281406,0,65.54433333333334,5.616327440014614,0.1182384724213603,47.5,0,1,2
2-1-4,0.80980768203381,2026-08-28,5,0,0.2157899701695424,2000,5頭展開,960,202608281408,0,70.54033333333334,27.750042037203777,0.17474837554914216,158.8,0,1,2
1-3-5,0.5406311200892785,2026-08-29,3,0,0.16861616005487629,2000,3まくり,1050,202608290512,0,44.849333333333334,3.247773449667982,0.09115914347562082,35.627511688243885,0,8,1
,0.5321536854320184,2026-08-29,3,0,0.16853806361658702,2000,3まくり,0,202608291110,0,43.592333333333336,1.584812040562817,0.08968815168914275,17.670249756687397,0,10,0
,0.5092320815796082,2026-08-29,3,0,0.30484381256538085,2000,3まくり,0,202608291707,0,72.11633333333334,2.3864017754344222,0.1552362492293328,15.372709578346974,0,11,0
,0.5341904320890286,2026-08-29,5,0,0.1340189641678394,2000,5頭展開,0,202608290409,0,56.54166666666667,3.2574200011508685,0.07159164837694217,45.5,0,1,0
5-4-6,0.5735342097353027,2026-08-29,5,1,0.15567337118869917,2000,5頭展開,3470,202608290511,0,64.64500000000001,7.223075917252668,0.08928400392154101,80.9,0,1,5
1-3-5,0.5079577858927629,2026-08-29,5,0,0.14597887374736557,2000,5頭展開,1050,202608290512,0,61.71833333333334,20.60659221729143,0.07415110549583098,277.9,0,1,1
3-5-4,0.5625988576176728,2026-08-29,5,0,0.13395465264188622,2000,5頭展開,127700,202608290711,0,57.28533333333334,24.83202103386168,0.07536273454889736,329.5,0,1,3
,0.7564217424154241,2026-08-29,5,0,0.12839648800929318,2000,5頭展開,0,202608291310,0,46.599000000000004,18.453160084202025,0.09712189518001066,190.0,0,1,0
,0.6461252071492591,2026-08-29,5,0,0.11026607728867392,2000,5頭展開,0,202608291607,0,42.63366666666666,1.8737617003806013,0.07124569202968066,26.3,0,1,0
3-1-6,0.5059403578659145,2026-08-30,3,1,0.1891886025022016,2000,3まくり,3330,202608300810,0,37.455999999999996,1.8813860896447268,0.09571814925411612,19.655479178248136,0,9,3
3-5-1,0.5073919390973753,2026-08-30,3,1,0.19695127704495277,2000,3まくり,6630,202608301605,0,4.963333333333333,1.2770378590034765,0.09993149036754298,12.77913352744561,0,8,3
3-2-5,0.5781710762677428,2026-08-30,3,1,0.2650519819800517,2000,3まくり,11760,202608302103,0,67.63933333333334,1.6670481809379964,0.15324538968830487,10.87829254980334,0,13,3
2-4-6,0.5348848356106091,2026-08-30,3,0,0.16593162789766924,2000,3まくり,29360,202608302105,0,13.357000000000001,1.7802196207860586,0.08875431151064557,20.057838210738996,0,7,2
1-3-5,0.5217068858239875,2026-08-30,3,0,0.18990441790888174,2000,3まくり,2920,202608302304,0,47.85133333333333,2.0803298783047355,0.09907444247145977,20.997644058446383,0,7,1
1-2-3,0.5691075548025767,2026-08-30,5,0,0.13765253059544286,2000,5頭展開,1790,202608300511,0,59.159666666666666,14.312552674689494,0.07833909509955936,182.7,0,1,1
3-4-5,0.716256484467188,2026-08-30,5,0,0.1461429582925001,2000,5頭展開,950,202608300703,0,61.06800000000001,24.766304107469885,0.104675841536221,236.59999999999997,0,1,3
1-4-3,0.6038336738423402,2026-08-30,5,0,0.1865369547237366,2000,5頭展開,1840,202608300710,0,67.66266666666667,17.379934568845666,0.11263729467819615,154.3,0,1,1
2-4-5,0.7801283827379237,2026-08-30,5,0,0.24870041806794152,2000,5頭展開,6340,202608301902,0,77.57400000000001,5.51011844011392,0.19401825493358874,28.4,0,1,2
4-5-2,0.5326464509935447,2026-08-30,5,0,0.20494370347686833,2000,5頭展開,3360,202608302106,0,69.43199999999999,11.0363324209842,0.1091625363104273,101.1,0,1,4
4-1-3,0.6855142613580693,2026-08-31,3,0,0.17775125963628988,2000,3まくり,1590,202608310706,0,46.855666666666664,1.8487293482352498,0.12185102345503765,15.172046124975065,0,11,4
1-4-3,0.637566619430385,2026-08-31,5,0,0.13854037317917892,2000,5頭展開,2660,202608310409,0,48.94700000000001,8.23223646004649,0.08832871738247307,93.2,0,1,1
4-5-1,0.8692157650850832,2026-08-31,5,0,0.15398081139511133,2000,5頭展開,2290,202608310804,0,64.00500000000001,7.462015535593522,0.1338425487852236,55.75219243297419,0,2,4
5-4-1,0.6373283264375037,2026-08-31,5,1,0.1301640911848882,2000,5頭展開,4730,202608310806,0,57.78500000000001,9.241439031039548,0.08295726239712342,111.39999999999999,0,1,5
1-3-2,0.6893529726348773,2026-08-31,5,0,0.13467097146167803,2000,5頭展開,570,202608311612,0,21.523,21.49149568784603,0.09283583450473447,231.5,0,1,1
1-2-3,0.7665417467949834,2026-08-31,5,0,0.1391867657523995,2000,5頭展開,1090,202608311812,0,60.226,22.16002530255723,0.10669246655058849,207.7,0,1,1
1-4-2,0.9081460938189552,2026-08-31,5,0,0.13386859048504693,2000,5頭展開,3030,202608311903,0,53.04333333333333,2.9146762883752593,0.12157223753404471,23.974851063829785,0,2,1
5-1-2,0.8141878493861864,2026-08-31,5,1,0.24365219796326817,2000,5頭展開,3210,202608312109,64200,76.95200000000001,7.340010385143434,0.19837865905793065,37.0,1,1,5
4-5-6,0.5419831008333234,2026-09-01,3,0,0.1946197186079477,2000,3まくり,2060,202609010505,0,28.159666666666666,1.8067870867275189,0.10548059857444433,17.129093986439173,0,6,4
1-3-2,0.5249563823828683,2026-09-01,3,0,0.2424390334562301,2000,3まくり,2520,202609010507,0,56.01666666666667,2.267404499568533,0.12726991795158174,17.815714318533143,0,9,1
1-2-4,0.5046689909266233,2026-09-01,3,0,0.30530452104171596,2000,3まくり,1480,202609012012,0,71.62200000000001,2.5358345719466766,0.15407772455945884,16.45815174904205,0,10,1
4-5-2,0.9522716290753279,2026-09-01,5,0,0.09795069513821922,2000,5頭展開,6080,202609010702,0,34.476,2.7258849891688244,0.09327566802833281,29.223966408268737,0,2,4
1-4-5,0.9299221917023762,2026-09-01,5,0,0.1413834600651409,2000,5頭展開,820,202609010804,0,49.92100000000001,6.847317497891698,0.1314756170542412,52.08051235132662,0,2,1
1-4-2,0.8528274127335941,2026-09-01,5,0,0.13215109268475572,2000,5頭展開,2500,202609010806,0,47.964999999999996,2.084988377588766,0.11270207446425762,18.5,0,1,1
1-2-4,0.828913403973998,2026-09-01,5,0,0.14032390565820554,2000,5頭展開,560,202609010812,0,50.98100000000001,12.794800292787626,0.11631636629806932,110.0,0,1,1
2-1-3,0.7356062369522038,2026-09-01,5,0,0.1364135023860393,2000,5頭展開,4710,202609011211,0,57.293000000000006,14.148873865512744,0.10034662315966485,141.0,0,1,2
2-4-1,0.842078594924006,2026-09-01,5,0,0.09616444404878684,2000,5頭展開,2150,202609011303,0,34.179,4.810094383619287,0.08097801992625062,59.4,0,1,2
4-2-5,0.783684543124267,2026-09-01,5,0,0.12335715265200754,2000,5頭展開,4580,202609011604,0,46.12566666666667,4.85298930962339,0.096673093817199,50.2,0,1,4
1-5-3,0.6509767602556632,2026-09-01,5,0,0.17723375050607496,2000,5頭展開,2910,202609011907,0,67.47266666666667,3.1728139495911427,0.11537505271240518,27.5,0,1,1
1-5-3,0.7944906138703929,2026-09-01,5,0,0.1015812499383691,2000,5頭展開,3220,202609011909,0,28.304666666666666,6.537133319321791,0.08070534962125668,81.0,0,1,1
1-5-2,0.5350437280291801,2026-09-02,3,0,0.19855453033572262,2000,3まくり,1500,202609021704,0,29.799333333333333,1.7292150208066506,0.10623535612790797,16.277208302711067,0,9,1
2-5-1,0.7070010751927439,2026-09-02,5,0,0.2286673149387412,2000,5頭展開,12770,202609020510,0,71.99566666666666,18.559490707655076,0.16166803752312783,114.80000000000001,0,1,2
5-4-1,0.9132694590288011,2026-09-02,5,1,0.13658886769852288,2000,5頭展開,3150,202609020803,0,58.301000000000016,2.80795956448756,0.12474244131238647,22.510057803468207,0,2,5
4-2-5,0.812485131966146,2026-09-02,5,0,0.13030567015820402,2000,5頭展開,2720,202609020804,0,48.501,3.1761425884327648,0.10587141961442549,30.0,0,1,4
4-6-5,0.6168053609508968,2026-09-02,5,0,0.1323702000769769,2000,5頭展開,18420,202609021306,0,52.74300000000001,13.839107011876955,0.08164664903762216,169.5,0,1,4
5-4-6,0.6011103423811998,2026-09-02,5,1,0.20060555173590944,2000,5頭展開,1200,202609021603,0,81.34966666666666,4.714915410802893,0.120586071887542,39.1,0,1,5
1-2-3,0.6599097670583752,2026-09-02,5,0,0.14228487555881655,2000,5頭展開,4390,202609021803,0,60.29800000000001,11.286200526131013,0.09389517908594854,120.2,0,1,1
