grade,group,value_lambda,tickets_n,races,role_hit_rate_pct,hybrid_hit_rate_pct,hit_diff_pt,role_comp_rate_pct,hybrid_comp_rate_pct,comp_reduction_pt,role_roi_pct,hybrid_roi_pct,odds_races
A,3HEAD,0.05,1,227,9.251101321585903,9.251101321585903,0.0,9.050073399936286,9.050073399936286,0.0,132.4229074889868,132.4229074889868,218
A,3HEAD,0.05,2,227,10.13215859030837,10.13215859030837,0.0,15.920625262096577,15.920625262096577,0.0,72.79735682819383,72.79735682819383,218
A,3HEAD,0.05,3,227,13.215859030837004,13.215859030837004,0.0,22.240502623767657,22.240502623767657,0.0,65.1395007342144,65.1395007342144,218
A,3HEAD,0.05,4,227,14.09691629955947,14.09691629955947,0.0,29.096674638904435,29.096674638904435,0.0,51.4647577092511,51.4647577092511,218
A,3HEAD,0.05,5,227,18.061674008810574,18.061674008810574,0.0,34.256983054865366,34.256983054865366,0.0,67.3215859030837,67.3215859030837,218
A,3HEAD,0.05,6,227,18.94273127753304,18.94273127753304,0.0,39.052443095891284,39.052443095891284,0.0,60.19089574155653,60.19089574155653,218
A,3HEAD,0.05,7,227,21.58590308370044,21.58590308370044,0.0,42.79462105318176,42.79462105318176,0.0,65.16677155443675,65.16677155443675,218
A,3HEAD,0.05,8,227,24.669603524229075,24.669603524229075,0.0,47.117717666693046,47.102062764729006,0.015654901964040846,69.38876651982379,69.38876651982379,218
A,3HEAD,0.05,9,227,26.431718061674008,26.431718061674008,0.0,51.267527468613835,51.267527468613835,0.0,73.70533529123837,73.70533529123837,218
A,3HEAD,0.05,10,227,26.87224669603524,26.87224669603524,0.0,56.587880840232835,56.587880840232835,0.0,68.79295154185021,68.79295154185021,218
A,3HEAD,0.05,11,227,28.19383259911894,28.19383259911894,0.0,60.53283833169339,60.53283833169339,0.0,65.71085302362836,65.71085302362836,218
A,3HEAD,0.05,12,227,29.955947136563875,29.955947136563875,0.0,63.62602256537594,63.62602256537594,0.0,67.7863436123348,67.7863436123348,218
A,3HEAD,0.05,13,227,31.277533039647576,31.277533039647576,0.0,66.8551288062411,66.8551288062411,0.0,68.87495764147747,68.87495764147747,218
A,3HEAD,0.05,14,227,33.03964757709251,33.03964757709251,0.0,69.38698535361877,69.38698535361877,0.0,71.48521082441788,71.48521082441788,218
A,3HEAD,0.05,15,227,33.480176211453745,33.480176211453745,0.0,72.15427824961309,72.15427824961309,0.0,67.30690161527166,67.30690161527166,218
A,3HEAD,0.05,16,227,35.242290748898675,35.242290748898675,0.0,75.64598314317445,75.64598314317445,0.0,69.25660792951543,69.25660792951543,218
A,3HEAD,0.05,17,227,36.12334801762115,36.12334801762115,0.0,78.05046092386984,78.05046092386984,0.0,67.06918890904379,67.06918890904379,218
A,3HEAD,0.05,18,227,37.88546255506608,37.88546255506608,0.0,81.26583605620024,81.26583605620024,0.0,72.14635340186001,72.14635340186001,218
A,3HEAD,0.05,19,227,38.76651982378855,38.76651982378855,0.0,84.12347356972302,84.12347356972302,0.0,68.9125898446557,68.9125898446557,218
A,3HEAD,0.05,20,227,39.20704845814978,39.20704845814978,0.0,87.50714818215411,87.50714818215411,0.0,75.75770925110132,75.75770925110132,218
A,4C,0.15,1,198,5.555555555555555,6.565656565656566,1.0101010101010104,6.983555198575669,5.971724412838532,1.0118307857371365,77.27272727272727,82.07070707070707,193
A,4C,0.15,2,198,8.080808080808081,7.575757575757576,-0.5050505050505052,15.262822167813033,13.12683867684188,2.135983490971153,58.888888888888886,54.44444444444444,193
A,4C,0.15,3,198,11.11111111111111,11.11111111111111,0.0,20.54817542579612,19.84117094220459,0.707004483591529,57.96296296296296,60.47138047138047,193
A,4C,0.15,4,198,14.141414141414142,13.636363636363637,-0.5050505050505052,26.11151588956693,25.074026742142166,1.0374891474247647,61.28787878787879,67.18434343434343,193
A,4C,0.15,5,198,15.656565656565656,14.141414141414142,-1.5151515151515138,31.845306692319884,30.2175148125018,1.6277918798180835,65.98989898989899,57.656565656565654,193
A,4C,0.15,6,198,16.666666666666668,16.161616161616163,-0.5050505050505052,36.70107564228998,35.2060248208144,1.49505082147558,60.21885521885522,58.24915824915825,193
A,4C,0.15,7,198,16.666666666666668,17.171717171717173,0.5050505050505052,41.08715577366111,39.70918431782388,1.3779714558372262,51.61616161616162,54.42279942279942,193
A,4C,0.15,8,198,18.68686868686869,17.67676767676768,-1.0101010101010104,44.78758439789658,43.18066275198526,1.6069216459113207,59.26136363636363,48.73106060606061,193
A,4C,0.15,9,198,20.707070707070706,18.181818181818183,-2.5252525252525224,48.06588462708481,46.64222992522155,1.4236547018632635,59.71380471380471,43.77104377104377,193
A,4C,0.15,10,198,23.232323232323232,21.717171717171716,-1.5151515151515156,53.053257634432384,50.81203306023409,2.2412245741982915,68.22727272727273,60.48989898989899,193
A,4C,0.15,11,198,24.242424242424242,23.737373737373737,-0.5050505050505052,55.925012411526225,54.27265388541515,1.6523585261110725,68.87511478420569,67.8236914600551,193
A,4C,0.15,12,198,24.747474747474747,24.242424242424242,-0.5050505050505052,58.62696153925828,58.22931118259118,0.3976503566670999,66.28367003367003,63.13552188552188,193
A,4C,0.15,13,198,24.747474747474747,25.252525252525253,0.5050505050505052,61.92593567277802,60.80989960328283,1.1160360694951876,61.184926184926184,62.723387723387724,193
A,4C,0.15,14,198,25.757575757575758,25.757575757575758,0.0,64.00614739303437,63.70740666013259,0.29874073290177705,60.94516594516595,60.94516594516595,193
A,4C,0.15,15,198,25.757575757575758,25.757575757575758,0.0,66.59294351570242,65.80592558826572,0.7870179274366933,56.88215488215488,56.88215488215488,193
A,4C,0.15,16,198,26.767676767676768,26.262626262626263,-0.5050505050505052,68.99913605844615,68.45328772171759,0.545848336728568,59.92424242424242,56.94444444444444,193
A,4C,0.15,17,198,27.272727272727273,27.272727272727273,0.0,70.83556556749437,70.36527744086668,0.47028812662769326,72.33808674985146,72.33808674985146,193
A,4C,0.15,18,198,27.77777777777778,27.77777777777778,0.0,73.76177791469595,72.84280651366592,0.9189714010300349,70.59483726150393,70.59483726150393,193
A,4C,0.15,19,198,27.77777777777778,27.77777777777778,0.0,75.73292163999088,75.50841291765576,0.22450872233511632,66.87931951089845,66.87931951089845,193
A,4C,0.15,20,198,28.282828282828284,28.282828282828284,0.0,79.029992782237,79.029992782237,0.0,65.63383838383838,65.63383838383838,193
S,3HEAD,0.05,1,105,12.380952380952381,12.380952380952381,0.0,10.215609336432507,10.215609336432507,0.0,188.57142857142858,188.57142857142858,104
S,3HEAD,0.05,2,105,12.380952380952381,12.380952380952381,0.0,17.938695937189063,17.938695937189063,0.0,94.28571428571429,94.28571428571429,104
S,3HEAD,0.05,3,105,16.19047619047619,16.19047619047619,0.0,25.00706075727444,25.00706075727444,0.0,79.65079365079364,79.65079365079364,104
S,3HEAD,0.05,4,105,18.095238095238095,18.095238095238095,0.0,32.278291441533234,32.278291441533234,0.0,65.38095238095238,65.38095238095238,104
S,3HEAD,0.05,5,105,22.857142857142858,22.857142857142858,0.0,37.8855568257543,37.8855568257543,0.0,79.25714285714285,79.25714285714285,104
S,3HEAD,0.05,6,105,24.761904761904763,24.761904761904763,0.0,42.48424239023447,42.48424239023447,0.0,74.88888888888889,74.88888888888889,104
S,3HEAD,0.05,7,105,28.571428571428573,28.571428571428573,0.0,47.09877056541396,47.09877056541396,0.0,75.60544217687075,75.60544217687075,104
S,3HEAD,0.05,8,105,33.333333333333336,33.333333333333336,0.0,51.78365112529478,51.75083604233169,0.03281508296308999,88.60714285714286,88.60714285714286,104
S,3HEAD,0.05,9,105,36.19047619047619,36.19047619047619,0.0,56.48286551377628,56.48286551377628,0.0,100.55026455026454,100.55026455026454,104
S,3HEAD,0.05,10,105,36.19047619047619,36.19047619047619,0.0,64.1213555516129,64.1213555516129,0.0,90.4952380952381,90.4952380952381,104
S,3HEAD,0.05,11,105,37.142857142857146,37.142857142857146,0.0,68.92529858939407,68.92529858939407,0.0,85.35930735930737,85.35930735930737,104
S,3HEAD,0.05,12,105,40.0,40.0,0.0,72.97092537892117,72.97092537892117,0.0,92.27777777777777,92.27777777777777,104
S,3HEAD,0.05,13,105,40.0,40.0,0.0,76.81744620918867,76.81744620918867,0.0,85.17948717948718,85.17948717948718,104
S,3HEAD,0.05,14,105,42.857142857142854,42.857142857142854,0.0,79.67305328559658,79.67305328559658,0.0,91.53061224489795,91.53061224489795,104
S,3HEAD,0.05,15,105,43.80952380952381,43.80952380952381,0.0,81.82387305328541,81.82387305328541,0.0,86.6984126984127,86.6984126984127,104
S,3HEAD,0.05,16,105,45.714285714285715,45.714285714285715,0.0,85.7688391162722,85.7688391162722,0.0,86.88095238095238,86.88095238095238,104
S,3HEAD,0.05,17,105,47.61904761904762,47.61904761904762,0.0,88.30464942838422,88.30464942838422,0.0,85.84873949579831,85.84873949579831,104
S,3HEAD,0.05,18,105,49.523809523809526,49.523809523809526,0.0,92.03769674411029,92.03769674411029,0.0,88.06349206349206,88.06349206349206,104
S,3HEAD,0.05,19,105,49.523809523809526,49.523809523809526,0.0,96.20257779185174,96.20257779185174,0.0,83.42857142857143,83.42857142857143,104
S,3HEAD,0.05,20,105,49.523809523809526,49.523809523809526,0.0,99.27630453429104,99.27630453429104,0.0,79.25714285714285,79.25714285714285,104
S,4C,0.15,1,105,6.666666666666667,7.619047619047619,0.9523809523809517,6.509290837413003,5.946448624120107,0.5628422132928961,62.57142857142857,83.33333333333333,103
S,4C,0.15,2,105,8.571428571428571,7.619047619047619,-0.9523809523809526,14.543592217697963,12.890546494917034,1.653045722780929,50.04761904761905,41.666666666666664,103
S,4C,0.15,3,105,11.428571428571429,11.428571428571429,0.0,20.925248234845863,20.478524307001628,0.44672392784423565,49.74603174603175,50.25396825396825,103
S,4C,0.15,4,105,14.285714285714286,13.333333333333334,-0.9523809523809526,26.941703676276717,25.118345739673767,1.8233579366029495,52.714285714285715,46.285714285714285,103
S,4C,0.15,5,105,15.238095238095237,14.285714285714286,-0.9523809523809508,32.20324609983009,30.245519687353813,1.9577264124762763,46.87619047619047,44.4,103
S,4C,0.15,6,105,16.19047619047619,16.19047619047619,0.0,38.08168036720857,35.85456730095721,2.2271130662513627,45.20634920634921,45.20634920634921,103
S,4C,0.15,7,105,16.19047619047619,17.142857142857142,0.9523809523809526,43.288490739002164,41.10354239956576,2.184948339436403,38.74829931972789,44.04081632653061,103
S,4C,0.15,8,105,19.047619047619047,17.142857142857142,-1.904761904761905,47.103664869784446,45.379166892372865,1.7244979774115805,58.392857142857146,38.535714285714285,103
S,4C,0.15,9,105,22.857142857142858,18.095238095238095,-4.761904761904763,50.249875841106345,48.51026476470498,1.739611076401367,65.17460317460318,35.111111111111114,103
S,4C,0.15,10,105,26.666666666666668,23.80952380952381,-2.8571428571428577,55.62257638466146,52.809010931480266,2.813565453181191,81.46666666666667,60.2952380952381,103
S,4C,0.15,11,105,26.666666666666668,25.714285714285715,-0.9523809523809526,58.424254163475844,56.765699379745634,1.6585547837302101,74.06060606060606,72.07792207792208,103
S,4C,0.15,12,105,26.666666666666668,26.666666666666668,0.0,61.06872249342751,60.982295146293545,0.08642734713396294,67.88888888888889,67.88888888888889,103
S,4C,0.15,13,105,26.666666666666668,27.61904761904762,0.9523809523809526,64.01229515303105,63.2552628253712,0.7570323276598501,62.666666666666664,65.56776556776556,103
S,4C,0.15,14,105,27.61904761904762,27.61904761904762,0.0,65.46792741481283,65.71909827516328,-0.25117086035044167,60.8843537414966,60.8843537414966,103
S,4C,0.15,15,105,27.61904761904762,27.61904761904762,0.0,68.06594090315629,67.13209842779973,0.9338424753565562,56.82539682539682,56.82539682539682,103
S,4C,0.15,16,105,28.571428571428573,28.571428571428573,0.0,69.80188792110293,69.39408603960123,0.4078018815016975,60.095238095238095,60.095238095238095,103
S,4C,0.15,17,105,28.571428571428573,28.571428571428573,0.0,71.90043765109073,71.26279417350709,0.6376434775836373,56.56022408963585,56.56022408963585,103
S,4C,0.15,18,105,28.571428571428573,28.571428571428573,0.0,74.87489567037211,74.07876878119262,0.7961268891794901,53.41798941798942,53.41798941798942,103
S,4C,0.15,19,105,28.571428571428573,28.571428571428573,0.0,76.74308822469496,76.53943502485905,0.20365319983591235,50.606516290726816,50.606516290726816,103
S,4C,0.15,20,105,29.523809523809526,29.523809523809526,0.0,79.80738351925605,79.80738351925605,0.0,52.03333333333333,52.03333333333333,103
