actual_combo,coverage,date,head,head_hit,head_prob,invest,kelly_hit,kelly_invest,kelly_return,model,payout100,race_code,return,score,set_ev,set_prob,synthetic_odds,ticket_hit,tickets_n,winner
3-5-4,0.5034375993094561,2026-07-19,3,1,0.2820460876323179,2000,0,0,0,3まくり,1980,202607191904,0,74.046,1.5629770722777514,0.1419926052522386,11.007454011434232,0,12,3
1-3-6,0.5188983916337976,2026-07-19,5,0,0.1,2000,0,0,0,5頭展開,4760,202607190911,0,82.56800000000001,1.77625957531689,0.05188983916337976,34.231356349442116,0,10,1
4-1-6,0.525092473265887,2026-07-19,5,0,0.1,2000,0,0,0,5頭展開,4340,202607191606,0,60.66166666666667,2.4118873942059817,0.05250924732658871,45.93262171908324,0,9,0
1-4-6,0.5928443423560102,2026-07-19,5,0,0.1,2000,0,0,0,5頭展開,2160,202607192211,0,48.78666666666667,2.325492134430362,0.05928443423560103,39.22601546956951,0,12,1
3-5-6,0.505656484721322,2026-07-20,3,1,0.1955774230968681,2000,0,0,0,3まくり,5990,202607201803,0,52.881,1.4057203248530752,0.098894992254017,14.214272055782242,0,11,3
1-3-4,0.5275185673866553,2026-07-20,3,0,0.17160609112522213,2000,0,0,0,3まくり,700,202607201806,0,37.874,1.5822597947926904,0.09052539934520099,17.47862816665465,0,11,1
1-3-2,0.5389150960377626,2026-07-21,3,0,0.15191846046178692,2000,0,0,0,3まくり,770,202607212305,0,45.75433333333333,2.445589721005476,0.08187115170967293,29.87120212596855,0,12,1
4-2-6,0.5804305879512769,2026-07-21,5,0,0.10088313816297594,2000,0,0,0,5頭展開,8220,202607210510,0,54.22100000000001,1.5011362125609446,0.05855565919830602,25.63605692623424,0,11,4
5-3-6,0.5202616844512766,2026-07-21,5,1,0.08980565494983511,2000,0,0,0,5頭展開,28400,202607210904,0,48.72,2.895006724049817,0.046722441317451346,61.9618034164773,0,8,5
1-3-2,0.586607066428881,2026-07-21,5,0,0.10005972314725352,2000,0,0,0,5頭展開,960,202607211611,0,37.56966666666666,3.8339557989796678,0.058695740663096393,65.31914847085625,0,11,1
3-2-1,0.5171345654160833,2026-07-21,5,0,0.1268490221207732,2000,0,0,0,5頭展開,10350,202607212204,0,58.45733333333334,1.7184701748202034,0.06559801392788119,26.196984815874135,0,8,3
1-3-4,0.538848854996314,2026-07-22,3,0,0.1521945309314546,2000,0,0,0,3まくり,620,202607220511,0,46.32033333333334,2.1135429541025887,0.0820098487291154,25.77181871269849,0,13,1
1-2-4,0.5280278806354255,2026-07-22,5,0,0.12674544840230198,2000,0,0,0,5頭展開,790,202607220507,0,47.230333333333334,2.6709593682350374,0.06692513050005419,39.90966245830293,0,9,1
1-3-4,0.5636474051668267,2026-07-22,5,0,0.11947253244793239,2000,0,0,0,5頭展開,2450,202607221312,0,44.163,3.563190471461455,0.06734038290298659,52.913130544486776,0,11,1
3-6-5,0.5290072570360351,2026-07-22,5,0,0.11588615289964405,2000,0,0,0,5頭展開,19960,202607222204,0,43.090666666666664,1.6521518239433601,0.061304615873899265,26.949876455335097,0,10,3
3-5-4,0.5568711176908449,2026-07-22,5,0,0.1168022305940944,2000,0,0,0,5頭展開,32930,202607222210,0,43.36266666666666,3.3879049057624018,0.06504378869971715,52.08652468574812,0,9,3
5-1-4,0.5206923651026387,2026-07-22,5,1,0.13651349169481664,2000,0,0,0,5頭展開,14240,202607222310,0,61.643000000000015,1.8976610907934102,0.0710815328589935,26.69696353563246,0,9,5
4-6-1,0.5076914640839028,2026-07-23,3,0,0.2087293449979883,2000,0,0,0,3まくり,59990,202607230510,0,54.64300000000001,2.0741520350556044,0.10597010675930271,19.572991841621622,0,12,4
3-1-4,0.5235770359437988,2026-07-23,3,1,0.24174704281840745,2000,0,0,0,3まくり,1230,202607231305,0,68.373,1.312611977981379,0.12657320012704038,10.370378379182341,0,10,3
3-4-6,0.5182784347438962,2026-07-23,3,1,0.17911790929404647,2000,0,0,0,3まくり,1520,202607231908,0,29.80833333333333,2.2740105603738385,0.09283294966351759,24.49572666403707,0,13,3
4-3-2,0.5430219269215796,2026-07-23,3,0,0.3147700326188799,2000,0,0,0,3まくり,4300,202607232404,0,87.59366666666666,1.4489736881522441,0.17092702964987264,8.477147769550115,0,12,4
1-3-4,0.5636275519380166,2026-07-23,3,0,0.1756177039615463,2000,0,0,0,3まくり,650,202607232412,0,28.367666666666672,1.5529281694003454,0.09898297656082167,15.688840883120179,0,14,1
1-2-4,0.5475058055893812,2026-07-23,5,0,0.15261618823431383,2000,0,0,0,5頭展開,1350,202607230304,0,43.793000000000006,2.68135303408422,0.08355824908520863,32.089626858383625,0,8,1
3-4-1,0.5121506636734401,2026-07-23,5,0,0.15798842291848583,2000,0,0,0,5頭展開,1490,202607230904,0,50.44266666666667,3.559175824973561,0.08091387565042266,43.98721228421308,0,11,3
1-2-4,0.5253924467970542,2026-07-23,5,0,0.15744383063568784,2000,0,0,0,5頭展開,1780,202607230911,0,50.94799999999999,2.2456981447460036,0.08271979941078504,27.148254235892267,0,9,1
1-5-4,0.5248009117743704,2026-07-23,5,0,0.21541340942580994,2000,0,0,0,5頭展開,1570,202607232107,0,65.86533333333333,1.835895926218147,0.11304915367509082,16.239802480031013,0,12,1
1-2-5,0.5368852850251493,2026-07-23,5,0,0.14862986943165407,2000,0,0,0,5頭展開,1670,202607232210,0,40.99466666666667,3.0162719109995364,0.07979718981306433,37.7992247354269,0,12,1
1-3-2,0.5197419903856509,2026-07-24,3,0,0.16152058341690928,2000,0,0,0,3まくり,1160,202607240310,0,42.47000000000001,1.3155087826616167,0.08394902951335599,15.670327462836529,0,10,1
3-1-6,0.5309316863112282,2026-07-24,3,1,0.20478510482096335,2000,0,0,0,3まくり,4300,202607241204,0,53.576,2.076177569594236,0.10872690103401571,19.095343929141276,0,10,3
1-3-4,0.5122242385065541,2026-07-24,3,0,0.24788319083432608,2000,0,0,0,3まくり,470,202607241707,0,67.86600000000001,1.6786107421527687,0.1269717786636875,13.22034518078963,0,11,1
1-2-4,0.5415479500633497,2026-07-24,3,0,0.2589446879330621,2000,0,1000,0,3まくり差し,18200,202607241406,0,69.554,2.2832994308616903,0.14023096492994355,16.2824197352017,0,8,1
3-1-5,0.5682310594988593,2026-07-24,5,0,0.13694513971209218,2000,0,0,0,5頭展開,8480,202607240109,0,48.23900000000001,1.8993616409944634,0.07781648183182145,24.40821785157805,0,9,3
2-1-4,0.5203099673892935,2026-07-24,5,0,0.13095983880449275,2000,0,0,0,5頭展開,2030,202607241304,0,51.05900000000001,1.4542753204613983,0.06813970945767275,21.342552412331166,0,9,2
5-3-1,0.5789545067428464,2026-07-24,5,1,0.19943644454170764,2000,0,0,0,5頭展開,22060,202607241305,22060,58.575,1.507783421594608,0.1154646283761914,13.058401025482452,1,11,5
1-2-5,0.5280236400996112,2026-07-24,5,0,0.18309609544091052,2000,0,0,0,5頭展開,390,202607241311,0,57.447,2.410600481817472,0.0966790668027354,24.93404789204345,0,12,1
4-5-2,0.5455560663921954,2026-07-24,5,0,0.12904401074008798,2000,0,0,0,5頭展開,30260,202607241507,0,44.835,2.451377768425369,0.07040074289083462,34.82033949878263,0,10,4
1-4-2,0.5307080274723606,2026-07-24,5,0,0.1353385737609129,2000,0,0,0,5頭展開,580,202607241906,0,37.21,2.8227333771963283,0.07182526752157667,39.3000050622626,0,10,1
1-6-5,0.5824704927739298,2026-07-24,5,0,0.1899685812330094,2000,0,0,0,5頭展開,5150,202607242208,0,57.92533333333334,1.9552583964895978,0.1106510931223553,17.67048423396523,0,11,1
1-2-6,0.5692655036947887,2026-07-24,5,0,0.1309026350315535,2000,0,0,0,5頭展開,1200,202607242209,0,45.50533333333333,4.547719454093525,0.0745183544662124,61.02817871743962,0,11,1
1-2-3,0.5038088219879634,2026-07-25,3,0,0.16375603178049142,2000,0,0,0,3まくり,1070,202607250803,0,42.297999999999995,3.1260697351555375,0.08250173346475288,37.89095821230332,0,11,1
3-4-1,0.5479833354516824,2026-07-25,3,1,0.18120304367158377,2000,0,0,0,3まくり,6290,202607251305,12580,32.082,1.4629024804717146,0.09929624826515135,14.732706482175617,1,14,3
6-2-3,0.5039308070637203,2026-07-25,3,0,0.3121175623455816,2000,0,0,0,3まくり,39500,202607251706,0,89.55266666666667,1.3129904429372474,0.15728565509156997,8.347807955994709,0,8,6
3-1-4,0.5574619055273906,2026-07-25,3,1,0.21294203386738764,2000,0,0,0,3まくり,1920,202607252011,0,62.38933333333334,1.6481039418522525,0.11870707196659205,13.883789015671125,0,12,3
4-5-6,0.5081927940870757,2026-07-25,5,0,0.2072907628287893,2000,0,0,0,5頭展開,1200,202607250204,0,63.02766666666668,2.0346081673549197,0.10534367195040378,19.314004625857557,0,10,4
4-1-2,0.5358306243212677,2026-07-25,5,0,0.11575178728998219,2000,0,0,0,5頭展開,6970,202607250408,0,45.135,2.388235271557645,0.06202335244989374,38.50542057504885,0,11,4
1-4-3,0.5253430692090947,2026-07-25,5,0,0.11973224131529804,2000,0,0,0,5頭展開,1510,202607252012,0,51.12133333333334,2.291457884321217,0.06290050313586265,36.429881639766165,0,11,1
,0.5837919029039583,2026-07-25,5,0,0.20216372757762507,2000,0,1100,0,5頭展開,0,202607252412,0,63.51500000000001,3.773769246134913,0.11802154722069919,31.97525651038958,0,10,0
1-4-5,0.5306373911579731,2026-07-26,3,0,0.29845685708741765,2000,0,1500,0,3まくり,860,202607261211,0,75.26300000000002,4.7532152584497664,0.15837236801807533,30.012907667752202,0,12,1
2-4-3,0.5611920189094679,2026-07-26,3,0,0.17025743396953508,2000,0,0,0,3まくり差し,4450,202607260607,0,7.5969999999999995,1.7186854693615246,0.09554711310370881,17.987832531329627,0,7,2
4-6-2,0.5828449025012061,2026-07-26,5,0,0.09473273963264432,2000,0,0,0,5頭展開,6190,202607260312,0,41.705000000000005,2.3278057742666305,0.05521449439486072,42.15932428212725,0,10,4
1-4-3,0.5456078107908421,2026-07-26,5,0,0.17697447452027226,2000,0,0,0,5頭展開,2230,202607261706,0,75.38566666666665,2.4275666401907645,0.09655865560886541,25.140849620195837,0,10,1
1-3-2,0.5294535586379319,2026-07-26,5,0,0.09801410739644316,2000,0,0,0,5頭展開,1590,202607261712,0,45.75766666666667,2.8777497157831817,0.051893917957767266,55.4544699848097,0,8,1
1-5-2,0.5152076622543615,2026-07-27,3,0,0.15361505466776942,2000,0,0,0,3まくり,1530,202607272003,0,24.458333333333336,1.5329653397758929,0.07914365320245743,19.36940332858294,0,9,1
5-1-6,0.5818339982099021,2026-07-27,5,1,0.15679802195257758,2000,0,0,0,5頭展開,11860,202607270611,35580,64.79433333333334,1.4329493669705078,0.09123042002407222,15.706925021198053,1,10,5
1-2-4,0.5214283544709252,2026-07-27,5,0,0.08565734513725352,2000,0,0,0,5頭展開,1550,202607271012,0,43.611666666666665,1.2599040045980507,0.04466416852326621,28.208383728038026,0,9,1
5-4-1,0.5794772957767814,2026-07-27,5,1,0.14066845020535812,2000,0,0,0,5頭展開,2610,202607271406,0,67.92966666666665,1.2962759572457199,0.08151417312611176,15.902460977433122,0,11,5
5-1-3,0.5457530442116292,2026-07-27,5,1,0.09467878728235708,2000,0,0,0,5頭展開,30120,202607272011,90360,51.63066666666667,2.270274269534623,0.05167123638161166,43.93690626575659,1,11,5
4-5-1,0.5212985411736958,2026-07-28,3,0,0.22786514233204944,2000,0,0,0,3まくり,1230,202607281906,0,64.11666666666667,3.011456853550984,0.11878576628203392,25.35200089883547,0,12,4
1-4-3,0.5629080332572471,2026-07-28,3,0,0.17378699797767175,2000,0,0,0,3まくり,1020,202607281908,0,39.722,2.4205040004287723,0.0978260972372924,24.742927181869106,0,12,1
1-5-3,0.5680713860149701,2026-07-28,3,0,0.12693418955594885,2000,0,0,0,3まくり,2410,202607282012,0,20.56266666666667,1.2852894627777542,0.0721076809937348,17.824584635989456,0,13,1
3-1-6,0.5200003607635667,2026-07-28,3,1,0.2685535888557794,2000,0,0,0,3まくり,700,202607282406,0,71.42133333333334,1.9868497344392582,0.13964796308935584,14.227559718632936,0,11,3
1-2-3,0.5288442977036111,2026-07-28,3,0,0.21300805317830698,2000,0,0,0,3まくり,1250,202607282411,0,59.39766666666666,2.599985810084908,0.1126480942882952,23.08060182031026,0,9,1
1-2-3,0.5079544266657515,2026-07-28,5,0,0.1408086083419662,2000,0,0,0,5頭展開,1610,202607281511,0,52.091,1.4170278660843378,0.0715243559199458,19.81182280998598,0,11,1
1-2-5,0.5044584105998405,2026-07-28,5,0,0.21764779873536252,2000,0,0,0,5頭展開,900,202607281712,0,66.71499999999999,3.81916827553732,0.10979426262059497,34.784770937756896,0,11,1
1-3-4,0.5258187784337788,2026-07-28,5,0,0.10115160425355472,2000,0,0,0,5頭展開,1000,202607282007,0,43.16266666666667,1.4064013957027943,0.053187412985221165,26.442372673654607,0,10,1
1-5-3,0.5380191549933591,2026-07-28,5,0,0.2123219926558015,2000,0,0,0,5頭展開,2410,202607282012,0,58.494666666666674,3.6007851338051946,0.11423329907518051,31.521326644303645,0,11,1
1-6-5,0.5006536186973146,2026-07-29,3,0,0.15976299253239182,2000,0,0,0,3まくり,5840,202607291805,0,45.741,1.7487274348670536,0.07998592034525402,21.86294071905137,0,9,1
1-3-4,0.5098436916056609,2026-07-29,3,0,0.2826674994798412,2000,0,0,0,3まくり,350,202607291908,0,72.84266666666669,2.343044397747134,0.14411624143174348,16.25801765623238,0,12,1
1-3-5,0.519217481086629,2026-07-29,3,0,0.21400947912108353,2000,0,0,0,3まくり,700,202607292305,0,61.35433333333333,1.6355489420567142,0.11111746267791052,14.719099074441441,0,11,1
3-1-6,0.5188189737686234,2026-07-29,3,1,0.2100879600243592,2000,0,0,0,3まくり,2300,202607292405,0,54.663666666666664,1.7608564918992944,0.10899761982098162,16.154999483395475,0,13,3
1-2-3,0.5601291213570346,2026-07-29,5,0,0.17965072323440484,2000,0,1000,0,5頭展開,500,202607290410,0,56.76566666666667,6.897794826277493,0.10062760175644299,68.54774143353606,0,10,1
3-1-2,0.566098513761229,2026-07-29,5,0,0.1240601490783244,2000,0,0,0,5頭展開,3410,202607291111,0,41.10366666666667,1.6724358928023424,0.07023026601023595,23.813606124723883,0,9,3
1-3-4,0.5481816385193705,2026-07-29,5,0,0.1201465909223908,2000,0,0,0,5頭展開,2350,202607291904,0,47.46333333333334,2.0015420301438556,0.06586215507435271,30.389865437659708,0,11,1
1-2-5,0.5203850051497855,2026-07-29,5,0,0.22367731377946706,2000,0,0,0,5頭展開,1380,202607292410,0,62.795,3.324074320135933,0.11639832008301815,28.557751673435845,0,13,1
3-4-1,0.5289994790907575,2026-07-30,3,1,0.2717208925065097,2000,0,0,0,3まくり,2700,202607300804,0,71.556,1.3218928145694941,0.14374021059401934,9.196402378336954,0,11,3
4-1-2,0.5318397342718644,2026-07-30,3,0,0.23131561594548514,2000,0,0,0,3まくり,6780,202607302206,0,64.81566666666669,1.6549686471029539,0.12302283571737944,13.452532104729856,0,11,4
2-4-1,0.5208094630613829,2026-07-30,5,0,0.1431182549269255,2000,0,0,0,5頭展開,4880,202607300412,0,53.920333333333325,3.48273816457598,0.07453734150277419,46.724743522632295,0,11,2
5-6-3,0.5412244576749161,2026-07-30,5,1,0.1505949173229282,2000,0,0,0,5頭展開,25950,202607301106,0,54.721,2.2936503346319026,0.08150565245670065,28.140997163974482,0,9,5
1-2-5,0.517277925111743,2026-07-30,5,0,0.20873305482568932,2000,0,0,0,5頭展開,1040,202607301109,0,63.20500000000001,2.3913784654609427,0.10797300150246826,22.14792987306439,0,11,1
4-2-1,0.5019941168975687,2026-07-30,5,0,0.2083699066771925,2000,0,0,0,5頭展開,6070,202607301609,0,63.65766666666668,1.2917167695443648,0.10460046729044604,12.349053527243154,0,11,4
1-2-4,0.5606283704863442,2026-07-30,5,0,0.11963506121024417,2000,0,0,0,5頭展開,1690,202607301802,0,49.282000000000004,3.000716232688143,0.06707080941933323,44.73952616148365,0,11,1
1-3-4,0.5797892512870519,2026-07-30,5,0,0.13742891787698455,2000,0,0,0,5頭展開,930,202607301912,0,53.20866666666667,1.8629991122958938,0.07967980940108663,23.381068884314967,0,11,1
1-2-5,0.5834002450437998,2026-07-30,5,0,0.2030420696179779,2000,0,0,0,5頭展開,570,202607302408,0,67.09633333333333,2.1803037417653073,0.11845479316932858,18.406209520357777,0,13,1
2-3-4,0.518896052875206,2026-07-31,3,0,0.27249161569663527,2000,0,900,0,3まくり差し,13790,202607310803,0,71.028,2.0090332135274904,0.14139482382657156,14.208675813986508,0,7,2
1-4-6,0.5248769216438965,2026-07-31,3,0,0.28965571863277534,2000,0,0,0,3まくり,7070,202607311007,0,73.49133333333334,1.2201539736381537,0.15203360193252177,8.025554601934012,0,11,1
2-1-3,0.5795605687543737,2026-07-31,3,0,0.1990012325103429,2000,0,0,0,3まくり,7380,202607311507,0,51.49566666666668,1.868216754371238,0.11533326749651569,16.198420411766087,0,12,2
2-3-1,0.58920038347045,2026-07-31,3,0,0.16541893213292747,2000,0,0,0,3まくり,30920,202607311612,0,42.28900000000001,2.030382442137327,0.0974648982459932,20.831935175398353,0,12,2
3-4-1,0.5214372380911454,2026-07-31,3,1,0.21261754065834815,2000,0,0,0,3まくり,5110,202607312009,0,61.58933333333335,1.2349726089545492,0.11086670317062088,11.139256184554885,0,13,3
1-3-6,0.5163528213113043,2026-07-31,3,0,0.2009904612688246,2000,0,0,0,3まくり,870,202607312010,0,51.74933333333333,1.4541291284825373,0.10378199173281803,14.011381976808904,0,12,1
4-1-2,0.5323460577020557,2026-07-31,5,0,0.11824823497465432,2000,0,0,0,5頭展開,9230,202607310112,0,41.561666666666675,2.102470542059421,0.06294898171898357,33.39959574636578,0,9,4
4-1-5,0.545278784658491,2026-07-31,5,0,0.2022890176866641,2000,0,0,0,5頭展開,2800,202607310511,0,64.649,2.6784709358254917,0.11030390971394419,24.28264730390504,0,12,4
3-5-6,0.517849914222836,2026-07-31,5,0,0.12413049439282092,2000,0,0,0,5頭展開,20940,202607311005,0,40.742333333333335,2.6651168473256712,0.06428096587376055,41.46043562194778,0,7,3
1-2-3,0.5222859683233947,2026-07-31,5,0,0.15919517992371895,2000,0,0,0,5頭展開,1210,202607311103,0,25.783666666666665,4.0231917417544505,0.0831454086988766,48.38741915774369,0,10,1
1-4-5,0.5331910880110389,2026-07-31,5,0,0.21375554970838373,2000,0,0,0,5頭展開,2670,202607311104,0,60.191666666666656,2.9328013988089596,0.11397255411741082,25.732523251059927,0,11,1
1-4-3,0.5065042521726336,2026-07-31,5,0,0.11673279503947302,2000,0,0,0,5頭展開,1340,202607311312,0,44.935,2.3262988057958958,0.0591256570554896,39.344997106969274,0,11,1
1-2-4,0.5622825541989787,2026-07-31,5,0,0.2038706007663932,2000,0,1000,0,5頭展開,1080,202607311511,0,58.524333333333345,4.365555350439159,0.11463288212500783,38.08292410966772,0,10,1
1-5-2,0.5133997578752667,2026-07-31,5,0,0.1355500099661784,2000,0,0,0,5頭展開,1940,202607312202,0,38.449333333333335,1.521697379952429,0.06959134229662597,21.866188087971484,0,10,1
5-1-4,0.5244040567924114,2026-07-31,5,1,0.1193888088518291,2000,0,0,0,5頭展開,18450,202607312304,55350,45.736333333333334,1.9371100686129064,0.06260797569751295,30.940308275928757,1,9,5
1-3-4,0.5083017305206812,2026-08-01,3,0,0.178680625330493,2000,0,0,0,3まくり,610,202608010811,0,36.14433333333333,1.274635146132861,0.09082367106600706,14.034173373222346,0,11,1
2-1-4,0.5141574689010057,2026-08-01,3,0,0.1692099835944421,2000,0,0,0,3まくり,10260,202608011805,0,26.740000000000002,1.450959024084932,0.08700057687769903,16.677579346681988,0,9,2
3-6-4,0.5072838598895408,2026-08-01,5,0,0.15082857313494039,2000,0,0,0,5頭展開,91580,202608010505,0,50.733000000000004,1.2243176876846158,0.07651290076152446,16.001454336446756,0,11,3
1-4-6,0.5492406482378898,2026-08-01,5,0,0.19684543440746094,2000,0,0,0,5頭展開,970,202608011005,0,59.466333333333345,3.1472789433755493,0.10811551399662285,29.110336038118074,0,11,1
1-4-6,0.5162018447711433,2026-08-01,5,0,0.15079178976582536,2000,0,0,0,5頭展開,4860,202608011109,0,50.70500000000001,3.660133053586119,0.07783900005346145,47.021840607822085,0,10,1
5-2-1,0.5316670788861947,2026-08-01,5,1,0.14887039544557462,2000,0,0,0,5頭展開,12310,202608011112,24620,49.63166666666667,2.1445244754695536,0.07914948827918132,27.094609480041672,1,9,5
4-6-5,0.5183880086325475,2026-08-01,5,0,0.14794375788886607,2000,0,0,0,5頭展開,2310,202608011308,0,26.351000000000003,2.7454074248282136,0.07669227004162503,35.79770716576955,0,9,4
5-4-1,0.5508344289694472,2026-08-01,5,1,0.20598603922031833,2000,0,0,0,5頭展開,1220,202608011603,0,71.203,1.2661798506035784,0.1134642022896022,11.159289230023612,0,12,5
1-4-6,0.5658162124165256,2026-08-01,5,0,0.1589505725905501,2000,0,0,0,5頭展開,1060,202608011607,0,53.156333333333336,3.23989917697607,0.08993681094462307,36.024172337742534,0,9,1
1-5-6,0.5235663438731358,2026-08-01,5,0,0.20403991707405827,2000,0,0,0,5頭展開,1640,202608012003,0,72.79466666666667,1.8682226504791988,0.10682843338664251,17.488065595023464,0,12,1
5-4-6,0.5083058980527853,2026-08-01,5,1,0.1956295874659866,2000,0,0,0,5頭展開,12730,202608012012,0,75.23333333333333,2.684146610199715,0.09943967314259422,26.992713525422694,0,12,5
1-6-2,0.5640858201955898,2026-08-02,3,0,0.20524759537054577,2000,0,0,0,3まくり,25400,202608020612,0,52.584666666666664,2.095546243195199,0.11577725817776685,18.099808858641765,0,13,1
1-3-5,0.500301305789793,2026-08-02,3,0,0.17548916540105242,2000,0,0,0,3まくり,830,202608021307,0,48.34800000000001,2.6178123252082766,0.0877974586021075,29.81649317518444,0,12,1
5-4-1,0.5268580647299055,2026-08-02,5,1,0.25131504310702407,2000,0,1100,0,5頭展開,7510,202608020110,0,72.13366666666667,3.5486934215517585,0.13240735724887948,26.801331098856217,0,10,5
1-3-2,0.5267609367363337,2026-08-02,5,0,0.20503177010901294,2000,0,0,0,5頭展開,2830,202608020512,0,65.70366666666668,5.391912875423672,0.10800272728333228,49.923858508485914,0,11,1
4-2-5,0.5019941168975688,2026-08-02,5,0,0.20331943550072892,2000,0,0,0,5頭展開,5280,202608020609,0,64.80233333333334,3.2519205112950766,0.10206516047230062,31.8612197957364,0,11,4
1-2-4,0.5078350309282986,2026-08-02,5,0,0.1616902364025355,2000,0,0,0,5頭展開,560,202608020810,0,32.830999999999996,3.9925995363060753,0.08211196620428553,48.6238452307052,0,10,1
1-4-2,0.5104032374814451,2026-08-02,5,0,0.15908345817524328,2000,0,0,0,5頭展開,2370,202608021103,0,48.35033333333333,4.131593448166757,0.08119671208238824,50.88375307579614,0,8,1
1-2-3,0.5715490420925446,2026-08-02,5,0,0.12681394763500975,2000,0,0,0,5頭展開,930,202608021112,0,42.25833333333333,3.3787305281393096,0.07248039029476394,46.61578827595514,0,11,1
1-3-5,0.5225200952089046,2026-08-02,5,0,0.13601390815255007,2000,0,0,0,5頭展開,2200,202608022206,0,38.224000000000004,1.235071199507836,0.07107000023760568,17.378235477397897,0,12,1
2-3-5,0.5174728936580417,2026-08-03,3,0,0.2126729647677007,2000,0,0,0,3まくり,1580,202608030102,0,54.074,1.6783874615076002,0.11005249448117684,15.250789810990321,0,8,2
1-3-4,0.5081221824346493,2026-08-03,3,0,0.31182409640812564,2000,0,0,0,3まくり,610,202608030411,0,82.21433333333336,1.7463949127175418,0.1584447404026093,11.022107191945524,0,11,1
1-6-3,0.5159422352239023,2026-08-03,5,0,0.16137901419949566,2000,0,0,0,5頭展開,5730,202608030611,0,50.869,5.015156308588209,0.08326224930431765,60.233255172559254,0,10,1
4-5-6,0.5136213012172901,2026-08-03,5,0,0.26969018089784336,2000,0,1100,0,5頭展開,7090,202608031304,0,72.271,3.5621912132479894,0.13851862163827666,25.71633453406855,0,10,4
5-4-6,0.5004648416189458,2026-08-03,5,1,0.1953429416066207,2000,0,0,0,5頭展開,9050,202608031707,27150,61.86833333333334,2.5180975415749325,0.0977622743325364,25.75735434519122,1,10,5
6-1-2,0.5620680126719043,2026-08-03,5,0,0.2284705352373103,2000,0,0,0,5頭展開,7610,202608032006,0,68.752,2.3084049785741727,0.1284159796949213,17.975994763722287,0,11,6
1-3-2,0.5497207755091897,2026-08-03,5,0,0.1337947998567778,2000,0,0,0,5頭展開,1170,202608032010,0,44.980000000000004,3.02290914449668,0.07354978113636472,41.100178651681716,0,10,1
1-3-6,0.5124882173937,2026-08-04,3,0,0.21794875102230635,2000,0,0,0,3まくり,1110,202608040503,0,60.089,1.620482085416749,0.11169616689460513,14.507947143305394,0,9,1
4-5-2,0.5186248359795265,2026-08-04,3,0,0.22690701329319354,2000,0,0,0,3まくり,16220,202608040612,0,63.795000000000016,4.919939229158056,0.11767961255178673,41.807914918082865,0,11,4
3-4-5,0.5083116969931646,2026-08-04,3,1,0.21407434324839142,2000,0,0,0,3まくり,5650,202608041706,0,56.95433333333334,1.3009356952710185,0.10881649269928705,11.955317277741504,0,13,3
1-2-4,0.52347660230125,2026-08-04,5,0,0.20891080947086932,2000,0,0,0,5頭展開,2710,202608041004,0,60.37833333333333,2.888504123759015,0.10935992072581448,26.412822033778067,0,11,1
2-4-1,0.5227711152056936,2026-08-04,5,0,0.20269359170186563,2000,0,0,0,5頭展開,11670,202608041005,0,65.11300000000001,2.5309309858171276,0.10596235497903182,23.885190040538042,0,12,2
4-1-3,0.5267425939535086,2026-08-04,5,0,0.2503697725961891,2000,0,1200,0,5頭展開,2590,202608041208,0,71.08900000000001,5.919485458540986,0.13188042346486673,44.88524758276919,0,10,4
1-3-6,0.5184771486400503,2026-08-04,5,0,0.1597313210745614,2000,0,0,0,5頭展開,3250,202608041212,0,52.77299999999999,3.6871970173571524,0.08281703989924698,44.52220245788667,0,12,1
1-3-6,0.5136638442980827,2026-08-05,3,0,0.2179996631888598,2000,0,0,0,3まくり,580,202608050609,0,54.95633333333335,1.2478618377662005,0.11197854504927694,11.143758272775113,0,12,1
3-1-4,0.5307895409185086,2026-08-05,3,1,0.30648143637331965,2000,0,0,0,3まくり,1720,202608051707,0,76.08033333333334,2.234478366964384,0.16267714091263943,13.735662886799439,0,12,3
5-1-3,0.5453397201719724,2026-08-05,5,1,0.1906359068253955,2000,0,0,0,5頭展開,20600,202608050407,41200,78.85233333333333,1.5113800749843185,0.10396133208289138,14.537906014702191,1,9,5
1-2-6,0.530129322535943,2026-08-05,5,0,0.2429168950710657,2000,0,1000,0,5頭展開,1970,202608050610,0,75.00633333333334,3.459820689319588,0.1287773690165588,26.866682521481767,0,9,1
1-4-3,0.528504615478074,2026-08-05,5,0,0.18964634502472433,2000,0,0,0,5頭展開,1210,202608050611,0,63.88100000000001,2.609232271437686,0.10022896865411408,26.0327159550253,0,12,1
2-4-1,0.5077961166159184,2026-08-05,5,0,0.17259334538367796,2000,0,0,0,5頭展開,5100,202608050907,0,56.44533333333334,2.004729866880699,0.08764223053958162,22.87401694980034,0,12,2
4-1-3,0.5188664396895217,2026-08-05,5,0,0.17402459177404775,2000,0,0,0,5頭展開,3950,202608051402,0,56.82966666666667,2.0956457494477694,0.09029552035222259,23.208745475668394,0,11,4
1-3-2,0.5020263153846245,2026-08-05,5,0,0.14566156724738968,2000,0,0,0,5頭展開,1000,202608051712,0,31.955,3.0596050081342017,0.07312593989835674,41.840214462706086,0,13,1
1-3-4,0.5008468152787097,2026-08-05,5,0,0.15504527807702848,2000,0,0,0,5頭展開,1230,202608052110,0,53.308,1.9056910029902747,0.07765393374888166,24.540817328751483,0,10,1
1-5-6,0.5047903111032491,2026-08-06,3,0,0.22329355908320017,2000,0,900,0,3まくり,2080,202608060211,0,63.147666666666666,4.1430284300284965,0.11271642515696036,36.75620854954572,0,9,1
5-1-3,0.5097627092798167,2026-08-06,3,0,0.2262863312645052,2000,0,0,0,3まくり,3180,202608061204,0,63.59600000000001,1.5867398404544923,0.11535233329838426,13.75559379757009,0,10,5
4-5-1,0.541191835134279,2026-08-06,5,0,0.13835287909674945,2000,0,0,0,5頭展開,3570,202608060404,0,46.72833333333334,1.41277997204926,0.07487544853448087,18.868400786923647,0,9,4
1-3-4,0.5059595504164206,2026-08-06,5,0,0.19609431880054085,2000,0,0,0,5頭展開,1530,202608061012,0,62.021,3.214138680830133,0.0992157933795359,32.3954339460342,0,11,1
4-5-1,0.5237088554616326,2026-08-06,5,0,0.16288501168599093,2000,0,0,0,5頭展開,2400,202608061210,0,55.401,2.3243280195952565,0.08530432304192496,27.247482152257472,0,12,4
1-3-2,0.5032587630179519,2026-08-06,5,0,0.12048959906381161,2000,0,0,0,5頭展開,2940,202608061408,0,39.60033333333333,1.2006963608690784,0.06063744658138281,19.80123551636691,0,9,1
1-3-4,0.5170839156673794,2026-08-06,5,0,0.13733547174670635,2000,0,0,0,5頭展開,1380,202608061810,0,46.650000000000006,3.3550278073609654,0.07101396349081368,47.244621232766,0,8,1
1-2-5,0.5158262319151009,2026-08-06,5,0,0.1488952003386054,2000,0,0,0,5頭展開,890,202608061912,0,48.58866666666667,2.133271023569131,0.07680405014090688,27.775501678041348,0,12,1
3-4-6,0.5051550536798756,2026-08-07,3,1,0.2728981768997983,2000,0,0,0,3まくり,15920,202608071003,31840,70.79866666666668,1.9734157203728315,0.13785589320095779,14.315062450729679,1,13,3
2-1-3,0.5200416287808078,2026-08-07,3,0,0.21450406252672838,2000,0,0,0,3まくり,27720,202608071707,0,53.085666666666675,3.7929577166073067,0.11155104205650007,34.00199269036135,0,11,2
5-2-1,0.5159189418620568,2026-08-07,5,1,0.14246476361378593,2000,0,0,0,5頭展開,6090,202608070401,0,49.995000000000005,1.3302102169618764,0.07350027009625248,18.09803168369172,0,12,5
4-6-5,0.5507184256606458,2026-08-07,5,0,0.17120675548462003,2000,0,0,0,5頭展開,8050,202608071802,0,58.294000000000004,3.7284636609863817,0.09428671484295707,39.54389191729153,0,9,4
5-1-2,0.5212652023208946,2026-08-07,5,1,0.1644538221124951,2000,0,0,0,5頭展開,1330,202608072002,0,57.58000000000001,1.342281657768359,0.08572405485591417,15.658168060580886,0,11,5
1-5-2,0.5083036002740766,2026-08-07,5,0,0.2384614771107752,2000,0,0,0,5頭展開,1920,202608072006,0,71.292,3.1748244962749395,0.12121082734208134,26.192581685091103,0,11,1
5-4-2,0.5339160519862078,2026-08-07,5,1,0.1845759614499591,2000,0,0,0,5頭展開,26400,202608072402,26400,65.94166666666668,1.8028598490959988,0.09854806862892067,18.29421798091858,1,13,5
1-3-6,0.587971210461052,2026-08-08,3,0,0.31162180742711815,2000,0,0,0,3まくり,490,202608080508,0,75.91766666666666,1.2443094905991996,0.18322465131898352,6.791168555332267,0,13,1
3-1-6,0.5803851711925442,2026-08-08,3,1,0.20949579330573104,2000,0,0,0,3まくり,3440,202608081203,0,52.40600000000001,1.929625237297202,0.12158825186186456,15.8701618597941,0,11,3
1-3-4,0.5271780778229163,2026-08-08,3,0,0.272849291206151,2000,0,0,0,3まくり,490,202608081706,0,70.24600000000002,1.882793802447176,0.14384016487340381,13.089485847741171,0,10,1
3-1-5,0.5169254197874421,2026-08-08,3,1,0.28948303727864316,2000,0,0,0,3まくり差し,1110,202608081902,0,72.84100000000001,1.2002891983760156,0.14964114056660638,8.02111768081424,0,12,3
5-4-1,0.530757050038717,2026-08-08,5,1,0.11260245882342122,2000,0,0,0,5頭展開,8500,202608080405,0,42.349666666666664,1.6290875541278156,0.05976454887222515,27.25842635591138,0,10,5
1-3-5,0.5156094616412964,2026-08-08,5,0,0.1713673375472605,2000,0,0,0,5頭展開,3460,202608080412,0,54.66966666666666,2.31397145818359,0.0883586206556453,26.18840630391562,0,11,1
1-2-5,0.5371135441924975,2026-08-08,5,0,0.2127606005263772,2000,0,0,0,5頭展開,4060,202608081007,0,67.449,2.4186275469148493,0.1142766002132466,21.164678879154206,0,11,1
3-1-6,0.5474555798942587,2026-08-08,5,0,0.1396842748467142,2000,0,0,0,5頭展開,23420,202608081210,0,35.473000000000006,2.3210450847273942,0.07647093568831693,30.351990123248857,0,11,3
2-1-4,0.5460086597658356,2026-08-08,5,0,0.17462223089656698,2000,0,0,0,5頭展開,4140,202608081405,0,55.72966666666667,1.9579141424121518,0.09534525025715482,20.534994004750935,0,10,2
4-6-1,0.5426610230065834,2026-08-08,5,0,0.20749950103933212,2000,0,0,0,5頭展開,49660,202608081612,0,65.855,4.275242151062126,0.11260189150735958,37.9677649623026,0,13,4
5-2-1,0.5182724293773276,2026-08-08,5,1,0.17437632370247036,2000,0,0,0,5頭展開,17620,202608081710,0,55.60433333333334,2.4349837475901137,0.0903744409111666,26.94327868632213,0,10,5
4-5-1,0.5238793940333492,2026-08-08,5,0,0.20092962733841901,2000,0,0,0,5頭展開,9490,202608081807,0,60.234,2.5898819201321497,0.10526289141339762,24.60394052792013,0,8,4
1-3-5,0.5904725810898926,2026-08-08,5,0,0.13765218003646948,2000,0,0,0,5頭展開,1270,202608081808,0,46.658,2.1293153997516514,0.08127983803878473,26.19733812382346,0,12,1
1-3-5,0.5085599493172663,2026-08-09,3,0,0.1889830566309158,2000,0,0,0,3まくり,1150,202608091208,0,49.29900000000001,1.7665321677093702,0.09610921370204062,18.380466343070943,0,13,1
3-1-4,0.5300552809533434,2026-08-09,3,1,0.18086767758210023,2000,0,0,0,3まくり,1940,202608091311,0,35.296,1.5001972741837615,0.09586986765615887,15.64826687321901,0,14,3
1-4-5,0.5775583053951057,2026-08-09,5,0,0.19291798639721938,2000,0,0,0,5頭展開,1570,202608090502,0,58.401,1.2515259309844946,0.11142138530381407,11.23236735544028,0,12,1
2-4-1,0.5461439624434481,2026-08-09,5,0,0.2576235837180376,2000,0,1100,0,5頭展開,7320,202608090503,0,73.013,3.5405599018209934,0.14069956483065044,25.163971943214616,0,11,2
2-4-5,0.5086369754210656,2026-08-09,5,0,0.18867859929910172,2000,0,0,0,5頭展開,2610,202608090506,0,57.67966666666666,3.529324253822957,0.09596891207417828,36.77570348088346,0,10,2
5-4-1,0.5307759253539467,2026-08-09,5,1,0.22895101798880746,2000,0,0,0,5頭展開,4800,202608090907,0,70.10133333333334,2.383649493863815,0.12152168843373737,19.61501296259192,0,10,5
1-2-3,0.56467743131614,2026-08-09,5,0,0.20008155917668263,2000,0,0,0,5頭展開,380,202608090910,0,65.36133333333335,6.965271489217118,0.11298154088961741,61.64964147570057,0,12,1
1-2-3,0.5563758625545698,2026-08-09,5,0,0.1688488160820968,2000,0,0,0,5頭展開,1280,202608091203,0,48.997,3.47869032727017,0.09394340568899452,37.029638235456254,0,9,1
2-4-5,0.5044824435900257,2026-08-09,5,0,0.20003601729137777,2000,0,800,0,5頭展開,1330,202608091301,0,65.347,4.546358803485473,0.10091465880917089,45.051520335441204,0,8,2
3-1-2,0.5234517902358803,2026-08-09,5,0,0.2547224635185416,2000,0,0,0,5頭展開,5820,202608091310,0,72.239,3.706533529152311,0.13333492954207432,27.798668675057883,0,13,3
3-5-1,0.5302642701919523,2026-08-09,5,0,0.14128746039297913,2000,0,0,0,5頭展開,39430,202608091511,0,44.702999999999996,2.4385971484244067,0.07491969207255744,32.549481731220936,0,11,3
4-1-6,0.5344903388760095,2026-08-09,5,0,0.15794493300193724,2000,0,0,0,5頭展開,10400,202608091603,0,47.49366666666666,1.4845486963932644,0.08442004076395405,17.585263913152975,0,9,4
2-6-1,0.5155606856177197,2026-08-09,5,0,0.15556564918409657,2000,0,0,0,5頭展開,9830,202608091810,0,30.682,1.9011461943812498,0.0802035327519185,23.704020622904217,0,10,2
1-3-2,0.5051777533996277,2026-08-09,5,0,0.14398266673935092,2000,0,0,0,5頭展開,820,202608091811,0,35.246,4.036885030067519,0.07273684011187259,55.499868070411154,0,11,1
1-3-2,0.551334348695118,2026-08-09,5,0,0.17259975068234218,2000,0,0,0,5頭展開,930,202608091812,0,52.406,5.184965936406033,0.09516017112738888,54.48672354177495,0,10,1
4-3-1,0.5585897378244354,2026-08-09,5,0,0.2653419725643366,2000,0,1300,0,5頭展開,27230,202608092404,0,74.42166666666668,4.884954521797546,0.14821730288853133,32.958058381829666,0,13,4
3-4-1,0.5176146222021023,2026-08-10,3,1,0.22874192706494886,2000,0,0,0,3まくり,10230,202608100808,20460,64.08500000000001,2.029256440530567,0.11840016615950434,17.13896615480106,1,12,3
1-4-3,0.5492917476016235,2026-08-10,3,0,0.16080791262767258,2000,0,0,0,3まくり,450,202608101307,0,45.470000000000006,1.6330499620082546,0.08833045935542344,18.48795957730957,0,13,1
1-3-6,0.5022164980059096,2026-08-10,3,0,0.3163221814662057,2000,0,0,0,3まくり,2480,202608101310,0,81.47200000000001,2.660126946033852,0.15886221821754767,16.744868451925083,0,13,1
1-3-5,0.529826809992878,2026-08-10,3,0,0.21499703785905933,2000,0,0,0,3まくり差し,2370,202608101608,0,53.05900000000002,2.153108420145645,0.11391119472678343,18.90164022342041,0,9,1
3-1-5,0.5432368313529612,2026-08-10,3,1,0.26831273904451436,2000,0,0,0,3まくり,2640,202608102007,0,69.77033333333335,2.0107232347510138,0.14575736217017593,13.79500290629187,0,14,3
1-3-2,0.5078375505912164,2026-08-10,3,0,0.24478669511129078,2000,0,0,0,3まくり,1160,202608102105,0,66.47933333333333,2.4303578530037337,0.1243118756626368,19.55048815769902,0,12,1
1-2-4,0.5019932187060154,2026-08-10,3,0,0.17711607470842686,2000,0,0,0,3まくり差し,1290,202608101801,0,38.88900000000001,1.7418884404170663,0.08891106842745829,19.591356523156133,0,8,1
1-2-4,0.5086369754210655,2026-08-10,5,0,0.17357518386952567,2000,0,0,0,5頭展開,860,202608100507,0,51.285000000000004,5.129183695099376,0.08828675653155084,58.09686408930847,0,10,1
5-4-2,0.5161589364657284,2026-08-10,5,1,0.12692332577774917,2000,0,0,0,5頭展開,13650,202608100511,0,39.293,1.6203739553520775,0.06551260884613619,24.733772382011377,0,12,5
1-3-5,0.5154749380388685,2026-08-10,5,0,0.1737852990381196,2000,0,0,0,5頭展開,860,202608100811,0,51.69300000000001,3.498606392022392,0.08958196625374093,39.054806880578944,0,10,1
1-3-5,0.5053858650910019,2026-08-10,5,0,0.14040936929933673,2000,0,0,0,5頭展開,1860,202608101301,0,31.899,1.2746122565595734,0.07096091057022726,17.962174474891203,0,11,1
1-3-2,0.532457642964241,2026-08-10,5,0,0.12474885417171919,2000,0,0,0,5頭展開,910,202608101410,0,41.53900000000001,1.7174087881905622,0.06642348085476342,25.855446990887437,0,9,1
1-3-6,0.5298531354521812,2026-08-10,5,0,0.16918528608995992,2000,0,0,0,5頭展開,3330,202608101805,0,48.73799999999999,5.451310948340676,0.08964335430713956,60.81109961217182,0,10,1
1-3-6,0.5151024020367194,2026-08-10,5,0,0.14791798677253723,2000,0,0,0,5頭展開,2340,202608101807,0,45.962,3.3321769677382105,0.07619291029096961,43.73342552493549,0,12,1
1-3-2,0.5203447101978378,2026-08-10,5,0,0.1256532843029415,2000,0,0,0,5頭展開,1050,202608101812,0,41.722,6.160700189083666,0.06538302180602062,94.22476996186148,0,9,1
4-6-1,0.5729929938458977,2026-08-10,5,0,0.12558596585558854,2000,0,0,0,5頭展開,12090,202608102410,0,40.61366666666667,2.2966600032688826,0.07195987856062237,31.915840454539797,0,10,4
1-2-4,0.5136433914503699,2026-08-10,5,0,0.17858745401167356,2000,0,0,0,5頭展開,680,202608102411,0,56.80833333333333,4.485810493199669,0.09173026554904297,48.9021858418295,0,11,1
3-1-5,0.5333161364313829,2026-08-11,3,1,0.31244738161079655,2000,0,0,0,3まくり,1420,202608110707,0,79.85100000000001,1.3277066575551444,0.16663323039877193,7.967838434013396,0,13,3
1-3-4,0.5458921952061343,2026-08-11,3,0,0.31507223609616614,2000,0,0,0,3まくり,490,202608110709,0,83.37866666666667,1.8911165194246604,0.17199547461104156,10.995152771904714,0,14,1
1-3-2,0.5428305175964324,2026-08-11,3,0,0.21975522342172224,2000,0,0,0,3まくり,2260,202608111311,0,60.896,3.189801676620908,0.11928984167453313,26.739927154265725,0,14,1
5-3-1,0.5903277717226871,2026-08-11,5,1,0.17721283146864256,2000,0,0,0,5頭展開,58150,202608110111,0,58.36566666666667,3.3764649433598555,0.10461365592155185,32.275565877286745,0,10,5
2-6-5,0.5291489205173691,2026-08-11,5,0,0.24089611747629835,2000,0,0,0,5頭展開,54620,202608110412,0,69.96166666666667,3.3706217926420274,0.12746992051940859,26.442487599486782,0,10,2
5-4-1,0.5633528753002398,2026-08-11,5,1,0.2099836267283335,2000,0,0,0,5頭展開,3080,202608110708,0,66.03333333333335,3.3308003587689723,0.11829487988337897,28.15675845017673,0,12,5
5-6-4,0.5484861385759767,2026-08-11,5,1,0.14226906867524028,2000,0,0,0,5頭展開,3230,202608111303,0,45.967,1.4453098397040203,0.07803261211648299,18.521869260848753,0,10,5
1-3-4,0.5557630163739908,2026-08-11,5,0,0.14201596850959453,2000,0,0,0,5頭展開,7750,202608111310,0,45.831,2.161338098103234,0.07892722303216596,27.383936936719586,0,11,1
1-4-3,0.5563599950612551,2026-08-11,5,0,0.16958542274035204,2000,0,0,0,5頭展開,2080,202608111604,0,54.66700000000001,3.8870041794620223,0.09435054495828313,41.19747460049809,0,12,1
3-1-6,0.5195748951601483,2026-08-11,5,0,0.14115970444090314,2000,0,0,0,5頭展開,57600,202608111911,0,33.97666666666667,3.492965215995083,0.07334303863571977,47.62504091688843,0,11,3
2-1-5,0.5234938504341323,2026-08-11,5,0,0.1885610998346176,2000,0,0,0,5頭展開,4880,202608112010,0,60.266666666666666,3.6977923442872305,0.0987105761945188,37.46095390022211,0,9,2
1-5-6,0.5722891339326887,2026-08-11,5,0,0.12810164062104415,2000,0,0,0,5頭展開,5140,202608112011,0,41.489333333333335,3.2630345319779406,0.07331117696637389,44.5093731543093,0,13,1
1-3-2,0.5183741529283169,2026-08-11,5,0,0.16785582203736746,2000,0,0,0,5頭展開,1850,202608112112,0,54.36133333333333,2.0857570069490974,0.08701211956270666,23.97087919971842,0,12,1
5-1-6,0.5353576337911772,2026-08-12,3,0,0.18290236393058504,2000,0,0,0,3まくり,6630,202608120605,0,48.96300000000001,1.3258132457624345,0.09791817676869076,13.540011563883224,0,11,5
3-2-6,0.5307674479395815,2026-08-12,3,1,0.19092795166601587,2000,0,0,0,3まくり,5880,202608120704,0,49.96300000000001,2.0683900637291335,0.10133834164610302,20.410735266938065,0,9,3
6-5-3,0.5117854484499558,2026-08-12,3,0,0.25119802173781114,2000,0,0,0,3まくり,8990,202608121306,0,66.80300000000001,2.22339005894543,0.1285594922048274,17.294639398567426,0,12,6
5-1-6,0.5654891980491179,2026-08-12,3,0,0.1794397531220459,2000,0,0,0,3まくり,11240,202608121312,0,37.907000000000004,2.660410513413256,0.10147124209111744,26.218369447220383,0,13,5
1-4-5,0.5303098996933282,2026-08-12,3,0,0.2639618889786594,2000,0,0,0,3まくり,4700,202608121905,0,68.50933333333334,1.7760960898250617,0.13998160286713432,12.688067956407604,0,13,1
3-1-4,0.5087464322491706,2026-08-12,3,1,0.3051017545286356,2000,0,0,0,3まくり,3570,202608122410,14280,91.59766666666667,1.8383675929302705,0.1552194290894056,11.843669337756554,1,10,3
1-2-4,0.5190018804310909,2026-08-12,5,0,0.16746472810398,2000,0,0,0,5頭展開,770,202608120307,0,53.276999999999994,1.8593563438057938,0.08691450879184696,21.392933926127316,0,9,1
1-4-6,0.5110558855284121,2026-08-12,5,0,0.13417559561301934,2000,0,0,0,5頭展開,4830,202608120608,0,41.29566666666667,1.766710233814558,0.06857122783231372,25.764599667588392,0,11,1
2-1-3,0.5797841626440746,2026-08-12,5,0,0.22641130841906243,2000,0,0,0,5頭展開,16940,202608121301,0,66.147,2.9696781239176833,0.13126969086489543,22.622725050629676,0,12,2
1-2-4,0.5258671304037739,2026-08-12,5,0,0.14158418756498248,2000,0,0,0,5頭展開,660,202608121307,0,36.415,4.046300694521904,0.07445447042534702,54.345973739467986,0,9,1
1-2-3,0.561754252468485,2026-08-12,5,0,0.24221512399907805,2000,0,1200,0,5頭展開,930,202608122012,0,68.74133333333334,7.556880933783908,0.1360653759186635,55.53860328362465,0,11,1
1-5-6,0.5352276004050401,2026-08-12,5,0,0.22778497660900687,2000,0,1000,0,5頭展開,9890,202608122106,0,66.62933333333334,4.871466670996531,0.12191680643875695,39.95730214147004,0,8,1
4-5-1,0.510394578899015,2026-08-13,5,0,0.18984684848703795,2000,0,0,0,5頭展開,39790,202608130712,0,59.09600000000002,7.084475872892369,0.09689680228884683,73.1136188764386,0,11,4
1-3-5,0.5095432568182885,2026-08-13,5,0,0.183385158612198,2000,0,0,0,5頭展開,1040,202608131212,0,58.257000000000005,5.258471986748043,0.09344267097139777,56.274846727761336,0,10,1
1-3-2,0.533536838848658,2026-08-14,3,0,0.2676173144354009,2000,0,0,0,3まくり,1510,202608140303,0,68.94099999999999,1.3987576600887284,0.1427836959650311,9.796340195811261,0,10,1
1-4-5,0.513663692716752,2026-08-14,3,0,0.17295198116341026,2000,0,0,0,3まくり,1130,202608141305,0,39.356,3.0544198085430962,0.08883915330707545,34.38146014275253,0,13,1
1-5-3,0.5053315701392964,2026-08-14,3,0,0.22467278767176377,2000,0,0,0,3まくり,2660,202608141308,0,58.696000000000005,2.37652130528943,0.11353425256174514,20.932196686607583,0,13,1
1-3-4,0.563945380092839,2026-08-14,3,0,0.17351611586386712,2000,0,0,0,3まくり,610,202608141912,0,39.22,2.8775140260038077,0.09785361191308163,29.40631387791548,0,13,1
4-2-1,0.5318339094545014,2026-08-14,5,0,0.15535847973655031,2000,0,0,0,5頭展開,3230,202608140306,0,45.977000000000004,2.137358621615279,0.08262490764519749,25.868211929426725,0,10,4
1-2-6,0.5665121237905104,2026-08-14,5,0,0.17274961877094314,2000,0,0,0,5頭展開,3810,202608140712,0,52.80800000000001,3.2776531025877595,0.09786475341392802,33.49166056470426,0,12,1
1-2-3,0.5370975682203595,2026-08-14,5,0,0.13668299713796886,2000,0,0,0,5頭展開,450,202608140812,0,30.773,11.2057272138251,0.07341210537987343,152.64140914963116,0,12,1
4-1-3,0.5016741734012293,2026-08-14,5,0,0.23834384474211937,2000,0,0,0,5頭展開,3140,202608141210,0,70.253,6.494198619141752,0.11957095129627367,54.31251109686654,0,12,4
2-4-3,0.5108811754528596,2026-08-14,5,0,0.1752169803252066,2000,0,0,0,5頭展開,13880,202608141302,0,55.315000000000005,1.9148151376204696,0.08951505686784213,21.39098387042815,0,12,2
1-2-3,0.5149370211399585,2026-08-14,5,0,0.12995703436129277,2000,0,0,0,5頭展開,900,202608141304,0,42.199,2.0943879880905447,0.06691968815018734,31.297037478568726,0,10,1
1-3-5,0.5047310967761277,2026-08-14,5,0,0.1778185372798206,2000,0,0,0,5頭展開,1670,202608142204,0,50.660000000000004,3.5130366178454406,0.08975054534837061,39.1422314394797,0,11,1
3-1-2,0.501453300655567,2026-08-14,5,0,0.17387808245464428,2000,0,800,0,5頭展開,7190,202608142312,0,54.64833333333333,8.976055445272936,0.08719173835854221,102.94616914692523,0,8,3
1-3-5,0.5196064766761428,2026-08-15,3,0,0.3170904789408881,2000,0,0,0,3まくり,1420,202608150506,0,80.23466666666667,1.4084868636713272,0.16476226655002552,8.548600921581029,0,11,1
3-5-2,0.5291299527210251,2026-08-15,3,1,0.22620717715781663,2000,0,0,0,3まくり,46720,202608150509,46720,55.98433333333333,1.401542708918118,0.11969299295467208,11.70948001483165,1,12,3
4-1-6,0.5067180845698012,2026-08-15,3,0,0.21139683556387204,2000,0,0,0,3まくり,1890,202608151706,0,51.477,2.0716142630145558,0.10711859960104246,19.33944497715778,0,12,4
1-2-4,0.5156704661867564,2026-08-15,5,0,0.1687187193262269,2000,0,0,0,5頭展開,440,202608150911,0,51.28666666666667,3.7874053035185598,0.08700326064938793,43.53176277819427,0,10,1
1-4-2,0.5598257553972159,2026-08-15,5,0,0.18739141972027135,2000,0,0,0,5頭展開,1240,202608151108,0,60.35033333333334,2.6142820472492163,0.10490654309985765,24.92010479042049,0,11,1
1-2-6,0.502519026199411,2026-08-15,5,0,0.12623641962614257,2000,0,0,0,5頭展開,1000,202608151903,0,35.876666666666665,1.3721871233497664,0.06343620266142938,21.630978302301294,0,10,1
5-6-3,0.5179884318182983,2026-08-15,5,1,0.125758430625871,2000,0,0,0,5頭展開,85570,202608152112,0,39.221333333333334,4.362235992966668,0.06514141226782519,66.9656343192497,0,10,5
4-5-6,0.5178303683112451,2026-08-16,5,0,0.17141521559226433,2000,0,0,0,5頭展開,10580,202608160212,0,58.234333333333346,5.3790981536917695,0.08876400422429372,60.599994341169776,0,8,4
3-2-4,0.5819672496515857,2026-08-16,5,0,0.19554671088486567,2000,0,0,0,5頭展開,7540,202608160404,0,64.279,3.9009593363460655,0.11380178151207908,34.2785436617441,0,11,3
1-4-3,0.5207845819640348,2026-08-16,5,0,0.17495194999412547,2000,0,0,0,5頭展開,1540,202608160409,0,84.80433333333333,1.9492716032326296,0.09111227814148334,21.394170390577994,0,12,1
1-2-3,0.5210532741472874,2026-08-16,5,0,0.12534273081655573,2000,0,0,0,5頭展開,2730,202608160911,0,31.701333333333338,3.809810595876158,0.06531024028252846,58.33404653535386,0,9,1
1-5-2,0.5180418033992924,2026-08-16,5,0,0.16115759671861535,2000,0,0,0,5頭展開,1380,202608161110,0,53.37166666666666,1.8735743653352006,0.08348637203560738,22.44167903877906,0,11,1
1-4-3,0.5195305371831875,2026-08-16,5,0,0.18205050916273588,2000,0,0,0,5頭展開,850,202608161111,0,59.859666666666676,4.240604766470125,0.09458079881978898,44.83578928689351,0,9,1
1-3-6,0.522375532384479,2026-08-16,5,0,0.16478283091987977,2000,0,0,0,5頭展開,3970,202608161812,0,56.26599999999999,6.868662981544342,0.08607851902959378,79.7953201214219,0,11,1
3-2-4,0.5043642509813389,2026-08-16,5,0,0.13859357414469192,2000,0,0,0,5頭展開,6770,202608161910,0,38.63666666666666,1.9264597650953392,0.06990164421431419,27.559577271014266,0,10,3
1-4-5,0.517590906239978,2026-08-16,5,0,0.16142159346097135,2000,0,0,0,5頭展開,770,202608162204,0,54.06266666666666,1.311603410651641,0.08355034884616548,15.698359477428282,0,10,1
2-1-5,0.5109329198515064,2026-08-16,5,0,0.1954813123644348,2000,0,0,0,5頭展開,2670,202608162409,0,64.17766666666667,3.780369496702078,0.09987783770276505,37.849933315060355,0,11,2
3-4-5,0.503089812181738,2026-08-17,5,0,0.16985259262489913,2000,0,0,0,5頭展開,15090,202608170211,0,59.919666666666686,2.5056106102303293,0.08545110892224175,29.322154408907306,0,8,3
4-1-6,0.5042475080441978,2026-08-17,5,0,0.2022098100897049,2000,0,0,0,5頭展開,2290,202608170512,0,67.32900000000001,3.588433950878095,0.10196379283982418,35.193217621035316,0,11,4
4-5-2,0.5034826041386841,2026-08-17,5,0,0.18035268565586274,2000,0,0,0,5頭展開,840,202608170907,0,61.658666666666676,2.8066057400505753,0.09080443983741926,30.90824352945363,0,10,4
2-4-1,0.5831553393079524,2026-08-17,5,0,0.22416973496789647,2000,0,0,0,5頭展開,9690,202608171208,0,70.777,2.691141720898748,0.13072577785777742,20.58615955474799,0,12,2
1-2-3,0.5829506200452298,2026-08-17,5,0,0.15466817599669366,2000,0,0,0,5頭展開,940,202608171212,0,52.893,4.398389472996207,0.0901639090985373,48.78215149466674,0,11,1
2-1-3,0.5231507910867488,2026-08-17,5,0,0.15668078517416192,2000,0,0,0,5頭展開,6300,202608171512,0,57.57233333333333,1.721056987650355,0.08196767671195575,20.99677649396305,0,11,2
5-1-6,0.5011052552716766,2026-08-18,3,0,0.22264593846842823,2000,0,0,0,3まくり,8020,202608180506,0,61.915666666666674,1.6041341469092048,0.11156904983142373,14.37794934467028,0,10,5
3-2-5,0.514654428293201,2026-08-18,3,1,0.2235938430472002,2000,0,0,0,3まくり差し,4080,202608181101,0,58.57,1.7045080907096495,0.11507356146333653,14.81233455395157,0,10,3
3-5-4,0.5261017745853739,2026-08-18,3,1,0.21880373958520127,2000,0,0,0,3まくり,2260,202608181103,0,52.26033333333334,1.3043925058699994,0.11511303568169041,11.331405675695102,0,12,3
6-5-1,0.5440651854290627,2026-08-18,3,0,0.16022022550348897,2000,0,0,0,3まくり,6970,202608181307,0,45.552,2.5148296813377744,0.08717024669804196,28.849633637600604,0,10,6
3-1-6,0.5456635726643382,2026-08-18,3,1,0.22285158369357086,2000,0,0,0,3まくり,1260,202608181606,0,57.436,1.8494771770749796,0.12160199133213964,15.209267190562521,0,12,3
6-3-2,0.5254713099363002,2026-08-18,3,0,0.19632131834103006,2000,0,0,0,3まくり,6710,202608181608,0,32.97200000000001,1.3721568552460124,0.10316122031708247,13.30109173804332,0,10,6
3-1-6,0.5444483830326831,2026-08-18,3,1,0.2799408936734268,2000,0,0,0,3まくり,680,202608182001,0,70.63000000000001,1.3876812606674536,0.15241336690522148,9.104721513897044,0,10,3
1-4-5,0.5711561120716419,2026-08-18,5,0,0.1874080521902729,2000,0,0,0,5頭展開,1710,202608181204,0,66.193,1.5509794498459888,0.10703925445991562,14.489819250626454,0,13,1
1-6-4,0.5733732022593574,2026-08-18,5,0,0.14809601769633707,2000,0,0,0,5頭展開,5060,202608182006,0,46.688,2.5075699383113133,0.08491428790840724,29.53060079849109,0,10,1
1-5-6,0.5605898802275452,2026-08-18,5,0,0.12689383036172708,2000,0,0,0,5頭展開,1610,202608182010,0,36.970666666666666,2.6704532114203183,0.07113539716409502,37.54042738048009,0,11,1
1-4-5,0.5019688807786177,2026-08-18,5,0,0.1740564808981441,2000,0,0,0,5頭展開,1170,202608182011,0,63.982666666666674,3.409335716911145,0.08737093690870625,39.02139358392774,0,12,1
4-2-5,0.502048204833671,2026-08-19,3,0,0.25237330977175276,2000,0,0,0,3まくり,40070,202608190509,0,66.98233333333334,1.9810967015125205,0.12670356711884043,15.635682140301302,0,13,4
1-6-5,0.5655307692290202,2026-08-19,3,0,0.23022111564435252,2000,0,0,0,3まくり,2000,202608190909,0,56.937,2.120737049659034,0.13019712462311392,16.288662716615317,0,13,1
1-2-5,0.5632467796356849,2026-08-19,3,0,0.2345983532064823,2000,0,0,0,3まくり,1220,202608191008,0,55.711333333333336,2.1922178702534256,0.13213676695138613,16.590521478854974,0,10,1
1-3-6,0.5650628376616245,2026-08-19,3,0,0.24796602985420865,2000,0,0,0,3まくり,480,202608191105,0,66.20400000000001,3.1239917799012873,0.14011638847310623,22.295691560026917,0,11,1
1-3-5,0.5879364225456917,2026-08-19,3,0,0.22803194012618366,2000,0,0,0,3まくり,810,202608192007,0,63.207666666666675,1.509882845272008,0.13406828310394178,11.262043567018837,0,14,1
4-5-2,0.5139950403482052,2026-08-19,5,0,0.14863447090074047,2000,0,0,0,5頭展開,700,202608191004,0,52.78766666666667,2.0059913616061573,0.07639738086776023,26.25733158416021,0,12,4
1-5-4,0.523378803711317,2026-08-19,5,0,0.14584378724132477,2000,0,0,0,5頭展開,2740,202608191104,0,53.998333333333335,2.4516040154246954,0.07633154689509239,32.117834829079264,0,12,1
5-1-4,0.5130799918897289,2026-08-19,5,1,0.23360384342929005,2000,0,0,0,5頭展開,3300,202608191802,0,75.51,3.9343971168946075,0.11985745809210963,32.825634545587064,0,12,5
1-2-4,0.5741019827167593,2026-08-19,5,0,0.14477116806513965,2000,0,0,0,5頭展開,710,202608191905,0,46.25,3.4861060097662895,0.08311341462641786,41.943963263160406,0,12,1
3-4-5,0.5394715187863626,2026-08-19,5,0,0.1356648139589359,2000,0,0,0,5頭展開,4860,202608192003,0,44.55466666666667,2.078609934515877,0.07318730323229647,28.40123686369984,0,9,3
1-3-5,0.5045192457889001,2026-08-20,3,0,0.3006880895819004,2000,0,0,0,3まくり,450,202608201105,0,73.475,2.8299286900679506,0.15170292817356562,18.65441045956731,0,13,1
3-4-2,0.5094783805990448,2026-08-20,3,1,0.2212588398841845,2000,0,0,0,3まくり,6850,202608201608,0,52.108666666666686,2.9865955233600867,0.11272659543741766,26.494151728534664,0,11,3
3-2-4,0.5174629271855584,2026-08-20,3,1,0.23336881216117114,2000,0,0,0,3まくり,13640,202608201609,0,55.183333333333344,2.4465022364540605,0.12075970865473636,20.25925918262064,0,12,3
1-3-6,0.5204450624920562,2026-08-20,3,0,0.1721546756768212,2000,0,0,0,3まくり,1290,202608201902,0,24.181333333333328,1.62949392941378,0.08959705094092288,18.186914773436133,0,8,1
3-4-6,0.5187208248570948,2026-08-20,3,1,0.2324594335731523,2000,0,0,0,3まくり差し,350,202608202402,0,55.912000000000006,1.5272085502963522,0.1205815491288786,12.665358517363702,0,10,3
2-1-3,0.5630447362722022,2026-08-20,5,0,0.1507057676044633,2000,0,0,0,5頭展開,5260,202608200912,0,48.50666666666667,2.392054291743945,0.08485408917555483,28.1902064471521,0,11,2
3-5-1,0.5511640566661814,2026-08-20,5,0,0.14422836483500237,2000,0,0,0,5頭展開,106480,202608201110,0,58.07033333333334,2.2933292560446543,0.07949349064878994,28.849271019897824,0,13,3
4-6-5,0.5165089581812164,2026-08-20,5,0,0.12014611973741016,2000,0,0,0,5頭展開,5220,202608201305,0,41.655,2.5694187041477656,0.062056547135085405,41.40447418955853,0,9,4
1-2-4,0.5579818027760323,2026-08-20,5,0,0.12210201521255894,2000,0,0,0,5頭展開,650,202608201612,0,40.703,3.0301337489772595,0.06813070257089016,44.475304593026884,0,12,1
1-2-5,0.5326264162896535,2026-08-20,5,0,0.16703095054150827,2000,0,0,0,5頭展開,630,202608201803,0,63.922000000000004,2.3071295369778655,0.0889650965963779,25.932974000410372,0,13,1
1-2-4,0.5132351560536903,2026-08-20,5,0,0.165081772486595,2000,0,0,0,5頭展開,1180,202608201906,0,61.67266666666668,2.5546875354400798,0.08472576926377738,30.15242655969935,0,9,1
1-2-3,0.53558645821376,2026-08-20,5,0,0.1194547232582939,2000,0,0,0,5頭展開,3130,202608202012,0,34.986666666666665,2.4498372632361693,0.06397833214681449,38.29167127418072,0,8,1
1-3-4,0.5249229644730499,2026-08-21,3,0,0.18888923872030036,2000,0,0,0,3まくり,430,202608210707,0,36.31766666666666,1.7995085275448286,0.09915229914611766,18.148933943457518,0,13,1
1-6-2,0.5366786230053211,2026-08-21,5,0,0.1381572133241594,2000,0,0,0,5頭展開,1890,202608210211,0,54.915666666666674,1.878381821924248,0.07414602300506226,25.33354785321396,0,11,1
5-3-1,0.5342030179203071,2026-08-21,5,1,0.13720517842658625,2000,0,0,0,5頭展開,17490,202608210310,0,53.821000000000005,1.8853698492939148,0.07329542038977659,25.722887450099005,0,10,5
4-3-5,0.5235438295864747,2026-08-21,5,0,0.13817379184316733,2000,0,0,0,5頭展開,70070,202608211311,0,57.619,4.992418838064661,0.07234003613005623,69.01322013565299,0,11,4
3-6-5,0.533255770974775,2026-08-21,5,0,0.22615726062729388,2000,0,900,0,5頭展開,14490,202608212106,0,71.664,3.4726460214898687,0.12059966437735072,28.79482326438423,0,9,3
1-3-6,0.5127751608524237,2026-08-22,3,0,0.32180860471678535,2000,0,1000,0,3まくり,620,202608222406,0,84.11333333333334,2.373301945742072,0.16501545904734363,14.382300661062073,0,10,1
4-5-6,0.5331580414168201,2026-08-22,5,0,0.1426253991966161,2000,0,0,0,5頭展開,7830,202608220205,0,58.01833333333335,1.880282569305834,0.07604187849195995,24.726934770616428,0,11,4
4-5-6,0.5588499489360594,2026-08-22,5,0,0.18171587423582675,2000,0,0,0,5頭展開,930,202608220206,0,67.14366666666666,1.7670125474216938,0.10155190703756317,17.40009221853501,0,9,4
1-4-3,0.5115853903876717,2026-08-22,5,0,0.11349851675957982,2000,0,0,0,5頭展開,1610,202608221605,0,33.723,2.7305216931964975,0.058064183004871345,47.02592117704331,0,12,1
1-3-4,0.521396333494671,2026-08-22,5,0,0.12271128572445084,2000,0,0,0,5頭展開,1220,202608222012,0,43.462666666666664,1.564767513245716,0.06398121445514562,24.4566710177517,0,12,1
4-6-1,0.5419270454273809,2026-08-22,5,0,0.1460671397162509,2000,0,0,0,5頭展開,8170,202608222212,0,53.70400000000001,2.7442659921545145,0.07915773346045629,34.668324523534125,0,9,4
4-1-2,0.527312285285893,2026-08-22,5,0,0.1563875399556507,2000,0,0,0,5頭展開,1760,202608222306,0,61.113666666666674,2.6263442231763747,0.08246507108425306,31.847959246807495,0,11,4
3-1-5,0.5288020065123886,2026-08-23,3,1,0.31244487908033947,2000,0,900,0,3まくり,1780,202608230303,0,75.05999999999999,2.2259856324724665,0.16522147898220416,13.472737601581604,0,8,3
4-1-6,0.5194227222081883,2026-08-23,3,0,0.15740701749902092,2000,0,0,0,3まくり,4660,202608231610,0,20.90666666666667,1.5547718108234514,0.08176078152401338,19.016107500963777,0,13,4
3-4-1,0.5307436117753531,2026-08-23,3,1,0.2348082809335811,2000,0,0,0,3まくり,8530,202608231811,17060,57.381,1.300269211073744,0.12462299509745062,10.433621901455513,1,11,3
3-1-2,0.5097702125556787,2026-08-23,3,1,0.31732788938106243,2000,0,0,0,3まくり,2360,202608232101,0,76.384,1.9439818957893442,0.1617643056196291,12.017372363717884,0,13,3
3-1-6,0.5603656732859961,2026-08-23,3,1,0.23006288045697587,2000,0,0,0,3まくり,4750,202608232112,0,52.08833333333334,1.342609812404073,0.12891934090538892,10.414339717958882,0,14,3
3-5-4,0.50016553868414,2026-08-23,5,0,0.11034865965211325,2000,0,0,0,5頭展開,109410,202608231804,0,33.462,1.613183916382943,0.05519259679797205,29.22826628882619,0,10,3
1-2-5,0.5010927466325215,2026-08-23,5,0,0.15951437977800662,2000,0,0,0,5頭展開,1140,202608231911,0,62.76466666666667,3.9029979334193445,0.07993149869034448,48.82928504242867,0,10,1
1-2-3,0.5359001812685342,2026-08-24,3,0,0.17984839100070485,2000,0,0,0,3まくり,720,202608240711,0,39.69166666666667,1.5579258482466065,0.09638078533813195,16.16427841691627,0,12,1
1-4-3,0.5457683532590781,2026-08-24,3,0,0.17374068445948432,2000,0,0,0,3まくり,810,202608241504,0,41.361,1.306631731646388,0.09482216725155786,13.779812985923089,0,11,1
3-2-6,0.5066160324390111,2026-08-24,3,1,0.32066427044984497,2000,0,1000,0,3まくり,7410,202608241803,0,78.857,2.679114883208569,0.16245366044025047,16.491563661589097,0,9,3
3-1-2,0.5265135452698023,2026-08-24,3,1,0.2750836189645719,2000,0,0,0,3まくり,3590,202608241810,0,68.69200000000001,1.4857387224941196,0.1448352514666842,10.258129201618278,0,11,3
1-5-3,0.546475442270743,2026-08-24,3,0,0.20025127969261122,2000,0,0,0,3まくり,3010,202608242111,0,29.014000000000003,1.6818378548087394,0.10943240663530196,15.368736798539828,0,13,1
1-3-5,0.5369708550931991,2026-08-24,5,0,0.12275570980485252,2000,0,0,0,5頭展開,5600,202608240712,0,27.377333333333333,3.7903518316370755,0.06591623846148426,57.502550511158624,0,9,1
2-1-3,0.5770859195670945,2026-08-24,5,0,0.15163419151157953,2000,0,0,0,5頭展開,6820,202608241001,0,49.03966666666666,2.3336368924576236,0.0875059568462728,26.668320381402946,0,13,2
1-2-4,0.5319752179142323,2026-08-24,5,0,0.1609207236829205,2000,0,0,0,5頭展開,3080,202608241505,0,64.45366666666666,1.280170760279401,0.08560583704813761,14.954246163839732,0,11,1
4-1-5,0.5159699466323636,2026-08-24,5,0,0.18506878682578587,2000,0,0,0,5頭展開,1590,202608241806,0,67.842,1.3505063784961848,0.09548993206181701,14.142919042207632,0,10,4
3-2-5,0.5584091600307212,2026-08-24,5,0,0.15788735756550845,2000,0,0,0,5頭展開,17080,202608241911,0,62.04466666666667,3.3026141705030905,0.0881657467176257,37.45915271472256,0,12,3
6-4-2,0.5850087986187293,2026-08-24,5,0,0.14660304233050941,2000,0,0,0,5頭展開,6600,202608242009,0,56.48933333333333,3.8201385321244326,0.08576406966762204,44.542412072203994,0,9,6
1-6-5,0.5040852730333085,2026-08-24,5,0,0.1055675559414852,2000,0,0,0,5頭展開,6260,202608242205,0,32.992,2.1752535150497163,0.05321505026022264,40.87665997518904,0,9,1
3-1-5,0.5271805525477335,2026-08-25,5,0,0.15111167377023174,2000,0,0,0,5頭展開,9820,202608250107,0,61.19633333333333,2.3789260196626754,0.07966313567460362,29.862319622714402,0,8,3
6-1-2,0.5673013072289894,2026-08-25,5,0,0.15020773138230548,2000,0,0,0,5頭展開,8670,202608250605,0,63.69700000000002,1.4198809039158962,0.0852130423690828,16.662718105592024,0,11,6
3-1-2,0.5094343933883932,2026-08-25,5,0,0.09972321789127354,2000,0,0,0,5頭展開,6610,202608250903,0,33.74666666666667,1.6829652278377931,0.050802437013179505,33.12764754575036,0,8,3
1-2-5,0.5651772820098325,2026-08-25,5,0,0.09359968272294704,2000,0,0,0,5頭展開,950,202608251311,0,31.683000000000007,1.7280733967941533,0.05290041427833789,32.66653806720337,0,12,1
5-1-4,0.5544802740135626,2026-08-25,5,1,0.21981281899891775,2000,0,0,0,5頭展開,3150,202608251505,0,71.295,2.2408041345476364,0.12188187211021355,18.385048537171755,0,13,5
1-3-4,0.5443664580323047,2026-08-25,5,0,0.14318202531491944,2000,0,0,0,5頭展開,1410,202608251511,0,54.613666666666674,2.3701960582736232,0.07794349197457448,30.409159228416296,0,12,1
3-4-2,0.5626717558582583,2026-08-26,3,1,0.3243215879387049,2000,0,0,0,3まくり差し,4720,202608260904,9440,90.783,1.310500753374617,0.18248659734820963,7.181353438652815,1,7,3
3-2-4,0.5298491682391335,2026-08-26,3,1,0.2998307006086875,2000,0,0,0,3まくり,10940,202608261806,0,70.999,2.110700037865505,0.15886504733006973,13.286119718204338,0,10,3
1-5-4,0.5259253440849654,2026-08-26,5,0,0.2382176116568853,2000,0,0,0,5頭展開,620,202608261403,0,71.60966666666667,2.0308036512583976,0.12528467937774607,16.209513097250444,0,12,1
1-2-4,0.5214727124478858,2026-08-26,5,0,0.1453909215822807,2000,0,0,0,5頭展開,1330,202608261512,0,48.64566666666666,2.735640961878286,0.07581739824280978,36.081968324964556,0,9,1
1-3-5,0.5114401569668847,2026-08-26,5,0,0.14329566135156924,2000,0,0,0,5頭展開,2210,202608261809,0,59.21400000000001,2.969608481606308,0.07328715553432012,40.52017655693638,0,12,1
1-2-5,0.5285043765698616,2026-08-27,3,0,0.24021102607412473,2000,0,0,0,3まくり,3520,202608270809,0,64.406,1.7393594993571098,0.12695257858051207,13.700859949481256,0,12,1
1-3-6,0.5143445202628997,2026-08-27,3,0,0.30397430088471716,2000,0,900,0,3まくり,790,202608270909,0,71.41066666666669,2.315277741558761,0.15634751596080018,14.808535507140727,0,9,1
3-1-6,0.5118247080145674,2026-08-27,3,1,0.2416562892881034,2000,0,0,0,3まくり,600,202608270910,0,53.414,1.2190240439683218,0.12368565970476735,9.855823600553878,0,11,3
1-4-5,0.5095465802149616,2026-08-27,5,0,0.1462271241881947,2000,0,0,0,5頭展開,1730,202608270412,0,62.42966666666667,2.53382647334777,0.0745095310647631,34.00674299165012,0,12,1
4-2-3,0.5025516487400481,2026-08-27,5,0,0.13320661196246,2000,0,0,0,5頭展開,14960,202608271507,0,46.87633333333333,2.7219360910528874,0.06694320246481009,40.66038060374722,0,8,4
4-6-1,0.5078306128816829,2026-08-27,5,0,0.14354506660706323,2000,0,0,0,5頭展開,1960,202608271704,0,52.195,4.857266679081939,0.07289657915120691,66.63229928810068,0,9,4
1-5-4,0.5139590944108949,2026-08-27,5,0,0.11330366611943837,2000,0,0,0,5頭展開,7810,202608272212,0,42.69866666666667,3.1998584917825106,0.058233449632180946,54.94880540297249,0,9,1
1-2-4,0.5034833389759484,2026-08-28,3,0,0.1817761543470875,2000,0,0,0,3まくり,3530,202608281004,0,47.12233333333334,1.506692776611955,0.09152126513687897,16.462761680124824,0,12,1
6-1-3,0.5029677729754286,2026-08-28,3,0,0.2304842792972517,2000,0,0,0,3まくり,20530,202608281111,0,60.10966666666666,2.253819816583077,0.11592616466398538,19.441856142794208,0,10,6
1-5-3,0.5414694309341268,2026-08-28,3,0,0.3245636797533012,2000,0,0,0,3まくり,1380,202608282302,0,78.56533333333333,2.835217531947624,0.17574131097790618,16.132903050348027,0,13,1
1-2-4,0.5040003735616201,2026-08-28,5,0,0.14352471982378198,2000,0,0,0,5頭展開,530,202608280709,0,61.06666666666667,2.7995348339961637,0.07233651240651298,38.70154560761076,0,11,1
1-2-4,0.5350328513323369,2026-08-28,5,0,0.1449290574147199,2000,0,0,0,5頭展開,1380,202608280711,0,61.732000000000006,2.219981642529828,0.07754180682950555,28.62948044802458,0,11,1
1-2-5,0.5203850051497856,2026-08-28,5,0,0.2505834755781849,2000,0,0,0,5頭展開,810,202608281001,0,73.61433333333332,2.232412655058339,0.13039988322920493,17.119744280249158,0,13,1
4-5-2,0.5047193613398042,2026-08-28,5,0,0.1382885073307295,2000,0,0,0,5頭展開,10440,202608281106,0,53.34100000000001,1.807054982371877,0.06979688710060063,25.890194497747544,0,7,4
5-6-2,0.5429784221814341,2026-08-28,5,1,0.15564143329650787,2000,0,0,0,5頭展開,75240,202608281307,75240,65.379,3.631588942625943,0.08450993987739476,42.97232902892341,1,11,5
1-6-5,0.5124022852346121,2026-08-28,5,0,0.13833048139623325,2000,0,0,0,5頭展開,1340,202608281309,0,54.287,5.507116169135199,0.0708808547850339,77.6953972386066,0,8,1
2-1-5,0.5084286862188897,2026-08-28,5,0,0.1572912838244612,2000,0,0,0,5頭展開,1280,202608281406,0,65.54433333333334,2.46195243939,0.0799714007885533,30.785410973348753,0,11,2
2-1-4,0.5450665014632807,2026-08-28,5,0,0.2157899701695424,2000,0,0,0,5頭展開,960,202608281408,0,70.54033333333334,3.831933888100345,0.11761988409117818,32.57896330802243,0,9,2
1-3-5,0.5044203768660513,2026-08-29,3,0,0.16861616005487629,2000,0,0,0,3まくり,1050,202608290512,0,44.849333333333334,2.4545981338084446,0.08505342700058713,28.859485389007315,0,10,1
,0.5326676336039742,2026-08-29,3,0,0.16853806361658702,2000,0,0,0,3まくり,0,202608291110,0,43.592333333333336,1.3809867649744663,0.08977477151884347,15.382793424148131,0,9,0
,0.5071307268468802,2026-08-29,3,0,0.30484381256538085,2000,0,0,0,3まくり,0,202608291707,0,72.11633333333334,2.0242272408814372,0.1545956642410557,13.09368701133254,0,13,0
5-4-6,0.5403937071237451,2026-08-29,5,1,0.15567337118869917,2000,0,0,0,5頭展開,3470,202608290511,0,64.64500000000001,1.5656018564849836,0.08412491015711196,18.610443132254886,0,10,5
1-3-5,0.5046991448318519,2026-08-29,5,0,0.14597887374736557,2000,0,0,0,5頭展開,1050,202608290512,0,61.71833333333334,3.883380076053509,0.07367541274381227,52.70930872904624,0,10,1
3-5-4,0.5027988522546041,2026-08-29,5,0,0.13395465264188622,2000,0,0,0,5頭展開,127700,202608290711,0,57.28533333333334,4.036399498545529,0.06735224560250457,59.9296944361337,0,9,3
,0.5094040686264648,2026-08-29,5,0,0.12839648800929318,2000,0,0,0,5頭展開,0,202608291310,0,46.599000000000004,3.4284615075240525,0.06540569338928305,52.41839555340327,0,10,0
3-1-6,0.5136267447674314,2026-08-30,3,1,0.1891886025022016,2000,0,0,0,3まくり,3330,202608300810,0,37.455999999999996,1.7601245004744746,0.09717232605030533,18.113433855265257,0,10,3
3-5-1,0.5164739347944106,2026-08-30,3,1,0.19695127704495277,2000,0,0,0,3まくり,6630,202608301605,0,4.963333333333333,1.2359695140718374,0.10172020101819083,12.150679036220213,0,11,3
3-2-5,0.514834696390553,2026-08-30,3,1,0.2650519819800517,2000,0,0,0,3まくり,11760,202608302103,0,67.63933333333334,1.770493604089237,0.13645795667041424,12.974645431379976,0,13,3
2-4-6,0.5060369538609926,2026-08-30,3,0,0.16593162789766924,2000,0,0,0,3まくり,29360,202608302105,0,13.357000000000001,1.7823248462107044,0.08396753553053224,21.226356531121677,0,11,2
1-3-5,0.5078664268346855,2026-08-30,3,0,0.18990441790888174,2000,0,0,0,3まくり,2920,202608302304,0,47.85133333333333,2.0756691030938397,0.09644607816350463,21.521550099475963,0,11,1
1-2-3,0.5078917949379442,2026-08-30,5,0,0.13765253059544286,2000,0,0,0,5頭展開,1790,202608300511,0,59.159666666666666,2.356573370054892,0.06991259084186975,33.70742439491415,0,9,1
3-4-5,0.5358868557985086,2026-08-30,5,0,0.1461429582925001,2000,0,0,0,5頭展開,950,202608300703,0,61.06800000000001,2.856461809260458,0.07831609041646045,36.47349853741024,0,8,3
1-4-3,0.5292859884412856,2026-08-30,5,0,0.1865369547237366,2000,0,0,0,5頭展開,1840,202608300710,0,67.66266666666667,3.1840199468121986,0.09873139646178027,32.249315424650746,0,9,1
2-4-5,0.5405402817372548,2026-08-30,5,0,0.24870041806794152,2000,0,0,0,5頭展開,6340,202608301902,0,77.57400000000001,1.6571613776832217,0.13443259405061816,12.327080269382048,0,12,2
4-5-2,0.52530312927875,2026-08-30,5,0,0.20494370347686833,2000,0,0,0,5頭展開,3360,202608302106,0,69.43199999999999,1.6190202761599817,0.10765756876237517,15.038610798777455,0,8,4
4-1-3,0.5239300688626406,2026-08-31,3,0,0.17775125963628988,2000,0,0,0,3まくり,1590,202608310706,0,46.855666666666664,2.5245466049896153,0.09312922970166246,27.10799405382121,0,11,4
1-3-2,0.5117729050948532,2026-08-31,3,0,0.15257345055357827,2000,0,0,0,3まくり,3860,202608311609,0,19.86366666666667,1.2505592130644345,0.07808295803015068,16.015776612632273,0,11,1
1-4-3,0.5155573622210466,2026-08-31,5,0,0.13854037317917892,2000,0,0,0,5頭展開,2660,202608310409,0,48.94700000000001,1.4794106305472425,0.07142550935737692,20.712636757618686,0,10,1
5-4-1,0.5563509814572216,2026-08-31,5,1,0.1301640911848882,2000,0,0,0,5頭展開,4730,202608310806,0,57.78500000000001,1.459132090844255,0.07241691988119983,20.14904932767046,0,11,5
1-3-2,0.5292809688302866,2026-08-31,5,0,0.13467097146167803,2000,0,0,0,5頭展開,570,202608311612,0,21.523,3.944715156395341,0.07127878224855283,55.34206718964297,0,12,1
1-2-3,0.546093805780304,2026-08-31,5,0,0.1391867657523995,2000,0,0,0,5頭展開,1090,202608311812,0,60.226,4.014862948635121,0.07600903062397951,52.82086767422214,0,11,1
5-1-2,0.5518186474702541,2026-08-31,5,1,0.24365219796326817,2000,0,0,0,5頭展開,3210,202608312109,0,76.95200000000001,2.520925753175192,0.13445182633324523,18.74965794013804,0,13,5
4-5-6,0.5629835207598591,2026-09-01,3,0,0.1946197186079477,2000,0,0,0,3まくり,2060,202609010505,0,28.159666666666666,1.3991979512822958,0.10956769439119546,12.770168789777248,0,10,4
1-3-2,0.5132680654440269,2026-09-01,3,0,0.2424390334562301,2000,0,0,0,3まくり,2520,202609010507,0,56.01666666666667,2.0877727048195065,0.12443621369019894,16.7778546365715,0,9,1
1-2-4,0.5262524464279368,2026-09-01,3,0,0.30530452104171596,2000,0,0,0,3まくり,1480,202609012012,0,71.62200000000001,2.33003247406552,0.16066725110371252,14.502224056609132,0,13,1
3-5-6,0.5305144208035675,2026-09-01,3,1,0.23733164553260783,2000,0,0,0,3まくり差し,1730,202609010602,0,57.108000000000004,1.32788112746916,0.12590786046808902,10.546451369537072,0,7,3
1-4-5,0.5141531038552585,2026-09-01,5,0,0.1413834600651409,2000,0,0,0,5頭展開,820,202609010804,0,49.92100000000001,1.7085631354858664,0.07269274482628818,23.50390179334639,0,11,1
1-4-2,0.5228541409522547,2026-09-01,5,0,0.13215109268475572,2000,0,0,0,5頭展開,2500,202609010806,0,47.964999999999996,1.2474076808953982,0.06909574604158975,18.053320969203593,0,13,1
1-2-4,0.5128029566988039,2026-09-01,5,0,0.14032390565820554,2000,0,0,0,5頭展開,560,202609010812,0,50.98100000000001,3.6781925516108323,0.07195851371705182,51.11546030639069,0,10,1
2-1-3,0.550770594112874,2026-09-01,5,0,0.1364135023860393,2000,0,0,0,5頭展開,4710,202609011211,0,57.293000000000006,2.5677619254123702,0.07513254575417683,34.17642646921253,0,11,2
4-2-5,0.5389785614287963,2026-09-01,5,0,0.12335715265200754,2000,0,0,0,5頭展開,4580,202609011604,0,46.12566666666667,1.9339416205710789,0.06648686067833146,29.087576114138358,0,12,4
1-5-3,0.5243552807688348,2026-09-01,5,0,0.17723375050607496,2000,0,0,0,5頭展開,2910,202609011907,0,67.47266666666667,1.8642837842592583,0.09293345300832655,20.060416608992504,0,12,1
1-5-3,0.5458659016345588,2026-09-01,5,0,0.1015812499383691,2000,0,0,0,5頭展開,3220,202609011909,0,28.304666666666666,1.3498565844479868,0.05544974058677332,24.343785384092026,0,11,1
1-5-2,0.5211615495462147,2026-09-02,3,0,0.19855453033572262,2000,0,0,0,3まくり,1500,202609021704,0,29.799333333333333,1.4972142018991763,0.1034789866991861,14.468775252424773,0,10,1
2-5-1,0.5331457044161136,2026-09-02,5,0,0.2286673149387412,2000,0,800,0,5頭展開,12770,202609020510,0,71.99566666666666,3.1494920730473344,0.12191299669995649,25.833932052368773,0,8,2
4-6-5,0.5511610882911113,2026-09-02,5,0,0.1323702000769769,2000,0,0,0,5頭展開,18420,202609021306,0,52.74300000000001,2.6614737903371743,0.07295730353173874,36.47988154029499,0,11,4
1-2-3,0.523378803711317,2026-09-02,5,0,0.14228487555881655,2000,0,0,0,5頭展開,4390,202609021803,0,60.29800000000001,3.0571556886762834,0.074468887956187,41.05279093834366,0,12,1
