actual_combo,date,flat_invest,flat_return,head,head_ev,head_hit,head_prob,kelly_invest,kelly_raw,kelly_return,kelly_total,model,payout100,race_code,score,synthetic_odds,winner
3-5-4,2026-07-19,2000,1980,3,0.5695905454347657,1,0.2820460876323179,0,0.0,0,0,3まくり,1980,202607191904,74.046,2.019494580535709,3
3-5-6,2026-07-19,2000,36750,3,0.6362528320764201,1,0.1524168397033235,0,0.0,0,0,3まくり,36750,202607191905,42.29500000000001,4.174426089104552,3
1-3-6,2026-07-19,2000,0,5,0.8431328584167264,0,0.1,0,0.0,0,0,5頭展開,4760,202607190911,82.56800000000001,8.431328584167263,1
4-1-6,2026-07-19,2000,0,5,1.267726008893444,0,0.1,0,0.02292712561460761,0,0,5頭展開,4340,202607191606,60.66166666666667,12.677260088934437,0
1-2-6,2026-07-19,2000,0,5,0.5236709694469267,0,0.1,0,0.0,0,0,5頭展開,5320,202607191910,55.55000000000001,5.236709694469267,1
1-4-6,2026-07-19,2000,0,5,1.7269010956006223,0,0.1,0,0.04468010363790822,0,0,5頭展開,2160,202607192211,48.78666666666667,17.269010956006223,1
3-5-6,2026-07-20,2000,5990,3,0.7621648323544435,1,0.1955774230968681,0,0.0,0,0,3まくり,5990,202607201803,52.881,3.896998029148532,3
1-3-4,2026-07-20,2000,0,3,0.7387031659456275,0,0.17160609112522213,0,0.0,0,0,3まくり,700,202607201806,37.874,4.304644206402853,1
3-2-5,2026-07-20,2000,5570,3,0.31987706816082906,1,0.19508286860160562,0,0.0,0,0,3まくり,5570,202607201903,52.797333333333334,1.6396984033184159,3
5-4-6,2026-07-20,2000,1140,5,0.0549241883272047,1,0.02,0,0.0,0,0,5頭展開,1140,202607200501,71.869,2.746209416360235,5
1-2-5,2026-07-20,2000,0,5,0.19895843542788988,0,0.02,0,0.0,0,0,5頭展開,3910,202607200506,78.97966666666667,9.947921771394494,1
1-4-6,2026-07-20,2000,0,5,0.23363655991560714,0,0.02,0,0.0,0,0,5頭展開,1860,202607200510,37.669000000000004,11.681827995780356,1
5-1-4,2026-07-20,2000,4050,5,0.06661529475347024,1,0.02,0,0.0,0,0,5頭展開,4050,202607200908,59.912000000000006,3.3307647376735114,5
1-4-2,2026-07-20,2000,0,5,0.08745484815989056,0,0.02,0,0.0,0,0,5頭展開,4530,202607201004,53.92633333333333,4.372742407994528,1
3-4-6,2026-07-20,2000,0,5,0.264585773038965,0,0.02,0,0.0,0,0,5頭展開,2000,202607201010,40.520999999999994,13.22928865194825,3
2-1-3,2026-07-20,2000,0,5,0.0781566646176177,0,0.02,0,0.0,0,0,5頭展開,23300,202607201206,41.696000000000005,3.9078332308808843,2
1-2-5,2026-07-20,2000,0,5,0.5445279194706847,0,0.02,0,0.0,0,0,5頭展開,760,202607202011,46.905333333333346,27.226395973534235,1
1-2-3,2026-07-20,2000,0,5,0.35043458401959654,0,0.02,0,0.0,0,0,5頭展開,500,202607202211,41.18666666666666,17.521729200979827,1
1-2-5,2026-07-21,2000,0,3,0.23270943598383773,0,0.15115950052200422,0,0.0,0,0,3まくり,8510,202607211905,45.57533333333333,1.5394959309882235,1
1-5-4,2026-07-21,2000,0,3,0.3605433408124813,0,0.20144534936355768,0,0.0,0,0,3まくり,7650,202607212303,52.647666666666666,1.7897823998001172,1
1-3-2,2026-07-21,2000,0,3,1.2603083199917755,0,0.15191846046178692,0,0.035678456346861565,0,0,3まくり,770,202607212305,45.75433333333333,8.295952421850599,1
4-2-6,2026-07-21,2000,0,5,0.922588489263662,0,0.10088313816297594,0,0.0,0,0,5頭展開,8220,202607210510,54.22100000000001,9.14512084044439,4
5-3-6,2026-07-21,2000,28400,5,1.6043081736120433,1,0.08980565494983511,0,0.03583374121471009,0,0,5頭展開,28400,202607210904,48.72,17.86422218632223,5
1-4-2,2026-07-21,2000,0,5,0.3952790547039664,0,0.12634113716814896,0,0.0,0,0,5頭展開,2770,202607211502,64.59100000000001,3.1286646896163735,1
4-1-6,2026-07-21,2000,0,5,0.6207151021801178,0,0.143186630118075,0,0.0,0,0,5頭展開,11640,202607211604,72.43766666666666,4.335007407243692,4
1-3-2,2026-07-21,2000,0,5,3.075946964972312,0,0.10005972314725352,0,0.06980058775886971,0,0,5頭展開,960,202607211611,37.56966666666666,30.74111009127594,1
3-2-1,2026-07-21,2000,0,5,0.6237451810973624,0,0.1268490221207732,0,0.0,0,0,5頭展開,10350,202607212204,58.45733333333334,4.917224986594642,3
1-3-4,2026-07-22,2000,0,3,1.3635931769950866,0,0.1521945309314546,0,0.04568016746795822,0,0,3まくり,620,202607220511,46.32033333333334,8.959541244022901,1
3-6-5,2026-07-22,2000,2280,3,0.33187990962200115,1,0.21348070211828907,0,0.0,0,0,3まくり,2280,202607220802,63.68933333333333,1.5546131632924245,3
3-1-5,2026-07-22,2000,990,3,0.3292357735907229,1,0.15712275976133086,0,0.0,0,0,3まくり,990,202607221410,41.93933333333333,2.095404727429886,3
1-2-4,2026-07-22,2000,0,5,1.7586166256623812,0,0.12674544840230198,0,0.05892083010281374,0,0,5頭展開,790,202607220507,47.230333333333334,13.875185640437095,1
1-3-4,2026-07-22,2000,0,5,2.73782307057218,0,0.11947253244793239,0,0.07929500659466249,0,0,5頭展開,2450,202607221312,44.163,22.915920626068235,1
5-1-3,2026-07-22,2000,4080,5,0.4513597053491709,1,0.1396569597131605,0,0.0,0,0,5頭展開,4080,202607221408,74.99366666666666,3.23191702208191,5
5-1-6,2026-07-22,2000,1980,5,0.31631468664925994,1,0.13857334807923946,0,0.0,0,0,5頭展開,1980,202607221506,60.044333333333334,2.2826516861552903,5
1-5-4,2026-07-22,2000,0,5,0.6355857399257433,0,0.11550589050589054,0,0.0,0,0,5頭展開,1400,202607221507,51.82966666666666,5.502626204966836,1
3-6-5,2026-07-22,2000,0,5,1.1948093052454059,0,0.11588615289964405,0,0.02092429000606682,0,0,5頭展開,19960,202607222204,43.090666666666664,10.310199064767433,3
3-5-4,2026-07-22,2000,0,5,2.561949078554416,0,0.1168022305940944,0,0.07461275244132361,0,0,5頭展開,32930,202607222210,43.36266666666666,21.934076648395358,3
5-1-4,2026-07-22,2000,14240,5,0.9159583408828212,1,0.13651349169481664,0,0.0,0,0,5頭展開,14240,202607222310,61.643000000000015,6.70965433167951,5
3-1-2,2026-07-23,2000,3980,3,0.6150911444030848,1,0.24377862017278268,0,0.0,0,0,3まくり,3980,202607230301,68.631,2.5231545898780103,3
4-6-1,2026-07-23,2000,0,3,1.0166990667692255,0,0.2087293449979883,0,0.0043140048134192276,0,0,3まくり,59990,202607230510,54.64300000000001,4.870896647421685,4
1-3-4,2026-07-23,2000,0,3,0.6548340801379271,0,0.19333343331717776,0,0.0,0,0,3まくり,450,202607230812,51.778000000000006,3.3870710766493426,1
4-6-5,2026-07-23,2000,0,3,0.5556790547730429,0,0.15118733475315943,0,0.0,0,0,3まくり,15730,202607231303,45.326,3.6754338958371684,4
3-1-4,2026-07-23,2000,1230,3,0.8107370242190824,1,0.24174704281840745,0,0.0,0,0,3まくり,1230,202607231305,68.373,3.353658496778725,3
3-1-4,2026-07-23,2000,990,3,0.3067135452513532,1,0.15243746672842945,0,0.0,0,0,3まくり,990,202607231406,46.158,2.0120614166185917,3
4-5-3,2026-07-23,2000,0,3,0.36529618405071423,0,0.2357463200020199,0,0.0,0,0,3まくり差し,22800,202607231902,67.527,1.5495308009371445,4
3-4-6,2026-07-23,2000,1520,3,0.8613746373466752,1,0.17911790929404647,0,0.0,0,0,3まくり,1520,202607231908,29.80833333333333,4.808981082581816,3
3-1-6,2026-07-23,2000,1570,3,0.6035646757798576,1,0.23164826359616336,0,0.0,0,0,3まくり,1570,202607232103,66.47933333333333,2.605522123973538,3
4-3-2,2026-07-23,2000,0,3,0.804912684192993,0,0.3147700326188799,0,0.0,0,0,3まくり,4300,202607232404,87.59366666666666,2.5571452196263307,4
1-3-4,2026-07-23,2000,0,3,0.9924734192096293,0,0.1756177039615463,0,0.0,0,0,3まくり,650,202607232412,28.367666666666672,5.651328976644312,1
1-2-4,2026-07-23,2000,0,5,1.6949024868994802,0,0.15261618823431383,0,0.06876373656235682,0,0,5頭展開,1350,202607230304,43.793000000000006,11.105653381260394,1
3-4-1,2026-07-23,2000,0,5,1.8593527576008386,0,0.15798842291848583,0,0.0797993610988421,0,0,5頭展開,1490,202607230904,50.44266666666667,11.76891776785551,3
1-2-4,2026-07-23,2000,0,5,1.1681941526252133,0,0.15744383063568784,0,0.026199478846281824,0,0,5頭展開,1780,202607230911,50.94799999999999,7.419751843616655,1
1-5-4,2026-07-23,2000,0,5,1.1297012373730004,0,0.21541340942580994,0,0.030558632517284363,0,0,5頭展開,1570,202607232107,65.86533333333333,5.244340361095665,1
1-2-5,2026-07-23,2000,0,5,2.32134076500498,0,0.14862986943165407,0,0.09038970890123388,0,0,5頭展開,1670,202607232210,40.99466666666667,15.618265520124304,1
6-5-4,2026-07-24,2000,0,3,0.3226712126029642,0,0.21580229185133792,0,0.0,0,0,3まくり,29170,202607240107,62.63000000000001,1.4952168016141656,6
1-5-4,2026-07-24,2000,0,3,0.326967793318055,0,0.18362217800850614,0,0.0,0,0,3まくり,4270,202607240206,31.81433333333333,1.7806552392756634,1
1-3-4,2026-07-24,2000,0,3,0.36293250768633867,0,0.17905611720094292,0,0.0,0,0,3まくり,1600,202607240305,33.62500000000001,2.026920461360409,1
1-3-2,2026-07-24,2000,0,3,0.6153006382137014,0,0.16152058341690928,0,0.0,0,0,3まくり,1160,202607240310,42.47000000000001,3.809425555537504,1
3-1-6,2026-07-24,2000,4300,3,1.1724691578936983,1,0.20478510482096335,0,0.036498601444855644,0,0,3まくり,4300,202607241204,53.576,5.725363467810553,3
3-2-5,2026-07-24,2000,3290,3,0.28264911341662596,1,0.17269018331652894,0,0.0,0,0,3まくり,3290,202607241405,38.39333333333334,1.6367410583990756,3
1-3-4,2026-07-24,2000,0,3,0.9688235340490772,0,0.24788319083432608,0,0.0,0,0,3まくり,470,202607241707,67.86600000000001,3.908387377087602,1
1-2-4,2026-07-24,2000,0,3,0.44234512574274953,0,0.2589446879330621,0,0.0,0,0,3まくり差し,18200,202607241406,69.554,1.7082610547975288,1
3-1-5,2026-07-24,2000,0,5,1.1562519460739924,0,0.13694513971209218,0,0.02099264367885712,0,0,5頭展開,8480,202607240109,48.23900000000001,8.443176212787462,3
2-1-4,2026-07-24,2000,0,5,0.6398201447919397,0,0.13095983880449275,0,0.0,0,0,5頭展開,2030,202607241304,51.05900000000001,4.885621047129678,2
5-3-1,2026-07-24,2000,22060,5,0.6335628770982766,1,0.19943644454170764,0,0.0,0,0,5頭展開,22060,202607241305,58.575,3.176765804034283,5
1-2-5,2026-07-24,2000,0,5,1.4319939152447791,0,0.18309609544091052,0,0.06333296277830983,0,0,5頭展開,390,202607241311,57.447,7.820996465251864,1
4-5-2,2026-07-24,2000,0,5,1.5604953800827084,0,0.12904401074008798,0,0.05052813766239148,0,0,5頭展開,30260,202607241507,44.835,12.092737749958472,4
1-4-2,2026-07-24,2000,0,5,2.0071490927801565,0,0.1353385737609129,0,0.07282047001898616,0,0,5頭展開,580,202607241906,37.21,14.830576656777511,1
1-6-5,2026-07-24,2000,0,5,1.2644866706445432,0,0.1899685812330094,0,0.04675971309603789,0,0,5頭展開,5150,202607242208,57.92533333333334,6.656293700975554,1
1-2-6,2026-07-24,2000,0,5,3.7564669507417845,0,0.1309026350315535,0,0.09952348263853825,0,0,5頭展開,1200,202607242209,45.50533333333333,28.69664884772033,1
1-3-2,2026-07-25,2000,0,3,0.40760372342338436,0,0.29955419614510176,0,0.0,0,0,3まくり,4050,202607250409,93.50766666666667,1.3607010973932216,1
1-2-3,2026-07-25,2000,0,3,1.834116177984473,0,0.16375603178049142,0,0.08177371548349134,0,0,3まくり,1070,202607250803,42.297999999999995,11.200296917569634,1
3-1-5,2026-07-25,2000,3570,3,0.7808767339236075,1,0.1675188336910826,0,0.0,0,0,3まくり,3570,202607251210,47.896,4.66142651974048,3
3-4-1,2026-07-25,2000,6290,3,0.6659397343350547,1,0.18120304367158377,0,0.0,0,0,3まくり,6290,202607251305,32.082,3.6751023649581627,3
1-3-4,2026-07-25,2000,0,3,0.6121384925493112,0,0.2088397045407018,0,0.0,0,0,3まくり,2020,202607251502,60.73366666666667,2.931140387770509,1
6-2-3,2026-07-25,2000,0,3,0.5796554207608073,0,0.3121175623455816,0,0.0,0,0,3まくり,39500,202607251706,89.55266666666667,1.8571701521845272,6
3-1-4,2026-07-25,2000,1920,3,0.8604171776858741,1,0.21294203386738764,0,0.0,0,0,3まくり,1920,202607252011,62.38933333333334,4.040616885540362,3
4-5-6,2026-07-25,2000,0,5,0.8911050642272814,0,0.2072907628287893,0,0.0,0,0,5頭展開,1200,202607250204,63.02766666666668,4.298817043590528,4
1-2-6,2026-07-25,2000,0,5,0.5030447041387561,0,0.15555555555555556,0,0.0,0,0,5頭展開,1750,202607250211,27.317000000000004,3.233858812320575,1
1-5-4,2026-07-25,2000,0,5,0.5462650843988205,0,0.11790687763157605,0,0.0,0,0,5頭展開,1380,202607250306,46.081,4.633021375612511,1
4-1-2,2026-07-25,2000,0,5,0.904010818591522,0,0.11575178728998219,0,0.0,0,0,5頭展開,6970,202607250408,45.135,7.809908077935659,4
1-2-5,2026-07-25,2000,0,5,0.4654847432323378,0,0.15419696252635204,0,0.0,0,0,5頭展開,760,202607251408,88.87633333333333,3.018767267563958,1
1-4-3,2026-07-25,2000,0,5,1.8118054455121875,0,0.11973224131529804,0,0.057443900927012244,0,0,5頭展開,1510,202607252012,51.12133333333334,15.132143402720176,1
,2026-07-25,2000,0,5,3.0566914009345063,0,0.20216372757762507,0,0.14565926404237894,0,0,5頭展開,0,202607252412,63.51500000000001,15.11988049271017,0
3-1-6,2026-07-26,2000,1000,3,0.5104368613140629,1,0.30233963154760046,0,0.0,0,0,3まくり,1000,202607260104,80.34933333333335,1.6882896188675798,3
1-4-6,2026-07-26,2000,0,3,0.5063270255081705,0,0.18527571194260353,0,0.0,0,0,3まくり,1950,202607260203,33.05866666666667,2.7328300088520256,1
1-4-5,2026-07-26,2000,0,3,2.976315008527036,0,0.29845685708741765,2700,0.22026736768807983,0,2700,3まくり,860,202607261211,75.26300000000002,9.972345877968142,1
1-3-4,2026-07-26,2000,0,3,0.3031365356485292,0,0.1421784858368726,0,0.0,0,0,3まくり,460,202607261402,17.318333333333328,2.1320844279937727,1
3-6-1,2026-07-26,2000,2090,3,0.4162301910477985,1,0.30106709586842695,0,0.0,0,0,3まくり差し,2090,202607260208,82.399,1.3825163784411048,3
2-4-3,2026-07-26,2000,0,3,0.5666720486423804,0,0.17025743396953508,0,0.0,0,0,3まくり差し,4450,202607260607,7.5969999999999995,3.328324851552606,2
4-6-2,2026-07-26,2000,0,5,1.4769634243812635,0,0.09473273963264432,0,0.032689226476275285,0,0,5頭展開,6190,202607260312,41.705000000000005,15.59084462360794,4
1-4-3,2026-07-26,2000,0,5,1.159342895681027,0,0.17697447452027226,0,0.028705752978468075,0,0,5頭展開,2230,202607261706,75.38566666666665,6.5509045800174155,1
1-3-2,2026-07-26,2000,0,5,2.2872465887410303,0,0.09801410739644316,0,0.05763130524953574,0,0,5頭展開,1590,202607261712,45.75766666666667,23.335891633330654,1
1-3-4,2026-07-27,2000,0,3,0.5830521744202531,0,0.19279688400733555,0,0.0,0,0,3まくり,1210,202607270107,51.088666666666676,3.024178411504146,1
5-2-3,2026-07-27,2000,0,3,0.42502759531118467,0,0.17766083205463082,0,0.0,0,0,3まくり,12180,202607270203,48.65166666666667,2.392353961172986,5
1-2-3,2026-07-27,2000,0,3,0.5378593912680144,0,0.16725837038253075,0,0.0,0,0,3まくり,4600,202607270303,41.460000000000015,3.215739756628593,1
3-1-6,2026-07-27,2000,2140,3,0.3037640643525021,1,0.21195632115503762,0,0.0,0,0,3まくり,2140,202607270908,61.199333333333335,1.4331446342207022,3
3-6-1,2026-07-27,2000,34260,3,0.44944339375214254,1,0.1579369886250979,0,0.0,0,0,3まくり,34260,202607271404,44.21,2.8457133295038726,3
1-5-2,2026-07-27,2000,0,3,0.5862018452082681,0,0.15361505466776942,0,0.0,0,0,3まくり,1530,202607272003,24.458333333333336,3.8160442443357825,1
1-2-3,2026-07-27,2000,0,3,0.5506024671297796,0,0.1343560957289742,0,0.0,0,0,3まくり,640,202607272009,18.50133333333333,4.098083262559712,1
1-5-2,2026-07-27,2000,0,3,0.5185184031736225,0,0.20627135735635074,0,0.0,0,0,3まくり差し,13710,202607272108,57.484,2.51376831868052,1
1-5-3,2026-07-27,2000,0,5,0.43093200223479583,0,0.08827920337423005,0,0.0,0,0,5頭展開,3430,202607270309,45.813,4.881466820764164,1
5-1-6,2026-07-27,2000,11860,5,1.0232037671036651,1,0.15679802195257758,0,0.004199308238738096,0,0,5頭展開,11860,202607270611,64.79433333333334,6.52561655027208,5
1-2-4,2026-07-27,2000,0,5,0.9352588992750251,0,0.08565734513725352,0,0.0,0,0,5頭展開,1550,202607271012,43.611666666666665,10.918607129095676,1
5-4-1,2026-07-27,2000,2610,5,0.5647441303452106,1,0.14066845020535812,0,0.0,0,0,5頭展開,2610,202607271406,67.92966666666665,4.014717795786871,5
1-2-5,2026-07-27,2000,0,5,0.6779713256050348,0,0.0855090815941847,0,0.0,0,0,5頭展開,1760,202607271910,43.25800000000001,7.928647027488858,1
5-1-3,2026-07-27,2000,30120,5,1.7222132057253794,1,0.09467878728235708,0,0.04201340979491932,0,0,5頭展開,30120,202607272011,51.63066666666667,18.190064059326044,5
1-4-5,2026-07-28,2000,0,3,0.6453574137773318,0,0.17715840187092718,0,0.0,0,0,3まくり,4880,202607281010,38.733999999999995,3.642827023510416,1
4-5-1,2026-07-28,2000,0,3,1.4983873283028544,0,0.22786514233204944,0,0.08938458592397171,0,0,3まくり,1230,202607281906,64.11666666666667,6.575763686221808,4
1-4-3,2026-07-28,2000,0,3,1.4651163910951694,0,0.17378699797767175,0,0.06259532366369933,0,0,3まくり,1020,202607281908,39.722,8.430529372993764,1
1-5-3,2026-07-28,2000,0,3,0.7197692821403779,0,0.12693418955594885,0,0.0,0,0,3まくり,2410,202607282012,20.56266666666667,5.670413027871619,1
3-1-6,2026-07-28,2000,700,3,0.637766028781236,1,0.2685535888557794,0,0.0,0,0,3まくり,700,202607282406,71.42133333333334,2.374818491529204,3
1-2-3,2026-07-28,2000,0,3,2.027952128600926,0,0.21300805317830698,0,0.12064398272040061,0,0,3まくり,1250,202607282411,59.39766666666666,9.520542056235529,1
5-4-6,2026-07-28,2000,12860,5,0.6280533909367088,1,0.10513946147202768,0,0.0,0,0,5頭展開,12860,202607280304,40.521,5.9735268009129205,5
1-2-3,2026-07-28,2000,0,5,0.9853904027329827,0,0.1408086083419662,0,0.0,0,0,5頭展開,1610,202607281511,52.091,6.99808352867088,1
1-2-5,2026-07-28,2000,0,5,2.9571823001921778,0,0.21764779873536252,0,0.1554922630593327,0,0,5頭展開,900,202607281712,66.71499999999999,13.587007621371853,1
1-3-4,2026-07-28,2000,0,5,0.8027161990039581,0,0.10115160425355472,0,0.0,0,0,5頭展開,1000,202607282007,43.16266666666667,7.935773287310454,1
1-5-3,2026-07-28,2000,0,5,2.1199821565993404,0,0.2123219926558015,0,0.12465367140473137,0,0,5頭展開,2410,202607282012,58.494666666666674,9.98475066139793,1
3-2-6,2026-07-29,2000,2560,3,0.3271497880234535,1,0.20027871031117872,0,0.0,0,0,3まくり,2560,202607291502,52.247666666666674,1.6334726118175595,3
1-6-5,2026-07-29,2000,0,3,1.0955455386762096,0,0.15976299253239182,0,0.016312167014584017,0,0,3まくり,5840,202607291805,45.741,6.857317338081838,1
1-3-4,2026-07-29,2000,0,3,0.5610964268113776,0,0.2826674994798412,0,0.0,0,0,3まくり,350,202607291908,72.84266666666669,1.9850050955412117,1
1-3-5,2026-07-29,2000,0,3,1.1673114825694066,0,0.21400947912108353,0,0.03756023076227172,0,0,3まくり,700,202607292305,61.35433333333333,5.454484947879147,1
3-1-6,2026-07-29,2000,2300,3,0.9701137281196259,1,0.2100879600243592,0,0.0,0,0,3まくり,2300,202607292405,54.663666666666664,4.617655043188308,3
1-2-3,2026-07-29,2000,0,5,4.423220842166063,0,0.17965072323440484,0,0.14492139468666237,0,0,5頭展開,500,202607290410,56.76566666666667,24.62122479960589,1
3-1-2,2026-07-29,2000,0,5,1.1148722638565043,0,0.1240601490783244,0,0.0143832215678883,0,0,5頭展開,3410,202607291111,41.10366666666667,8.98654622083872,3
1-3-4,2026-07-29,2000,0,5,1.4533722349766516,0,0.1201465909223908,0,0.04085664620556374,0,0,5頭展開,2350,202607291904,47.46333333333334,12.096658122538521,1
1-2-5,2026-07-29,2000,0,5,1.9610124526264279,0,0.22367731377946706,0,0.12372781687634532,0,0,5頭展開,1380,202607292410,62.795,8.767149513248684,1
3-4-1,2026-07-30,2000,2700,3,0.7057577123340275,1,0.2717208925065097,0,0.0,0,0,3まくり,2700,202607300804,71.556,2.597362704883355,3
5-1-3,2026-07-30,2000,0,3,0.612637597034055,0,0.2031936520112671,0,0.0,0,0,3まくり,3550,202607301010,51.873000000000005,3.0150429945522323,5
4-1-3,2026-07-30,2000,0,3,0.5995655849245132,0,0.21173739861135624,0,0.0,0,0,3まくり,1790,202607301810,60.419,2.8316470725373137,4
1-2-3,2026-07-30,2000,0,3,0.3162689409554321,0,0.18525292520998665,0,0.0,0,0,3まくり,970,202607302203,28.84,1.707227783836272,1
4-1-2,2026-07-30,2000,0,3,0.6600449942808941,0,0.23131561594548514,0,0.0,0,0,3まくり,6780,202607302206,64.81566666666669,2.853438975933423,4
2-4-1,2026-07-30,2000,0,5,2.485102286335601,0,0.1431182549269255,0,0.09075435389732144,0,0,5頭展開,4880,202607300412,53.920333333333325,17.363978393982407,2
5-4-2,2026-07-30,2000,9330,5,0.5605821226310671,1,0.12009434721959666,0,0.0,0,0,5頭展開,9330,202607301006,49.998333333333335,4.667847701491089,5
5-6-3,2026-07-30,2000,25950,5,1.3978155804226804,1,0.1505949173229282,0,0.048034005702433394,0,0,5頭展開,25950,202607301106,54.721,9.281957221871403,5
1-2-5,2026-07-30,2000,0,5,1.3688560187484888,0,0.20873305482568932,0,0.0663657611981701,0,0,5頭展開,1040,202607301109,63.20500000000001,6.557926438108259,1
4-2-1,2026-07-30,2000,0,5,0.7928822062277441,0,0.2083699066771925,0,0.0,0,0,5頭展開,6070,202607301609,63.65766666666668,3.805166585096573,4
1-2-4,2026-07-30,2000,0,5,2.029054729073631,0,0.11963506121024417,0,0.06447562449127517,0,0,5頭展開,1690,202607301802,49.282000000000004,16.960368545369928,1
1-3-4,2026-07-30,2000,0,5,1.4632700960956169,0,0.13742891787698455,0,0.048019860174148686,0,0,5頭展開,930,202607301912,53.20866666666667,10.64746866016525,1
1-2-5,2026-07-30,2000,0,5,1.1098327582635672,0,0.2030420696179779,0,0.02459296376652778,0,0,5頭展開,570,202607302408,67.09633333333333,5.4660236686500925,1
1-3-5,2026-07-31,2000,0,3,0.3304484394305706,0,0.18526574549852956,0,0.0,0,0,3まくり,800,202607310107,49.361000000000004,1.7836456412456092,1
4-1-6,2026-07-31,2000,0,3,0.5140286031851642,0,0.22847752594051582,0,0.0,0,0,3まくり,8490,202607310603,64.59433333333334,2.249799410551179,4
2-3-4,2026-07-31,2000,0,3,0.4867481384774483,0,0.27249161569663527,0,0.0,0,0,3まくり差し,13790,202607310803,71.028,1.7862866614558324,2
1-4-6,2026-07-31,2000,0,3,0.7316665531164218,0,0.28965571863277534,0,0.0,0,0,3まくり,7070,202607311007,73.49133333333334,2.5259869080783677,1
2-1-3,2026-07-31,2000,0,3,1.0295707243317604,0,0.1990012325103429,0,0.007085030989206111,0,0,3まくり,7380,202607311507,51.49566666666668,5.1736901894728184,2
3-5-4,2026-07-31,2000,15400,3,0.6833579047436011,1,0.21135795334316743,0,0.0,0,0,3まくり,15400,202607311606,59.482,3.2331780940085078,3
2-3-1,2026-07-31,2000,0,3,1.2798898663486975,0,0.16541893213292747,0,0.04154355343399694,0,0,3まくり,30920,202607311612,42.28900000000001,7.7372635033105075,2
3-4-1,2026-07-31,2000,5110,3,0.5614241712958157,1,0.21261754065834815,0,0.0,0,0,3まくり,5110,202607312009,61.58933333333335,2.6405355341681784,3
1-3-6,2026-07-31,2000,0,3,0.5531899830858669,0,0.2009904612688246,0,0.0,0,0,3まくり,870,202607312010,51.74933333333333,2.7523195856840967,1
4-1-2,2026-07-31,2000,0,5,1.4732817347347278,0,0.11824823497465432,0,0.04130136250360851,0,0,5頭展開,9230,202607310112,41.561666666666675,12.459228123367046,4
4-1-5,2026-07-31,2000,0,5,1.7209386987892776,0,0.2022890176866641,0,0.09603135140719177,0,0,5頭展開,2800,202607310511,64.649,8.507326391069476,4
3-5-6,2026-07-31,2000,0,5,1.4053838045143383,0,0.12413049439282092,0,0.03927442893274161,0,0,5頭展開,20940,202607311005,40.742333333333335,11.321825562596153,3
1-2-3,2026-07-31,2000,0,5,3.1304678605142278,0,0.15919517992371895,0,0.11414644525619862,0,0,5頭展開,1210,202607311103,25.783666666666665,19.66433821686212,1
1-4-5,2026-07-31,2000,0,5,1.605717076898828,0,0.21375554970838373,0,0.09301649809359269,0,0,5頭展開,2670,202607311104,60.191666666666656,7.511931639152431,1
1-4-3,2026-07-31,2000,0,5,1.6385204552734198,0,0.11673279503947302,0,0.04897942031050806,0,0,5頭展開,1340,202607311312,44.935,14.036504948925078,1
1-2-4,2026-07-31,2000,0,5,3.2976863455255563,0,0.2038706007663932,0,0.15140872446219272,0,0,5頭展開,1080,202607311511,58.524333333333345,16.17538935544825,1
1-5-2,2026-07-31,2000,0,5,1.0371359523597454,0,0.1355500099661784,0,0.005583248890397668,0,0,5頭展開,1940,202607312202,38.449333333333335,7.651315943233978,1
5-1-4,2026-07-31,2000,18450,5,1.2370991326136518,1,0.1193888088518291,0,0.025325867016486286,0,0,5頭展開,18450,202607312304,45.736333333333334,10.361935465400187,5
1-3-4,2026-08-01,2000,0,3,0.7586827528722999,0,0.178680625330493,0,0.0,0,0,3まくり,610,202608010811,36.14433333333333,4.246026962738784,1
2-5-1,2026-08-01,2000,0,3,0.3058925651136032,0,0.2121425570253364,0,0.0,0,0,3まくり,201040,202608011301,57.816,1.4419198552276813,2
1-6-3,2026-08-01,2000,0,3,0.4774404521484913,0,0.16328969241453972,0,0.0,0,0,3まくり,980,202608011802,42.763,2.923886040133044,1
2-1-4,2026-08-01,2000,0,3,0.6400194510633741,0,0.1692099835944421,0,0.0,0,0,3まくり,10260,202608011805,26.740000000000002,3.7823976899457388,2
3-6-4,2026-08-01,2000,0,5,0.5043736635739698,0,0.15082857313494039,0,0.0,0,0,5頭展開,91580,202608010505,50.733000000000004,3.3440193266479192,3
1-4-6,2026-08-01,2000,0,5,2.227265939895773,0,0.19684543440746094,0,0.11898111569463507,0,0,5頭展開,970,202608011005,59.466333333333345,11.314796030704148,1
1-4-6,2026-08-01,2000,0,5,2.713747949570165,0,0.15079178976582536,0,0.10082853720873897,0,0,5頭展開,4860,202608011109,50.70500000000001,17.996655877515117,1
5-2-1,2026-08-01,2000,12310,5,1.8594451966150851,1,0.14887039544557462,0,0.07479704845202409,0,0,5頭展開,12310,202608011112,49.63166666666667,12.490362446137773,5
4-6-5,2026-08-01,2000,0,5,1.4033783374368385,0,0.14794375788886607,0,0.04753517870509522,0,0,5頭展開,2310,202608011308,26.351000000000003,9.485890837591423,4
5-4-1,2026-08-01,2000,1220,5,0.46476234308270714,1,0.20598603922031833,0,0.0,0,0,5頭展開,1220,202608011603,71.203,2.2562807889402987,5
1-4-6,2026-08-01,2000,0,5,2.1515754919988272,0,0.1589505725905501,0,0.09186053132810063,0,0,5頭展開,1060,202608011607,53.156333333333336,13.536129231451051,1
1-5-6,2026-08-01,2000,0,5,0.777282143225081,0,0.20403991707405827,0,0.0,0,0,5頭展開,1640,202608012003,72.79466666666667,3.8094611798090416,1
5-4-6,2026-08-01,2000,12730,5,1.605107639696685,1,0.1956295874659866,0,0.08398637902806012,0,0,5頭展開,12730,202608012012,75.23333333333333,8.20483067253699,5
1-4-2,2026-08-02,2000,0,3,0.5771446711407341,0,0.15800967855276368,0,0.0,0,0,3まくり,2340,202608020603,25.674666666666674,3.6525906287949947,1
1-6-2,2026-08-02,2000,0,3,1.0996557398250224,0,0.20524759537054577,0,0.022868867072352167,0,0,3まくり,25400,202608020612,52.584666666666664,5.357703401298067,1
1-3-5,2026-08-02,2000,0,3,0.5808952382649464,0,0.17548916540105242,0,0.0,0,0,3まくり,830,202608021307,48.34800000000001,3.3101487316177227,1
1-3-4,2026-08-02,2000,0,3,0.40705004993776045,0,0.24684446432384166,0,0.0,0,0,3まくり,690,202608022103,67.746,1.6490142934853946,1
3-1-4,2026-08-02,2000,1750,3,0.5892129287241101,1,0.2640115141611867,0,0.0,0,0,3まくり差し,1750,202608021301,70.206,2.2317698172981144,3
5-4-1,2026-08-02,2000,7510,5,2.0373083344543588,1,0.25131504310702407,0,0.1459642598052593,0,0,5頭展開,7510,202608020110,72.13366666666667,8.106591269933485,5
1-3-2,2026-08-02,2000,0,5,3.4927170674180448,0,0.20503177010901294,0,0.1554547185924374,0,0,5頭展開,2830,202608020512,65.70366666666668,17.03500421208386,1
4-2-5,2026-08-02,2000,0,5,1.6840249998345826,0,0.20331943550072892,0,0.09392520713415531,0,0,5頭展開,5280,202608020609,64.80233333333334,8.282656282648125,4
1-2-4,2026-08-02,2000,0,5,1.8790157126102003,0,0.1616902364025355,0,0.08276139866471058,0,0,5頭展開,560,202608020810,32.830999999999996,11.62108334069289,1
1-4-2,2026-08-02,2000,0,5,3.1379425051557157,0,0.15908345817524328,0,0.1141750186014235,0,0,5頭展開,2370,202608021103,48.35033333333333,19.725133845776842,1
1-2-3,2026-08-02,2000,0,5,2.766369725458575,0,0.12681394763500975,0,0.08486288478929921,0,0,5頭展開,930,202608021112,42.25833333333333,21.814396421288116,1
1-3-5,2026-08-02,2000,0,5,0.6634023521276325,0,0.13601390815255007,0,0.0,0,0,5頭展開,2200,202608022206,38.224000000000004,4.877459674076682,1
2-3-5,2026-08-03,2000,0,3,0.6202847749236322,0,0.2126729647677007,0,0.0,0,0,3まくり,1580,202608030102,54.074,2.9166131934125215,2
1-3-4,2026-08-03,2000,0,3,1.1857369180104784,0,0.31182409640812564,0,0.06627348311706202,0,0,3まくり,610,202608030411,82.21433333333336,3.802582711435318,1
1-6-3,2026-08-03,2000,0,3,0.5270129160854511,0,0.1304050186623138,0,0.0,0,0,3まくり,5730,202608030611,22.764666666666667,4.041354554383837,1
1-4-5,2026-08-03,2000,0,3,0.5163216085010233,0,0.2792964003194699,0,0.0,0,0,3まくり,2910,202608031301,72.24300000000001,1.8486511387559412,1
3-4-5,2026-08-03,2000,870,3,0.4368142386837821,1,0.21303556246759062,0,0.0,0,0,3まくり,870,202608031907,58.512666666666675,2.0504287341707808,3
1-6-3,2026-08-03,2000,0,5,3.4388302570700935,0,0.16137901419949566,0,0.12008600388549355,0,0,5頭展開,5730,202608030611,50.869,21.309030013152977,1
4-5-6,2026-08-03,2000,0,5,1.2699629335815055,0,0.26969018089784336,0,0.07278649968018654,0,0,5頭展開,7090,202608031304,72.271,4.708969860725326,4
5-4-6,2026-08-03,2000,9050,5,1.1498515139157164,1,0.1953429416066207,0,0.03066754598304675,0,0,5頭展開,9050,202608031707,61.86833333333334,5.886322303015554,5
4-1-5,2026-08-03,2000,0,5,0.5856349205174228,0,0.1831217004139014,0,0.0,0,0,5頭展開,3800,202608031902,57.467333333333336,3.1980640153173523,4
6-1-2,2026-08-03,2000,0,5,1.4478238324698611,0,0.2284705352373103,0,0.08390886458307553,0,0,5頭展開,7610,202608032006,68.752,6.337026483375721,6
1-3-2,2026-08-03,2000,0,5,2.361026069645288,0,0.1337947998567778,0,0.08175990210722016,0,0,5頭展開,1170,202608032010,44.980000000000004,17.64662058744193,1
4-1-2,2026-08-03,2000,0,5,0.864860148267517,0,0.12586169481661735,0,0.0,0,0,5頭展開,7540,202608032309,39.541666666666664,6.871512015849087,4
1-3-6,2026-08-04,2000,0,3,0.739401431083965,0,0.21794875102230635,0,0.0,0,0,3まくり,1110,202608040503,60.089,3.3925472278035205,1
4-5-2,2026-08-04,2000,0,3,2.729993370665255,0,0.22690701329319354,0,0.15682544375608573,0,0,3まくり,16220,202608040612,63.795000000000016,12.0313309449706,4
3-1-2,2026-08-04,2000,1760,3,0.5159830396047423,1,0.30620422474580505,0,0.0,0,0,3まくり,1760,202608041003,86.16433333333333,1.6850944497355802,3
3-4-5,2026-08-04,2000,5650,3,0.7780017518239888,1,0.21407434324839142,0,0.0,0,0,3まくり,5650,202608041706,56.95433333333334,3.6342596689472026,3
3-1-6,2026-08-04,2000,1370,3,0.39154517604889194,1,0.25886361638243327,0,0.0,0,0,3まくり,1370,202608042108,69.35666666666667,1.5125539136038377,3
1-2-4,2026-08-04,2000,0,5,1.5815546643480225,0,0.20891080947086932,0,0.08851025358750343,0,0,5頭展開,2710,202608041004,60.37833333333333,7.570477891277118,1
2-4-1,2026-08-04,2000,0,5,1.0661041901945614,0,0.20269359170186563,0,0.01551856759746764,0,0,5頭展開,11670,202608041005,65.11300000000001,5.259683748476143,2
4-1-3,2026-08-04,2000,0,5,2.8021422838837404,0,0.2503697725961891,2100,0.17681903531999618,0,2100,5頭展開,2590,202608041208,71.08900000000001,11.192015133564858,4
1-3-6,2026-08-04,2000,0,5,2.830298024960647,0,0.1597313210745614,0,0.10947336423452814,0,0,5頭展開,3250,202608041212,52.77299999999999,17.7191173648372,1
1-3-6,2026-08-05,2000,0,3,0.705868445627125,0,0.2179996631888598,0,0.0,0,0,3まくり,580,202608050609,54.95633333333335,3.237933652290139,1
3-1-5,2026-08-05,2000,1080,3,0.44164966461020194,1,0.15692357215750036,0,0.0,0,0,3まくり,1080,202608050910,44.627,2.8144252551613405,3
1-2-3,2026-08-05,2000,0,3,0.3820365597976806,0,0.17739851174570018,0,0.0,0,0,3まくり,3230,202608051004,36.181666666666665,2.153549970843769,1
3-1-4,2026-08-05,2000,1720,3,0.6914256437964237,1,0.30648143637331965,0,0.0,0,0,3まくり,1720,202608051707,76.08033333333334,2.2560114960901263,3
3-1-2,2026-08-05,2000,4900,3,0.39331908273596905,1,0.30940483559460175,0,0.0,0,0,3まくり,4900,202608051709,84.23666666666666,1.2712118153554526,3
5-4-6,2026-08-05,2000,1430,5,0.546342065962153,1,0.20377394049476885,0,0.0,0,0,5頭展開,1430,202608050401,77.97233333333334,2.68111842287399,5
5-1-3,2026-08-05,2000,20600,5,0.575404411060836,1,0.1906359068253955,0,0.0,0,0,5頭展開,20600,202608050407,78.85233333333333,3.0183422453979363,5
1-2-6,2026-08-05,2000,0,5,2.8195935614046643,0,0.2429168950710657,2000,0.17154267898760767,0,2000,5頭展開,1970,202608050610,75.00633333333334,11.607235308107278,1
1-4-3,2026-08-05,2000,0,5,1.5637796289915755,0,0.18964634502472433,0,0.0778081335232592,0,0,5頭展開,1210,202608050611,63.88100000000001,8.245767292734824,1
2-4-1,2026-08-05,2000,0,5,0.7665438208783152,0,0.17259334538367796,0,0.0,0,0,5頭展開,5100,202608050907,56.44533333333334,4.441328946804265,2
4-1-3,2026-08-05,2000,0,5,0.9133469149156807,0,0.17402459177404775,0,0.0,0,0,5頭展開,3950,202608051402,56.82966666666667,5.248378436661202,4
1-3-2,2026-08-05,2000,0,5,1.875813285117477,0,0.14566156724738968,0,0.07373476811810774,0,0,5頭展開,1000,202608051712,31.955,12.877887562006116,1
1-3-4,2026-08-05,2000,0,5,1.099311736787114,0,0.15504527807702848,0,0.01630664279604394,0,0,5頭展開,1230,202608052110,53.308,7.090262602134596,1
1-4-6,2026-08-06,2000,0,3,0.610615563848911,0,0.27584216069899403,0,0.0,0,0,3まくり,7370,202608060203,71.04100000000001,2.213641171826631,1
1-5-6,2026-08-06,2000,0,3,2.330749206766335,0,0.22329355908320017,0,0.14099832988308653,0,0,3まくり,2080,202608060211,63.147666666666666,10.438049428456141,1
5-1-3,2026-08-06,2000,0,3,0.7258923039848126,0,0.2262863312645052,0,0.0,0,0,3まくり,3180,202608061204,63.59600000000001,3.20784865762095,5
3-6-1,2026-08-06,2000,2530,3,0.34622387515840014,1,0.18014476319855943,0,0.0,0,0,3まくり,2530,202608061407,33.79933333333334,1.9219202879452275,3
3-5-4,2026-08-06,2000,2320,3,0.21714500616029775,1,0.19346531398260997,0,0.0,0,0,3まくり,2320,202608061703,51.101000000000006,1.1223976106632545,3
3-1-5,2026-08-06,2000,710,3,0.40615775655417014,1,0.2008198417670102,0,0.0,0,0,3まくり,710,202608061706,51.987000000000016,2.022498140524339,3
4-3-6,2026-08-06,2000,0,3,0.24434860196802502,0,0.16094171979085956,0,0.0,0,0,3まくり,3420,202608062406,45.731,1.5182427669192984,4
4-5-1,2026-08-06,2000,0,5,0.650047549023033,0,0.13835287909674945,0,0.0,0,0,5頭展開,3570,202608060404,46.72833333333334,4.6984750390951975,4
1-2-4,2026-08-06,2000,0,5,0.25617339775449005,0,0.12353139789988339,0,0.0,0,0,5頭展開,5980,202608061005,44.14633333333333,2.0737513062234347,1
1-3-4,2026-08-06,2000,0,5,1.8238827630279113,0,0.19609431880054085,0,0.09925044606404582,0,0,5頭展開,1530,202608061012,62.021,9.30104846577983,1
4-5-1,2026-08-06,2000,0,5,1.2440161328964872,0,0.16288501168599093,0,0.03676387616509651,0,0,5頭展開,2400,202608061210,55.401,7.637388609424031,4
1-3-2,2026-08-06,2000,0,5,0.6199606568229323,0,0.12048959906381161,0,0.0,0,0,5頭展開,2940,202608061408,39.60033333333333,5.145345835988711,1
1-3-4,2026-08-06,2000,0,5,2.6663920519700333,0,0.13733547174670635,0,0.09049016157323679,0,0,5頭展開,1380,202608061810,46.650000000000006,19.415173793466654,1
1-2-5,2026-08-06,2000,0,5,1.1941207908935256,0,0.1488952003386054,0,0.027653029461931565,0,0,5頭展開,890,202608061912,48.58866666666667,8.019874302045686,1
3-4-6,2026-08-07,2000,15920,3,0.9756113664332989,1,0.2728981768997983,0,0.0,0,0,3まくり,15920,202608071003,70.79866666666668,3.575001407178767,3
1-3-5,2026-08-07,2000,0,3,0.4717833738980548,0,0.1839695201763471,0,0.0,0,0,3まくり,530,202608071210,34.99600000000001,2.5644648822577722,1
2-1-3,2026-08-07,2000,0,3,2.039608047293117,0,0.21450406252672838,0,0.12218490093779316,0,0,3まくり,27720,202608071707,53.085666666666675,9.508482139068906,2
5-2-1,2026-08-07,2000,6090,5,0.7667988993680578,1,0.14246476361378593,0,0.0,0,0,5頭展開,6090,202608070401,49.995000000000005,5.382375823447874,5
2-1-3,2026-08-07,2000,0,5,0.6106287134585731,0,0.11589971306654336,0,0.0,0,0,5頭展開,9520,202608070405,44.72166666666667,5.26859555819593,2
3-4-2,2026-08-07,2000,0,5,0.5755034056709826,0,0.17949856619299706,0,0.0,0,0,5頭展開,9810,202608071201,59.248999999999995,3.2061727170132412,3
4-6-5,2026-08-07,2000,0,5,2.486255564043171,0,0.17120675548462003,0,0.1099143102296971,0,0,5頭展開,8050,202608071802,58.294000000000004,14.521947787664946,4
5-1-2,2026-08-07,2000,1330,5,0.5082671925997263,1,0.1644538221124951,0,0.0,0,0,5頭展開,1330,202608072002,57.58000000000001,3.090637761231507,5
1-5-2,2026-08-07,2000,0,5,1.5412095763452063,0,0.2384614771107752,0,0.09906568666468703,0,0,5頭展開,1920,202608072006,71.292,6.463138595879999,1
5-4-2,2026-08-07,2000,26400,5,0.7176664460704046,1,0.1845759614499591,0,0.0,0,0,5頭展開,26400,202608072402,65.94166666666668,3.888190208696126,5
2-3-1,2026-08-08,2000,0,3,0.5615466480862211,0,0.2178100541194186,0,0.0,0,0,3まくり,4620,202608080402,61.936000000000014,2.578148425500791,2
1-3-6,2026-08-08,2000,0,3,0.6670558088130574,0,0.31162180742711815,0,0.0,0,0,3まくり,490,202608080508,75.91766666666666,2.140594120548087,1
1-3-2,2026-08-08,2000,0,3,0.5999277410161363,0,0.18595731430968235,0,0.0,0,0,3まくり,530,202608081003,33.26233333333333,3.2261583430757237,1
3-1-6,2026-08-08,2000,3440,3,1.2795283880824668,1,0.20949579330573104,0,0.05472732484848024,0,0,3まくり,3440,202608081203,52.40600000000001,6.107656711823166,3
1-3-4,2026-08-08,2000,0,3,1.1041362171719484,0,0.272849291206151,0,0.034180127410574704,0,0,3まくり,490,202608081706,70.24600000000002,4.046688969910937,1
,2026-08-08,2000,0,3,0.33264478653979446,0,0.19951991804038466,0,0.0,0,0,3まくり差し,0,202608080208,51.146,1.6672259582247027,5
3-1-5,2026-08-08,2000,1110,3,0.6774425782794405,1,0.28948303727864316,0,0.0,0,0,3まくり差し,1110,202608081902,72.84100000000001,2.3401805668750297,3
4-3-5,2026-08-08,2000,0,5,0.4183659903559339,0,0.16137582025744523,0,0.0,0,0,5頭展開,33170,202608080204,50.20500000000001,2.592494896004299,4
1-4-2,2026-08-08,2000,0,5,0.5722180346156194,0,0.13240821406736797,0,0.0,0,0,5頭展開,2570,202608080211,45.66766666666667,4.32162036657696,1
5-4-1,2026-08-08,2000,8500,5,0.9455074396716598,1,0.11260245882342122,0,0.0,0,0,5頭展開,8500,202608080405,42.349666666666664,8.396863172893655,5
1-3-5,2026-08-08,2000,0,5,1.5548255494729615,0,0.1713673375472605,0,0.06872558664712564,0,0,5頭展開,3460,202608080412,54.66966666666666,9.07305657966568,1
1-2-5,2026-08-08,2000,0,5,1.0772950156832328,0,0.2127606005263772,0,0.01902218542853106,0,0,5頭展開,4060,202608081007,67.449,5.063414057950425,1
3-1-6,2026-08-08,2000,0,5,1.5802207362183454,0,0.1396842748467142,0,0.05626217382412886,0,0,5頭展開,23420,202608081210,35.473000000000006,11.31280337713345,3
2-1-4,2026-08-08,2000,0,5,1.0374793391909019,0,0.17462223089656698,0,0.0075849474485778935,0,0,5頭展開,4140,202608081405,55.72966666666667,5.941278689798817,2
5-1-4,2026-08-08,2000,2300,5,0.4095500823403854,1,0.14903699166893022,0,0.0,0,0,5頭展開,2300,202608081603,48.084333333333326,2.747976041076817,5
4-6-1,2026-08-08,2000,0,5,2.9012596992060544,0,0.20749950103933212,0,0.14645343679809983,0,0,5頭展開,49660,202608081612,65.855,13.982008075557312,4
5-2-1,2026-08-08,2000,17620,5,1.844485198557869,1,0.17437632370247036,0,0.08817282906686058,0,0,5頭展開,17620,202608081710,55.60433333333334,10.57761259897314,5
4-5-1,2026-08-08,2000,0,5,1.6065135681729341,0,0.20092962733841901,0,0.08670171996723906,0,0,5頭展開,9490,202608081807,60.234,7.995404109654458,4
1-3-5,2026-08-08,2000,0,5,1.5868490546107668,0,0.13765218003646948,0,0.05574194447751805,0,0,5頭展開,1270,202608081808,46.658,11.527961665339031,1
1-5-4,2026-08-09,2000,0,3,0.5200710972393857,0,0.3000341095028342,0,0.0,0,0,3まくり,19670,202608090303,74.231,1.733373242466197,1
1-3-4,2026-08-09,2000,0,3,0.5663015614511385,0,0.21619392604605814,0,0.0,0,0,3まくり,1170,202608090307,57.966,2.6194147625150817,1
1-3-5,2026-08-09,2000,0,3,0.935020315453885,0,0.1889830566309158,0,0.0,0,0,3まくり,1150,202608091208,49.29900000000001,4.94764097968836,1
1-5-3,2026-08-09,2000,0,3,0.4578721442680593,0,0.1633238081212749,0,0.0,0,0,3まくり,890,202608091305,45.796,2.803462333722158,1
3-1-4,2026-08-09,2000,1940,3,0.7596992387142094,1,0.18086767758210023,0,0.0,0,0,3まくり,1940,202608091311,35.296,4.2003040502876114,3
3-5-1,2026-08-09,2000,13450,3,0.25122512291215926,1,0.21811232795738023,0,0.0,0,0,3まくり,13450,202608092307,62.35433333333333,1.1518153295821472,3
5-1-4,2026-08-09,2000,4250,5,0.9281705251845851,1,0.17153977814901442,0,0.0,0,0,5頭展開,4250,202608090310,50.13700000000001,5.410818034160538,5
1-4-5,2026-08-09,2000,0,5,0.5972887088141839,0,0.19291798639721938,0,0.0,0,0,5頭展開,1570,202608090502,58.401,3.0960757986783185,1
2-4-1,2026-08-09,2000,0,5,1.5903536703705237,0,0.2576235837180376,0,0.11411840232703407,0,0,5頭展開,7320,202608090503,73.013,6.173168028401952,2
2-4-5,2026-08-09,2000,0,5,1.669036293799737,0,0.18867859929910172,0,0.08527184427340612,0,0,5頭展開,2610,202608090506,57.67966666666666,8.845922643054532,2
5-4-1,2026-08-09,2000,4800,5,1.1949187010638298,1,0.22895101798880746,0,0.04619909735650434,0,0,5頭展開,4800,202608090907,70.10133333333334,5.2191019352543115,5
1-2-3,2026-08-09,2000,0,5,3.868659095368965,0,0.20008155917668263,0,0.1564545873394649,0,0,5頭展開,380,202608090910,65.36133333333335,19.335410576007824,1
1-2-3,2026-08-09,2000,0,5,2.432368242879062,0,0.1688488160820968,0,0.10684851172051232,0,0,5頭展開,1280,202608091203,48.997,14.405598447882564,1
2-4-5,2026-08-09,2000,0,5,2.4074688829190602,0,0.20003601729137777,0,0.12754384252615367,0,0,5頭展開,1330,202608091301,65.347,12.035177042203742,2
3-1-2,2026-08-09,2000,0,5,2.453889763808065,0,0.2547224635185416,0,0.16839936746641576,0,0,5頭展開,5820,202608091310,72.239,9.633582095241643,3
3-5-1,2026-08-09,2000,0,5,1.3429727345369984,0,0.14128746039297913,0,0.04032482355355913,0,0,5頭展開,39430,202608091511,44.702999999999996,9.505250719360609,3
4-1-6,2026-08-09,2000,0,5,0.8662679146292054,0,0.15794493300193724,0,0.0,0,0,5頭展開,10400,202608091603,47.49366666666666,5.484619849239357,4
2-6-1,2026-08-09,2000,0,5,1.343513098263315,0,0.15556564918409657,0,0.04498417684721117,0,0,5頭展開,9830,202608091810,30.682,8.63630952790484,2
1-3-2,2026-08-09,2000,0,5,2.6261692805835013,0,0.14398266673935092,0,0.09432819767946961,0,0,5頭展開,820,202608091811,35.246,18.239482154734677,1
1-3-2,2026-08-09,2000,0,5,3.4905436937078846,0,0.17259975068234218,0,0.12955831321413958,0,0,5頭展開,930,202608091812,52.406,20.223341458540038,1
4-3-1,2026-08-09,2000,0,5,1.5006556597286576,0,0.2653419725643366,0,0.107539454721698,0,0,5頭展開,27230,202608092404,74.42166666666668,5.655553266699253,4
2-5-3,2026-08-10,2000,0,3,0.45889373484363155,0,0.1608219734894492,0,0.0,0,0,3まくり,18250,202608100304,45.49100000000001,2.8534268351938703,2
3-1-6,2026-08-10,2000,1200,3,0.5319575996753806,1,0.23980095080107874,0,0.0,0,0,3まくり,1200,202608100512,65.64633333333333,2.218329818536264,3
3-4-1,2026-08-10,2000,10230,3,0.6048244826755774,1,0.22874192706494886,0,0.0,0,0,3まくり,10230,202608100808,64.08500000000001,2.6441347698528563,3
1-4-3,2026-08-10,2000,0,3,0.8458036016687478,0,0.16080791262767258,0,0.0,0,0,3まくり,450,202608101307,45.470000000000006,5.259713827808234,1
1-3-6,2026-08-10,2000,0,3,1.4433540943865448,0,0.3163221814662057,0,0.12443545980426783,0,0,3まくり,2480,202608101310,81.47200000000001,4.562924065888644,1
2-1-4,2026-08-10,2000,0,3,0.42926315162170475,0,0.2218919774760976,0,0.0,0,0,3まくり,11540,202608101405,62.556,1.9345591332518788,2
1-3-5,2026-08-10,2000,0,3,0.930759684737582,0,0.21499703785905933,0,0.0,0,0,3まくり差し,2370,202608101608,53.05900000000002,4.329174457499915,1
3-1-5,2026-08-10,2000,2640,3,0.9345343546329298,1,0.26831273904451436,0,0.0,0,0,3まくり,2640,202608102007,69.77033333333335,3.483004042077503,3
1-3-2,2026-08-10,2000,0,3,1.384524323213733,0,0.24478669511129078,0,0.08258605835985894,0,0,3まくり,1160,202608102105,66.47933333333333,5.656044020628929,1
1-3-6,2026-08-10,2000,0,3,0.24608452466277692,0,0.2339495388608707,0,0.0,0,0,3まくり,4220,202608102307,64.82033333333334,1.0518700992572714,1
1-2-4,2026-08-10,2000,0,3,1.0536331468097027,0,0.17711607470842686,0,0.010837544115852362,0,0,3まくり差し,1290,202608101801,38.88900000000001,5.948828464859676,1
1-2-4,2026-08-10,2000,0,5,2.86614725681434,0,0.17357518386952567,0,0.12030016075851903,0,0,5頭展開,860,202608100507,51.285000000000004,16.512425295592873,1
5-4-2,2026-08-10,2000,13650,5,0.8903286274717491,1,0.12692332577774917,0,0.0,0,0,5頭展開,13650,202608100511,39.293,7.014696644734721,5
1-3-5,2026-08-10,2000,0,5,2.291011154949734,0,0.1737852990381196,0,0.10596826927937052,0,0,5頭展開,860,202608100811,51.69300000000001,13.182997455079349,1
1-3-5,2026-08-10,2000,0,5,0.5854637651978414,0,0.14040936929933673,0,0.0,0,0,5頭展開,1860,202608101301,31.899,4.169691581974844,1
1-3-2,2026-08-10,2000,0,5,1.1922843317381449,0,0.12474885417171919,0,0.022469745093802507,0,0,5頭展開,910,202608101410,41.53900000000001,9.557477218163003,1
4-1-5,2026-08-10,2000,0,5,0.3860809717495949,0,0.1795991230139401,0,0.0,0,0,5頭展開,2030,202608101607,55.175000000000004,2.1496818317961837,4
1-3-6,2026-08-10,2000,0,5,4.192046266608113,0,0.16918528608995992,0,0.13424457455622113,0,0,5頭展開,3330,202608101805,48.73799999999999,24.777841876740393,1
1-3-6,2026-08-10,2000,0,5,2.2524691362910785,0,0.14791798677253723,0,0.08802956068675141,0,0,5頭展開,2340,202608101807,45.962,15.227824454877428,1
1-3-2,2026-08-10,2000,0,5,4.644727952926691,0,0.1256532843029415,0,0.10134199393865016,0,0,5頭展開,1050,202608101812,41.722,36.96463629019492,1
5-4-2,2026-08-10,2000,1200,5,0.30588312281537516,1,0.21275123721342898,0,0.0,0,0,5頭展開,1200,202608102305,68.28833333333334,1.4377501481155552,5
4-6-1,2026-08-10,2000,0,5,1.6250996597645455,0,0.12558596585558854,0,0.05235280267623657,0,0,5頭展開,12090,202608102410,40.61366666666667,12.940137448425165,4
1-2-4,2026-08-10,2000,0,5,2.6405743089071616,0,0.17858745401167356,0,0.11900388028559485,0,0,5頭展開,680,202608102411,56.80833333333333,14.785889207729888,1
3-4-6,2026-08-11,2000,4650,3,0.6233627106638521,1,0.21998444339649242,0,0.0,0,0,3まくり,4650,202608110509,59.595333333333336,2.833667240461747,3
3-1-5,2026-08-11,2000,1420,3,0.5885879227895233,1,0.31244738161079655,0,0.0,0,0,3まくり,1420,202608110707,79.85100000000001,1.8837985447505021,3
1-3-4,2026-08-11,2000,0,3,0.805008490955348,0,0.31507223609616614,0,0.0,0,0,3まくり,490,202608110709,83.37866666666667,2.5549965967475594,1
1-3-2,2026-08-11,2000,0,3,1.7442198668008209,0,0.21975522342172224,0,0.10728107326988275,0,0,3まくり,2260,202608111311,60.896,7.937103107913699,1
1-6-2,2026-08-11,2000,0,3,0.4765043771697301,0,0.16247372963017123,0,0.0,0,0,3まくり,67240,202608111903,43.046,2.9328087577872877,1
1-6-3,2026-08-11,2000,0,3,0.4295718638010863,0,0.19566498542205712,0,0.0,0,0,3まくり差し,17050,202608110104,50.55500000000001,2.1954457660090934,1
5-3-1,2026-08-11,2000,58150,5,2.8223132394749926,1,0.17721283146864256,0,0.12208885833319287,0,0,5頭展開,58150,202608110111,58.36566666666667,15.926122369837508,5
2-6-5,2026-08-11,2000,0,5,2.4762479847315375,0,0.24089611747629835,0,0.15909012498810823,0,0,5頭展開,54620,202608110412,69.96166666666667,10.279318781362985,2
5-4-1,2026-08-11,2000,3080,5,1.526026943079484,1,0.2099836267283335,0,0.0839311623654614,0,0,5頭展開,3080,202608110708,66.03333333333335,7.267361588405093,5
5-6-4,2026-08-11,2000,3230,5,0.6954615477295184,1,0.14226906867524028,0,0.0,0,0,5頭展開,3230,202608111303,45.967,4.888353836890989,5
1-3-4,2026-08-11,2000,0,5,1.1648277935913773,0,0.14201596850959453,0,0.022886104921897337,0,0,5頭展開,7750,202608111310,45.831,8.202090270663346,1
1-4-3,2026-08-11,2000,0,5,2.003900135887075,0,0.16958542274035204,0,0.09281222448543311,0,0,5頭展開,2080,202608111604,54.66700000000001,11.816464549286149,1
3-1-6,2026-08-11,2000,0,5,2.4246412215768762,0,0.14115970444090314,0,0.088068124161718,0,0,5頭展開,57600,202608111911,33.97666666666667,17.176581880645394,3
2-1-5,2026-08-11,2000,0,5,2.9587073310738603,0,0.1885610998346176,0,0.13332726064652217,0,0,5頭展開,4880,202608112010,60.266666666666666,15.690974085688252,2
1-5-6,2026-08-11,2000,0,5,2.3402856437147235,0,0.12810164062104415,0,0.07761234581778939,0,0,5頭展開,5140,202608112011,41.489333333333335,18.268974795083682,1
1-3-2,2026-08-11,2000,0,5,1.4598003550071077,0,0.16785582203736746,0,0.059739535710082343,0,0,5頭展開,1850,202608112112,54.36133333333333,8.696751398245407,1
2-4-6,2026-08-12,2000,0,3,0.6311171472504978,0,0.2552993841773887,0,0.0,0,0,3まくり,14800,202608120301,67.57,2.4720668609681455,2
5-1-6,2026-08-12,2000,0,3,0.3525664373574111,0,0.18290236393058504,0,0.0,0,0,3まくり,6630,202608120605,48.96300000000001,1.9276209983333887,5
3-2-6,2026-08-12,2000,5880,3,0.7698932747395556,1,0.19092795166601587,0,0.0,0,0,3まくり,5880,202608120704,49.96300000000001,4.032375919929761,3
6-5-3,2026-08-12,2000,0,3,0.5932639171649732,0,0.25119802173781114,0,0.0,0,0,3まくり,8990,202608121306,66.80300000000001,2.3617380147372122,6
3-1-6,2026-08-12,2000,960,3,0.5188637769125662,1,0.21841177465287465,0,0.0,0,0,3まくり,960,202608121308,53.803000000000004,2.3756218168054577,3
5-1-6,2026-08-12,2000,0,3,1.3852281145633338,0,0.1794397531220459,0,0.057327836279900665,0,0,3まくり,11240,202608121312,37.907000000000004,7.71973930225579,5
1-4-5,2026-08-12,2000,0,3,1.175248405586162,0,0.2639618889786594,0,0.0507621909640803,0,0,3まくり,4700,202608121905,68.50933333333334,4.452341245675726,1
3-1-5,2026-08-12,2000,1300,3,0.507509025604755,1,0.27208447288328086,0,0.0,0,0,3まくり,1300,202608121909,69.58133333333335,1.8652627260448884,3
3-1-4,2026-08-12,2000,3570,3,0.7686758388218489,1,0.3051017545286356,0,0.0,0,0,3まくり,3570,202608122410,91.59766666666667,2.519408123396105,3
2-4-3,2026-08-12,2000,0,5,0.48204086593087064,0,0.13738975275116702,0,0.0,0,0,5頭展開,4770,202608120304,42.169000000000004,3.5085649131629,2
1-2-4,2026-08-12,2000,0,5,1.107115250070703,0,0.16746472810398,0,0.0190901040435067,0,0,5頭展開,770,202608120307,53.276999999999994,6.611035425819863,1
1-4-6,2026-08-12,2000,0,5,1.0018389119204398,0,0.13417559561301934,0,0.0002843696368943584,0,0,5頭展開,4830,202608120608,41.29566666666667,7.466625412343086,1
2-1-3,2026-08-12,2000,0,5,1.274554283348671,0,0.22641130841906243,0,0.0593069800703528,0,0,5頭展開,16940,202608121301,66.147,5.629375547751401,2
1-2-4,2026-08-12,2000,0,5,3.250984726456414,0,0.14158418756498248,0,0.1024968767227848,0,0,5頭展開,660,202608121307,36.415,22.961495788251913,1
4-3-6,2026-08-12,2000,0,5,0.6281997800622067,0,0.1397603435757441,0,0.0,0,0,5頭展開,44770,202608121604,38.638999999999996,4.494835687934248,4
1-2-3,2026-08-12,2000,0,5,6.316967737478412,0,0.24221512399907805,2400,0.21200040261307213,0,2400,5頭展開,930,202608122012,68.74133333333334,26.07998886767474,1
1-5-6,2026-08-12,2000,0,5,2.5385341960504775,0,0.22778497660900687,0,0.15166292080116917,0,0,5頭展開,9890,202608122106,66.62933333333334,11.144432059748496,1
4-5-1,2026-08-13,2000,0,5,5.1847425776028855,0,0.18984684848703795,0,0.15905440937564075,0,0,5頭展開,39790,202608130712,59.09600000000002,27.310132451089284,4
1-3-5,2026-08-13,2000,0,5,3.9097449792173173,0,0.183385158612198,0,0.14319713345561008,0,0,5頭展開,1040,202608131212,58.257000000000005,21.31985493703555,1
1-3-2,2026-08-14,2000,0,3,0.8500360170380036,0,0.2676173144354009,0,0.0,0,0,3まくり,1510,202608140303,68.94099999999999,3.176311737644279,1
1-3-5,2026-08-14,2000,0,3,0.35344461181872827,0,0.19492478853588305,0,0.0,0,0,3まくり,1340,202608140601,49.15433333333334,1.8132358355933977,1
6-4-3,2026-08-14,2000,0,3,0.5594430893538211,0,0.2255272558233903,0,0.0,0,0,3まくり,6900,202608140602,56.861000000000004,2.4806007917372046,6
1-3-5,2026-08-14,2000,0,3,0.5665522528919281,0,0.23024876022347038,0,0.0,0,0,3まくり,790,202608141005,55.190999999999995,2.4606093528671114,1
1-4-5,2026-08-14,2000,0,3,1.4530551832469756,0,0.17295198116341026,0,0.061211308112797895,0,0,3まくり,1130,202608141305,39.356,8.401494874314768,1
1-5-3,2026-08-14,2000,0,3,1.1667521016347704,0,0.22467278767176377,0,0.0397680524018812,0,0,3まくり,2660,202608141308,58.696000000000005,5.193117127025368,1
1-3-4,2026-08-14,2000,0,3,1.8129013617000604,0,0.17351611586386712,0,0.08603925600824691,0,0,3まくり,610,202608141912,39.22,10.448028718683288,1
3-1-2,2026-08-14,2000,2780,3,0.29257257216352595,1,0.12989658344834362,0,0.0,0,0,3まくり,2780,202608142408,22.464333333333336,2.2523500187352825,3
4-2-1,2026-08-14,2000,0,5,1.2800983735578653,0,0.15535847973655031,0,0.038689529669642495,0,0,5頭展開,3230,202608140306,45.977000000000004,8.239642765097834,4
1-2-6,2026-08-14,2000,0,5,1.9889953324861998,0,0.17274961877094314,0,0.09406687947730957,0,0,5頭展開,3810,202608140712,52.80800000000001,11.513746580960635,1
1-2-3,2026-08-14,2000,0,5,6.166169229456206,0,0.13668299713796886,0,0.11711238185090458,0,0,5頭展開,450,202608140812,30.773,45.112920835588845,1
4-1-3,2026-08-14,2000,0,5,3.858585193271207,0,0.23834384474211937,2100,0.1881991060524123,0,2100,5頭展開,3140,202608141210,70.253,16.18915394037583,4
2-4-3,2026-08-14,2000,0,5,0.805684233875259,0,0.1752169803252066,0,0.0,0,0,5頭展開,13880,202608141302,55.315000000000005,4.598208646102057,2
1-2-3,2026-08-14,2000,0,5,1.4471555766410509,0,0.12995703436129277,0,0.04411712492317852,0,0,5頭展開,900,202608141304,42.199,11.135646359994814,1
1-3-5,2026-08-14,2000,0,5,1.9071925023963388,0,0.1778185372798206,0,0.09327979202952111,0,0,5頭展開,1670,202608142204,50.660000000000004,10.725498767291754,1
3-1-2,2026-08-14,2000,0,5,6.772880109726304,0,0.17387808245464428,0,0.1521104736097157,0,0,5頭展開,7190,202608142312,54.64833333333333,38.95189096931176,3
1-3-5,2026-08-15,2000,0,3,0.4856133845962315,0,0.3170904789408881,0,0.0,0,0,3まくり,1420,202608150506,80.23466666666667,1.5314663064568375,1
3-5-2,2026-08-15,2000,46720,3,0.7449958827491829,1,0.22620717715781663,0,0.0,0,0,3まくり,46720,202608150509,55.98433333333333,3.2934228352508286,3
1-4-6,2026-08-15,2000,0,3,0.7288720536959914,0,0.22072333792939847,0,0.0,0,0,3まくり,2910,202608151007,57.79433333333334,3.3021974954416993,1
4-1-6,2026-08-15,2000,0,3,0.7964191548228611,0,0.21139683556387204,0,0.0,0,0,3まくり,1890,202608151706,51.477,3.767412850332042,4
1-2-3,2026-08-15,2000,0,3,0.2549615925470385,0,0.17936279396556548,0,0.0,0,0,3まくり差し,2450,202608152405,47.68600000000001,1.4214853978913076,1
1-2-4,2026-08-15,2000,0,5,2.692791063410573,0,0.1687187193262269,0,0.11315267606132039,0,0,5頭展開,440,202608150911,51.28666666666667,15.96023887665905,1
1-4-2,2026-08-15,2000,0,5,1.0157268342906054,0,0.18739141972027135,0,0.003557826640734259,0,0,5頭展開,1240,202608151108,60.35033333333334,5.420348678753981,1
2-3-5,2026-08-15,2000,0,5,0.6873691912983203,0,0.23320554834912235,0,0.0,0,0,5頭展開,3230,202608151704,70.66833333333335,2.947482151107693,2
1-2-6,2026-08-15,2000,0,5,0.6968498730879722,0,0.12623641962614257,0,0.0,0,0,5頭展開,1000,202608151903,35.876666666666665,5.520196747909508,1
5-6-3,2026-08-15,2000,85570,5,3.667286411393351,1,0.125758430625871,0,0.09471441562741734,0,0,5頭展開,85570,202608152112,39.221333333333334,29.161356365073132,5
2-5-1,2026-08-16,2000,0,3,0.35872733917512534,0,0.1698451752506129,0,0.0,0,0,3まくり,7910,202608160403,46.829,2.112084365339255,2
4-6-1,2026-08-16,2000,0,3,0.5110207694615148,0,0.1877385588095119,0,0.0,0,0,3まくり,43550,202608160903,29.073333333333338,2.7219808903509253,4
5-6-2,2026-08-16,2000,0,3,0.24306401069301217,0,0.16014337638273007,0,0.0,0,0,3まくり,61650,202608161102,44.014,1.5177899716071197,5
1-5-4,2026-08-16,2000,0,3,0.549216298821084,0,0.17298930150870212,0,0.0,0,0,3まくり,4210,202608161806,38.801,3.1748570231290056,1
4-5-6,2026-08-16,2000,0,5,4.190183040370432,0,0.17141521559226433,0,0.13607302971628332,0,0,5頭展開,10580,202608160212,58.234333333333346,24.444638860632903,4
3-2-4,2026-08-16,2000,0,5,2.497205220839106,0,0.19554671088486567,0,0.12720112700843567,0,0,5頭展開,7540,202608160404,64.279,12.770377008843758,3
1-4-3,2026-08-16,2000,0,5,1.0064930437911959,0,0.17495194999412547,0,0.001366102867484007,0,0,5頭展開,1540,202608160409,84.80433333333333,5.75296842261542,1
1-2-3,2026-08-16,2000,0,5,2.416499531068397,0,0.12534273081655573,0,0.07749269687913445,0,0,5頭展開,2730,202608160911,31.701333333333338,19.27913581685917,1
1-5-2,2026-08-16,2000,0,5,0.7260733925151296,0,0.16115759671861535,0,0.0,0,0,5頭展開,1380,202608161110,53.37166666666666,4.505362497945843,1
1-4-3,2026-08-16,2000,0,5,2.867813360022696,0,0.18205050916273588,0,0.12660699849363669,0,0,5頭展開,850,202608161111,59.859666666666676,15.752844489213391,1
1-3-6,2026-08-16,2000,0,5,5.17510180567417,0,0.16478283091987977,0,0.13731363180353817,0,0,5頭展開,3970,202608161812,56.26599999999999,31.40558865741536,1
3-2-4,2026-08-16,2000,0,5,1.4661689278916663,0,0.13859357414469192,0,0.04866617754642271,0,0,5頭展開,6770,202608161910,38.63666666666666,10.578909858843698,3
1-4-5,2026-08-16,2000,0,5,0.6059486793408777,0,0.16142159346097135,0,0.0,0,0,5頭展開,770,202608162204,54.06266666666666,3.753826649514425,1
2-1-5,2026-08-16,2000,0,5,2.73245760756041,0,0.1954813123644348,0,0.13349083607243442,0,0,5頭展開,2670,202608162409,64.17766666666667,13.97810140780262,2
3-2-5,2026-08-17,2000,10300,3,0.3282491895951889,1,0.19007086243062665,0,0.0,0,0,3まくり,10300,202608170209,32.04166666666667,1.7269832177196307,3
3-4-1,2026-08-17,2000,2680,3,0.46325932530896824,1,0.17748798027435594,0,0.0,0,0,3まくり,2680,202608170507,36.970666666666666,2.6100884386248295,3
3-4-5,2026-08-17,2000,0,5,1.9593721740982049,0,0.16985259262489913,0,0.09105899301119044,0,0,5頭展開,15090,202608170211,59.919666666666686,11.535721320576272,3
4-1-6,2026-08-17,2000,0,5,1.5787996132881417,0,0.2022098100897049,0,0.08502094059614249,0,0,5頭展開,2290,202608170512,67.32900000000001,7.807730063085218,4
2-3-6,2026-08-17,2000,0,5,0.49264607589327497,0,0.15447428526042073,0,0.0,0,0,5頭展開,18950,202608170902,54.84666666666668,3.1891785423233827,2
4-5-2,2026-08-17,2000,0,5,1.154890034284932,0,0.18035268565586274,0,0.028664713265133937,0,0,5頭展開,840,202608170907,61.658666666666676,6.403508936310591,4
2-4-1,2026-08-17,2000,0,5,2.077962131354868,0,0.22416973496789647,0,0.1303525064415071,0,0,5頭展開,9690,202608171208,70.777,9.269592666701662,2
1-2-3,2026-08-17,2000,0,5,3.6663559570645834,0,0.15466817599669366,0,0.11743652572430238,0,0,5頭展開,940,202608171212,52.893,23.70465632919185,1
2-1-3,2026-08-17,2000,0,5,1.2888404009025352,0,0.15668078517416192,0,0.039972933299085835,0,0,5頭展開,6300,202608171512,57.57233333333333,8.225899554115054,2
2-1-4,2026-08-18,2000,0,3,0.4891181668007892,0,0.22230797703521105,0,0.0,0,0,3まくり差し,6460,202608180501,57.9,2.200182707448768,2
5-1-6,2026-08-18,2000,0,3,0.5112869711540642,0,0.22264593846842823,0,0.0,0,0,3まくり,8020,202608180506,61.915666666666674,2.2964127469433535,5
1-2-3,2026-08-18,2000,0,3,0.4750808286030578,0,0.1935361845579827,0,0.0,0,0,3まくり,1730,202608180507,34.74100000000001,2.454739043699218,1
3-2-5,2026-08-18,2000,4080,3,0.43099882787044064,1,0.2235938430472002,0,0.0,0,0,3まくり差し,4080,202608181101,58.57,1.9275970303862868,3
3-5-4,2026-08-18,2000,2260,3,0.44395280784487257,1,0.21880373958520127,0,0.0,0,0,3まくり,2260,202608181103,52.26033333333334,2.0290000924412865,3
6-5-1,2026-08-18,2000,0,3,1.046239936683853,0,0.16022022550348897,0,0.008361634610684019,0,0,3まくり,6970,202608181307,45.552,6.530011634898554,6
1-3-2,2026-08-18,2000,0,3,0.360821210216707,0,0.22759575560213782,0,0.0,0,0,3まくり,2540,202608181309,63.24300000000001,1.585360013687873,1
3-1-6,2026-08-18,2000,830,3,0.32409280659437756,1,0.16215180739499105,0,0.0,0,0,3まくり,830,202608181507,25.36266666666667,1.9986999331121174,3
3-1-6,2026-08-18,2000,1260,3,0.7350311344479424,1,0.22285158369357086,0,0.0,0,0,3まくり,1260,202608181606,57.436,3.2982989048829796,3
6-3-2,2026-08-18,2000,0,3,0.48425960256387074,0,0.19632131834103006,0,0.0,0,0,3まくり,6710,202608181608,32.97200000000001,2.4666684527997242,6
3-1-6,2026-08-18,2000,680,3,0.5591473820044476,1,0.2799408936734268,0,0.0,0,0,3まくり,680,202608182001,70.63000000000001,1.9973765699867247,3
1-4-5,2026-08-18,2000,0,5,0.5493827069671423,0,0.1874080521902729,0,0.0,0,0,5頭展開,1710,202608181204,66.193,2.9314786667189803,1
1-6-4,2026-08-18,2000,0,5,1.4293465873180413,0,0.14809601769633707,0,0.049626920214434114,0,0,5頭展開,5060,202608182006,46.688,9.651485634467496,1
1-5-6,2026-08-18,2000,0,5,1.4866688019191139,0,0.12689383036172708,0,0.045415800176362285,0,0,5頭展開,1610,202608182010,36.970666666666666,11.715847789298932,1
1-4-5,2026-08-18,2000,0,5,1.9364768466239848,0,0.1740564808981441,0,0.09248637131972284,0,0,5頭展開,1170,202608182011,63.982666666666674,11.125565888909298,1
4-2-5,2026-08-19,2000,0,3,1.1590403545512449,0,0.25237330977175276,0,0.044269327860187585,0,0,3まくり,40070,202608190509,66.98233333333334,4.59256311849888,4
1-6-5,2026-08-19,2000,0,3,1.2617916346425728,0,0.23022111564435252,0,0.05842544070792296,0,0,3まくり,2000,202608190909,56.937,5.48078151350721,1
1-2-5,2026-08-19,2000,0,3,1.0253935863984578,0,0.2345983532064823,0,0.007533294715293913,0,0,3まくり,1220,202608191008,55.711333333333336,4.37084733282827,1
1-3-6,2026-08-19,2000,0,3,1.1175935685674412,0,0.24796602985420865,0,0.03353068875578993,0,0,3まくり,480,202608191105,66.20400000000001,4.507043038211843,1
3-6-1,2026-08-19,2000,3380,3,0.3948618290986086,1,0.2539898440330263,0,0.0,0,0,3まくり,3380,202608191302,67.351,1.554636291076523,3
3-4-5,2026-08-19,2000,1980,3,0.4894438632011743,1,0.16558522200334824,0,0.0,0,0,3まくり,1980,202608191503,41.40233333333334,2.9558426608340533,3
3-1-6,2026-08-19,2000,870,3,0.29248367208307086,1,0.14967495120113833,0,0.0,0,0,3まくり,870,202608191805,22.251999999999995,1.9541257220122374,3
1-3-5,2026-08-19,2000,0,3,0.9841872975491456,0,0.22803194012618366,0,0.0,0,0,3まくり,810,202608192007,63.207666666666675,4.316006332290714,1
4-5-6,2026-08-19,2000,0,5,0.3043790725973785,0,0.1599625807155369,0,0.0,0,0,5頭展開,2890,202608190505,49.517,1.9028142158987729,4
1-2-4,2026-08-19,2000,0,5,0.6307054430266894,0,0.15018513538652525,0,0.0,0,0,5頭展開,680,202608190906,58.33866666666666,4.199519755423657,1
4-5-2,2026-08-19,2000,0,5,0.7052913561033807,0,0.14863447090074047,0,0.0,0,0,5頭展開,700,202608191004,52.78766666666667,4.745139884639419,4
1-5-4,2026-08-19,2000,0,5,0.991544045877048,0,0.14584378724132477,0,0.0,0,0,5頭展開,2740,202608191104,53.998333333333335,6.798671816142296,1
1-4-3,2026-08-19,2000,0,5,0.4104113274189138,0,0.14700237873115207,0,0.0,0,0,5頭展開,18160,202608191502,55.043000000000006,2.791868614381417,1
5-1-4,2026-08-19,2000,3300,5,1.3445378668856565,1,0.23360384342929005,0,0.07244837966255667,0,0,5頭展開,3300,202608191802,75.51,5.755632472256977,5
1-2-4,2026-08-19,2000,0,5,2.4488334922487986,0,0.14477116806513965,0,0.0910345674260653,0,0,5頭展開,710,202608191905,46.25,16.915201590049673,1
3-4-5,2026-08-19,2000,0,5,1.1095132685498201,0,0.1356648139589359,0,0.015256066930955731,0,0,5頭展開,4860,202608192003,44.55466666666667,8.17834216678804,3
1-3-5,2026-08-20,2000,0,3,1.2922137657405797,0,0.3006880895819004,0,0.08861616101609288,0,0,3まくり,450,202608201105,73.475,4.297522284761501,1
3-5-2,2026-08-20,2000,1610,3,0.44580744795963184,1,0.2863841530235469,0,0.0,0,0,3まくり差し,1610,202608201301,71.071,1.5566763846845146,3
3-4-2,2026-08-20,2000,6850,3,0.5969816869263453,1,0.2212588398841845,0,0.0,0,0,3まくり,6850,202608201608,52.108666666666686,2.698114512571922,3
3-2-4,2026-08-20,2000,13640,3,1.000449116339601,1,0.23336881216117114,0,0.00013663464714702865,0,0,3まくり,13640,202608201609,55.183333333333344,4.286987224533938,3
1-3-6,2026-08-20,2000,0,3,0.7600316144163373,0,0.1721546756768212,0,0.0,0,0,3まくり,1290,202608201902,24.181333333333328,4.414818310500686,1
3-1-6,2026-08-20,2000,1540,3,0.414469492554466,1,0.19310115627047442,0,0.0,0,0,3まくり,1540,202608202307,49.04766666666668,2.1463853482778927,3
3-4-6,2026-08-20,2000,350,3,0.599435580904087,1,0.2324594335731523,0,0.0,0,0,3まくり差し,350,202608202402,55.912000000000006,2.5786674762564608,3
2-1-3,2026-08-20,2000,0,5,1.6951825895410373,0,0.1507057676044633,0,0.0678339903156818,0,0,5頭展開,5260,202608200912,48.50666666666667,11.248292726195787,2
3-5-1,2026-08-20,2000,0,5,1.4706556353338973,0,0.14422836483500237,0,0.05117649055802018,0,0,5頭展開,106480,202608201110,58.07033333333334,10.19671572243318,3
4-6-5,2026-08-20,2000,0,5,1.203089790784918,0,0.12014611973741016,0,0.02253159695507368,0,0,5頭展開,5220,202608201305,41.655,10.013555106185501,4
1-2-4,2026-08-20,2000,0,5,1.7965272402264523,0,0.12210201521255894,0,0.05808415911946195,0,0,5頭展開,650,202608201612,40.703,14.713329973293254,1
1-2-5,2026-08-20,2000,0,5,1.2714903724893967,0,0.16703095054150827,0,0.04105836219840016,0,0,5頭展開,630,202608201803,63.922000000000004,7.612303997356604,1
1-2-4,2026-08-20,2000,0,5,1.462756674331267,0,0.165081772486595,0,0.05886889845832246,0,0,5頭展開,1180,202608201906,61.67266666666668,8.860800634122377,1
1-2-3,2026-08-20,2000,0,5,1.789427240809604,0,0.1194547232582939,0,0.05646848172192892,0,0,5頭展開,3130,202608202012,34.986666666666665,14.979962214975552,1
3-4-5,2026-08-21,2000,1180,3,0.2925384571316346,1,0.22458336966640388,0,0.0,0,0,3まくり,1180,202608210605,61.12766666666668,1.3025829008005856,3
1-3-4,2026-08-21,2000,0,3,1.1308868538017556,0,0.18888923872030036,0,0.026245414826205304,0,0,3まくり,430,202608210707,36.31766666666666,5.987036961254991,1
3-1-2,2026-08-21,2000,2150,3,0.3796153198037489,1,0.2753356658937837,0,0.0,0,0,3まくり,2150,202608211301,69.345,1.3787364545434269,3
1-4-3,2026-08-21,2000,0,3,0.4803039684255386,0,0.30616859253519085,0,0.0,0,0,3まくり,2440,202608212303,74.30166666666668,1.5687564960482767,1
3-1-4,2026-08-21,2000,1630,3,0.7369391158329774,1,0.3180643951306581,0,0.0,0,0,3まくり,1630,202608212310,82.51700000000001,2.3169494200388234,3
3-4-2,2026-08-21,2000,1700,3,0.25659830160929364,1,0.19769641418631356,0,0.0,0,0,3まくり差し,1700,202608212409,32.32600000000001,1.2979411015895796,3
1-6-2,2026-08-21,2000,0,5,0.9855667829253056,0,0.1381572133241594,0,0.0,0,0,5頭展開,1890,202608210211,54.915666666666674,7.133661422461253,1
5-3-1,2026-08-21,2000,17490,5,1.239256883492854,1,0.13720517842658625,0,0.029787425797278756,0,0,5頭展開,17490,202608210310,53.821000000000005,9.032143667638152,5
4-3-5,2026-08-21,2000,0,5,4.058219213341355,0,0.13817379184316733,0,0.1077961348808822,0,0,5頭展開,70070,202608211311,57.619,29.370397665192485,4
3-6-5,2026-08-21,2000,0,5,1.9388327443342213,0,0.22615726062729388,0,0.12397202135822996,0,0,5頭展開,14490,202608212106,71.664,8.572940523582874,3
5-2-4,2026-08-21,2000,7440,5,0.5947781205965144,1,0.24691480901866178,0,0.0,0,0,5頭展開,7440,202608212308,74.74166666666667,2.4088394007649865,5
3-2-6,2026-08-22,2000,15490,3,0.29135722105602585,1,0.18144134785219607,0,0.0,0,0,3まくり,15490,202608220406,38.59666666666667,1.6057928609159604,3
1-5-3,2026-08-22,2000,0,3,0.3442108256902109,0,0.23545340549455435,0,0.0,0,0,3まくり,10150,202608220407,63.86133333333334,1.4619063375499657,1
3-2-5,2026-08-22,2000,5190,3,0.5571524653537857,1,0.28401646414437,0,0.0,0,0,3まくり,5190,202608222202,69.94766666666668,1.9616907316703178,3
1-3-6,2026-08-22,2000,0,3,0.8308079360310746,0,0.32180860471678535,0,0.0,0,0,3まくり,620,202608222406,84.11333333333334,2.581683410119643,1
4-5-6,2026-08-22,2000,0,5,0.8551757631216792,0,0.1426253991966161,0,0.0,0,0,5頭展開,7830,202608220205,58.01833333333335,5.995957017044191,4
4-5-6,2026-08-22,2000,0,5,0.5672911822937458,0,0.18171587423582675,0,0.0,0,0,5頭展開,930,202608220206,67.14366666666666,3.121858146292316,4
5-2-1,2026-08-22,2000,2950,5,0.33385022685424176,1,0.14256507365275592,0,0.0,0,0,5頭展開,2950,202608220401,57.83366666666666,2.341739237391318,5
1-3-4,2026-08-22,2000,0,5,0.4199320721369743,0,0.13946570320042603,0,0.0,0,0,5頭展開,15250,202608220807,46.54900000000001,3.0110060215556387,1
1-4-3,2026-08-22,2000,0,5,1.4245218910277484,0,0.11349851675957982,0,0.03675190382514547,0,0,5頭展開,1610,202608221605,33.723,12.55101768462108,1
1-3-4,2026-08-22,2000,0,5,1.2027611403455132,0,0.12271128572445084,0,0.023036973821438385,0,0,5頭展開,1220,202608222012,43.462666666666664,9.801552752420204,1
4-6-1,2026-08-22,2000,0,5,2.1566045296941847,0,0.1460671397162509,0,0.08402823855822115,0,0,5頭展開,8170,202608222212,53.70400000000001,14.764474295064522,4
4-1-2,2026-08-22,2000,0,5,1.1080480174103342,0,0.1563875399556507,0,0.017755663958096975,0,0,5頭展開,1760,202608222306,61.113666666666674,7.085270461601743,4
3-1-5,2026-08-23,2000,1780,3,1.1085968364645915,1,0.31244487908033947,0,0.04261815238031322,0,0,3まくり,1780,202608230303,75.05999999999999,3.5481357214996514,3
4-1-6,2026-08-23,2000,0,3,0.8458170402137346,0,0.15740701749902092,0,0.0,0,0,3まくり,4660,202608231610,20.90666666666667,5.373439212892752,4
3-4-1,2026-08-23,2000,8530,3,0.6746731644281632,1,0.2348082809335811,0,0.0,0,0,3まくり,8530,202608231811,57.381,2.8732937430729035,3
3-1-2,2026-08-23,2000,2360,3,0.9366653665417662,1,0.31732788938106243,0,0.0,0,0,3まくり,2360,202608232101,76.384,2.9517272130372816,3
3-1-6,2026-08-23,2000,4750,3,1.0390358647136015,1,0.23006288045697587,0,0.011101363892135981,0,0,3まくり,4750,202608232112,52.08833333333334,4.516312508344483,3
1-3-4,2026-08-23,2000,0,3,0.5730559265784093,0,0.24088932888865816,0,0.0,0,0,3まくり,1780,202608232207,64.59633333333336,2.378917859177076,1
3-5-4,2026-08-23,2000,0,5,1.0868007120946308,0,0.11034865965211325,0,0.009809331868914629,0,0,5頭展開,109410,202608231804,33.462,9.848789423640433,3
1-2-5,2026-08-23,2000,0,5,2.2948410548389697,0,0.15951437977800662,0,0.09672794808683842,0,0,5頭展開,1140,202608231911,62.76466666666667,14.386421199346792,1
1-2-3,2026-08-24,2000,0,3,0.7842981652087241,0,0.17984839100070485,0,0.0,0,0,3まくり,720,202608240711,39.69166666666667,4.3608850812885525,1
1-4-3,2026-08-24,2000,0,3,0.8243067139448206,0,0.17374068445948432,0,0.0,0,0,3まくり,810,202608241504,41.361,4.744465676011803,1
3-2-6,2026-08-24,2000,7410,3,1.475416085065348,1,0.32066427044984497,0,0.13201880278348996,0,0,3まくり,7410,202608241803,78.857,4.601124044769801,3
3-1-2,2026-08-24,2000,3590,3,0.5421518323231391,1,0.2750836189645719,0,0.0,0,0,3まくり,3590,202608241810,68.69200000000001,1.9708619305061672,3
1-5-3,2026-08-24,2000,0,3,1.0956326652308177,0,0.20025127969261122,0,0.021388163638643307,0,0,3まくり,3010,202608242111,29.014000000000003,5.471289206803725,1
1-3-5,2026-08-24,2000,0,5,2.7779708219883363,0,0.12275570980485252,0,0.08219901629213577,0,0,5頭展開,5600,202608240712,27.377333333333333,22.63007420513912,1
2-1-3,2026-08-24,2000,0,5,0.9177959922965979,0,0.15163419151157953,0,0.0,0,0,5頭展開,6820,202608241001,49.03966666666666,6.052698162251292,2
1-4-5,2026-08-24,2000,0,5,0.6494647447278612,0,0.11441601709217895,0,0.0,0,0,5頭展開,2940,202608241311,29.115000000000002,5.676344634550787,1
4-1-6,2026-08-24,2000,0,5,0.3451052039376355,0,0.11851453621236845,0,0.0,0,0,5頭展開,4930,202608241502,39.928333333333335,2.9119230008986823,4
1-2-4,2026-08-24,2000,0,5,0.5808309942342633,0,0.1609207236829205,0,0.0,0,0,5頭展開,3080,202608241505,64.45366666666666,3.609423205048079,1
4-1-5,2026-08-24,2000,0,5,0.7061918405344744,0,0.18506878682578587,0,0.0,0,0,5頭展開,1590,202608241806,67.842,3.8158343859423827,4
3-2-5,2026-08-24,2000,0,5,2.380301031330346,0,0.15788735756550845,0,0.09806098884934897,0,0,5頭展開,17080,202608241911,62.04466666666667,15.075944445664337,3
6-4-2,2026-08-24,2000,0,5,2.4803712753473097,0,0.14660304233050941,0,0.09299420982522626,0,0,5頭展開,6600,202608242009,56.48933333333333,16.918961816327343,6
1-3-5,2026-08-24,2000,0,5,0.8425718013703914,0,0.15029358179148858,0,0.0,0,0,5頭展開,1520,202608242109,52.196,5.606172873964389,1
1-6-5,2026-08-24,2000,0,5,1.3178244837246964,0,0.1055675559414852,0,0.027677263124851914,0,0,5頭展開,6260,202608242205,32.992,12.48323381148608,1
4-3-5,2026-08-25,2000,0,3,0.3258238511131801,0,0.24590595892329484,0,0.0,0,0,3まくり,2610,202608251009,53.83566666666667,1.3249937193055739,4
3-1-4,2026-08-25,2000,1140,3,0.23044191318973395,1,0.16746986400633976,0,0.0,0,0,3まくり,1140,202608251301,45.743,1.3760201846286226,3
6-2-1,2026-08-25,2000,0,3,0.7365373657711591,0,0.21194791890630232,0,0.0,0,0,3まくり,18670,202608251304,49.942,3.4750865664161896,6
4-3-5,2026-08-25,2000,0,3,0.5290321106298186,0,0.1950643132763984,0,0.0,0,0,3まくり,8910,202608251810,48.411,2.712090703542483,4
3-1-5,2026-08-25,2000,0,5,1.9623220488517796,0,0.15111167377023174,0,0.08028779953374761,0,0,5頭展開,9820,202608250107,61.19633333333333,12.985906382292667,3
6-1-2,2026-08-25,2000,0,5,0.6482454940440386,0,0.15020773138230548,0,0.0,0,0,5頭展開,8670,202608250605,63.69700000000002,4.315659973547821,6
3-1-2,2026-08-25,2000,0,5,0.9300181841514528,0,0.09972321789127354,0,0.0,0,0,5頭展開,6610,202608250903,33.74666666666667,9.325994525822814,3
1-2-5,2026-08-25,2000,0,5,1.2089476371587202,0,0.09359968272294704,0,0.017534826209153084,0,0,5頭展開,950,202608251311,31.683000000000007,12.916151016635153,1
5-1-4,2026-08-25,2000,3150,5,1.131043927059656,1,0.21981281899891775,0,0.03161122877046415,0,0,5頭展開,3150,202608251505,71.295,5.14548665637751,5
1-3-4,2026-08-25,2000,0,5,1.5037452251984587,0,0.14318202531491944,0,0.053012797636162304,0,0,5頭展開,1410,202608251511,54.613666666666674,10.502332411425735,1
1-3-4,2026-08-26,2000,0,3,0.4764102001171913,0,0.24410876407415552,0,0.0,0,0,3まくり,1290,202608260606,64.83066666666667,1.9516308720995659,1
3-4-2,2026-08-26,2000,4720,3,0.5340288241007993,1,0.3243215879387049,0,0.0,0,0,3まくり差し,4720,202608260904,90.783,1.64660276700954,3
5-4-3,2026-08-26,2000,0,3,0.5063196236783427,0,0.24540441893299866,0,0.0,0,0,3まくり,5740,202608261102,55.771,2.0632049980183127,5
4-5-3,2026-08-26,2000,0,3,0.7553775685301518,0,0.20606642110115986,0,0.0,0,0,3まくり,4510,202608261106,31.292333333333332,3.665699459881094,4
2-1-3,2026-08-26,2000,0,3,0.4220974749140965,0,0.3157488015023768,0,0.0,0,0,3まくり,7690,202608261301,74.00500000000001,1.336814179200991,2
3-2-4,2026-08-26,2000,10940,3,1.4217736554435354,1,0.2998307006086875,0,0.11271579367289457,0,0,3まくり,10940,202608261806,70.999,4.7419215329090285,3
1-5-4,2026-08-26,2000,0,5,1.0629405943429873,0,0.2382176116568853,0,0.018180114263116144,0,0,5頭展開,620,202608261403,71.60966666666667,4.4620571373790145,1
1-2-4,2026-08-26,2000,0,5,2.144132641005225,0,0.1453909215822807,0,0.08322561012842829,0,0,5頭展開,1330,202608261512,48.64566666666666,14.747362611576827,1
1-3-5,2026-08-26,2000,0,5,1.9435415739316106,0,0.14329566135156924,0,0.07510385825870847,0,0,5頭展開,2210,202608261809,59.21400000000001,13.563157150747376,1
1-2-5,2026-08-27,2000,0,3,0.9183416625994598,0,0.24021102607412473,0,0.0,0,0,3まくり,3520,202608270809,64.406,3.8230620700819804,1
1-3-6,2026-08-27,2000,0,3,0.8294727017828892,0,0.30397430088471716,0,0.0,0,0,3まくり,790,202608270909,71.41066666666669,2.7287593042198273,1
3-1-6,2026-08-27,2000,600,3,0.41173994966296784,1,0.2416562892881034,0,0.0,0,0,3まくり,600,202608270910,53.414,1.7038246795724408,3
1-5-3,2026-08-27,2000,0,3,0.5947394040767537,0,0.17301905521533326,0,0.0,0,0,3まくり,1000,202608271412,41.65966666666667,3.43742140619461,1
1-4-5,2026-08-27,2000,0,5,1.9082129374886263,0,0.1462271241881947,0,0.07537255124132498,0,0,5頭展開,1730,202608270412,62.42966666666667,13.049651000677216,1
4-2-3,2026-08-27,2000,0,5,1.7712699831877252,0,0.13320661196246,0,0.06271934479063074,0,0,5頭展開,14960,202608271507,46.87633333333333,13.297162633990727,4
4-6-1,2026-08-27,2000,0,5,3.0996586696780297,0,0.14354506660706323,0,0.10195671887505436,0,0,5頭展開,1960,202608271704,52.195,21.593627304259503,4
1-5-4,2026-08-27,2000,0,5,2.4015233736063695,0,0.11330366611943837,0,0.0693979410552699,0,0,5頭展開,7810,202608272212,42.69866666666667,21.195460445867816,1
1-4-3,2026-08-28,2000,0,3,0.4423059731322816,0,0.1665354094777212,0,0.0,0,0,3まくり,1610,202608280506,44.58433333333333,2.6559274962568997,1
3-5-6,2026-08-28,2000,3510,3,0.594017369599159,1,0.20533518002942752,0,0.0,0,0,3まくり,3510,202608280903,49.181000000000004,2.892915717189951,3
3-4-6,2026-08-28,2000,7730,3,0.34232264248317,1,0.17211426564243237,0,0.0,0,0,3まくり,7730,202608281003,41.67766666666667,1.9889266075965242,3
1-2-4,2026-08-28,2000,0,3,0.8119728164243991,0,0.1817761543470875,0,0.0,0,0,3まくり,3530,202608281004,47.12233333333334,4.466883015216616,1
1-6-3,2026-08-28,2000,0,3,0.4385700341386581,0,0.2025113265335574,0,0.0,0,0,3まくり,1590,202608281007,48.946999999999996,2.1656568136004197,1
1-4-5,2026-08-28,2000,0,3,0.3625558643731752,0,0.1806551851237782,0,0.0,0,0,3まくり,2600,202608281103,39.24366666666666,2.0068943170646634,1
6-1-3,2026-08-28,2000,0,3,1.6560060681694626,0,0.2304842792972517,0,0.10606578378313122,0,0,3まくり,20530,202608281111,60.10966666666666,7.184898133697611,6
1-6-3,2026-08-28,2000,0,3,0.512943506661692,0,0.23768548605598447,0,0.0,0,0,3まくり,5320,202608281302,52.383,2.158076688539885,1
1-6-5,2026-08-28,2000,0,3,0.4250829154736638,0,0.24459156546225008,0,0.0,0,0,3まくり,21290,202608281404,56.23200000000001,1.7379295752505026,1
1-2-3,2026-08-28,2000,0,3,0.5015514321978303,0,0.183894144219462,0,0.0,0,0,3まくり,590,202608281505,26.431,2.7273920783430237,1
1-5-3,2026-08-28,2000,0,3,1.6949663369719135,0,0.3245636797533012,0,0.164594566745863,0,0,3まくり,1380,202608282302,78.56533333333333,5.222292088443928,1
1-2-3,2026-08-28,2000,0,3,0.2987462110521657,0,0.17364026680984804,0,0.0,0,0,3まくり,840,202608282303,41.020999999999994,1.7204892421601732,1
1-6-3,2026-08-28,2000,0,3,0.492555418064867,0,0.19959650091424025,0,0.0,0,0,3まくり差し,2900,202608280704,33.370000000000005,2.4677557763224574,1
1-2-4,2026-08-28,2000,0,5,1.9619896378617874,0,0.14352471982378198,0,0.07592628918926932,0,0,5頭展開,530,202608280709,61.06666666666667,13.670046806366846,1
1-2-4,2026-08-28,2000,0,5,1.4672734881893403,0,0.1449290574147199,0,0.051213212399207175,0,0,5頭展開,1380,202608280711,61.732000000000006,10.124080804518604,1
1-2-5,2026-08-28,2000,0,5,0.8376372134138858,0,0.2505834755781849,0,0.0,0,0,5頭展開,810,202608281001,73.61433333333332,3.3427472082153855,1
4-5-2,2026-08-28,2000,0,5,1.414630113830061,0,0.1382885073307295,0,0.044924163910314105,0,0,5頭展開,10440,202608281106,53.34100000000001,10.229556606948146,4
5-6-2,2026-08-28,2000,75240,5,1.4947507481618536,1,0.15564143329650787,0,0.05750368152444195,0,0,5頭展開,75240,202608281307,65.379,9.60380996565515,5
1-6-5,2026-08-28,2000,0,5,3.2875266846159463,0,0.13833048139623325,0,0.10048109011630744,0,0,5頭展開,1340,202608281309,54.287,23.765743106171726,1
2-1-5,2026-08-28,2000,0,5,1.3183653018314347,0,0.1572912838244612,0,0.04312910828560776,0,0,5頭展開,1280,202608281406,65.54433333333334,8.381680597780262,2
2-1-4,2026-08-28,2000,0,5,2.5915909484730277,0,0.2157899701695424,0,0.14456150427985728,0,0,5頭展開,960,202608281408,70.54033333333334,12.009784080496697,2
1-3-5,2026-08-29,2000,0,3,1.7222149906869502,0,0.16861616005487629,0,0.07838388911129482,0,0,3まくり,1050,202608290512,44.849333333333334,10.213819304902055,1
,2026-08-29,2000,0,3,0.7954266566687644,0,0.16853806361658702,0,0.0,0,0,3まくり,0,202608291110,43.592333333333336,4.7195668420536006,0
,2026-08-29,2000,0,3,0.5607810718889721,0,0.2456603252350546,0,0.0,0,0,3まくり,0,202608291309,54.213,2.2827498553232037,0
,2026-08-29,2000,0,3,0.9940938262110036,0,0.30484381256538085,0,0.0,0,0,3まくり,0,202608291707,72.11633333333334,3.2609939425875574,0
,2026-08-29,2000,0,5,0.4014296368121128,0,0.1340189641678394,0,0.0,0,0,5頭展開,0,202608290409,56.54166666666667,2.995319649757777,0
5-4-6,2026-08-29,2000,3470,5,0.8618050563280368,1,0.15567337118869917,0,0.0,0,0,5頭展開,3470,202608290511,64.64500000000001,5.535982485298668,5
1-3-5,2026-08-29,2000,0,5,1.9674061936695353,0,0.14597887374736557,0,0.077533078077548,0,0,5頭展開,1050,202608290512,61.71833333333334,13.477335063389885,1
3-5-4,2026-08-29,2000,0,5,2.177225121668704,0,0.13395465264188622,0,0.07717763489702925,0,0,5頭展開,127700,202608290711,57.28533333333334,16.25344904957716,3
,2026-08-29,2000,0,5,2.5479552979334392,0,0.12839648800929318,0,0.08214391112744378,0,0,5頭展開,0,202608291310,46.599000000000004,19.84443139713464,0
,2026-08-29,2000,0,5,0.3820606521497189,0,0.11026607728867392,0,0.0,0,0,5頭展開,0,202608291607,42.63366666666666,3.464897469323166,0
3-1-6,2026-08-30,2000,3330,3,0.9019529043587821,1,0.1891886025022016,0,0.0,0,0,3まくり,3330,202608300810,37.455999999999996,4.767480135851661,3
1-3-2,2026-08-30,2000,0,3,0.481889702311976,0,0.1668783354613914,0,0.0,0,0,3まくり,500,202608301411,44.370333333333335,2.887670835040567,1
3-5-1,2026-08-30,2000,6630,3,0.7945247069851444,1,0.19695127704495277,0,0.0,0,0,3まくり,6630,202608301605,4.963333333333333,4.034118076846994,3
3-2-5,2026-08-30,2000,11760,3,0.816666657795991,1,0.2650519819800517,0,0.0,0,0,3まくり,11760,202608302103,67.63933333333334,3.0811565780234567,3
2-4-6,2026-08-30,2000,0,3,1.1804936592570383,0,0.16593162789766924,0,0.029519739335799274,0,0,3まくり,29360,202608302105,13.357000000000001,7.114337840312481,2
1-3-5,2026-08-30,2000,0,3,1.5273523215981004,0,0.18990441790888174,0,0.07487883108548773,0,0,3まくり,2920,202608302304,47.85133333333333,8.04274244073111,1
1-2-3,2026-08-30,2000,0,5,1.7422121799176,0,0.13765253059544286,0,0.06367316094953414,0,0,5頭展開,1790,202608300511,59.159666666666666,12.65659390627489,1
3-4-5,2026-08-30,2000,0,5,1.3850829607529842,0,0.1461429582925001,0,0.04542363872399929,0,0,5頭展開,950,202608300703,61.06800000000001,9.477589457172396,3
1-4-3,2026-08-30,2000,0,5,2.2738845194332726,0,0.1865369547237366,0,0.11384138556621268,0,0,5頭展開,1840,202608300710,67.66266666666667,12.189994860808797,1
2-4-5,2026-08-30,2000,0,5,0.9746906810413454,0,0.24870041806794152,0,0.0,0,0,5頭展開,6340,202608301902,77.57400000000001,3.919135675819706,2
4-5-2,2026-08-30,2000,0,5,0.8445546092589955,0,0.20494370347686833,0,0.0,0,0,5頭展開,3360,202608302106,69.43199999999999,4.120910254529089,4
5-4-3,2026-08-31,2000,0,3,0.38268920270121237,0,0.2347525401909981,0,0.0,0,0,3まくり,6730,202608310403,58.045666666666676,1.6301813066212227,5
3-1-4,2026-08-31,2000,1300,3,0.47589593158482724,1,0.17786530314569915,0,0.0,0,0,3まくり,1300,202608310506,40.47166666666667,2.6755973378067726,3
3-1-6,2026-08-31,2000,2130,3,0.44075928798832326,1,0.2821733800824202,0,0.0,0,0,3まくり,2130,202608310609,68.87666666666668,1.5620158352980766,3
3-6-1,2026-08-31,2000,2160,3,0.2781559609402749,1,0.1613984947632507,0,0.0,0,0,3まくり,2160,202608310610,22.747000000000007,1.7234111219456618,3
4-1-3,2026-08-31,2000,0,3,1.1789075543129892,0,0.17775125963628988,0,0.03176431423012848,0,0,3まくり,1590,202608310706,46.855666666666664,6.632344303636666,4
1-3-2,2026-08-31,2000,0,3,0.509790931961601,0,0.16468311266711552,0,0.0,0,0,3まくり,780,202608311105,23.63133333333333,3.0955871777337234,1
1-3-2,2026-08-31,2000,0,3,0.4367790807213935,0,0.15257345055357827,0,0.0,0,0,3まくり,3860,202608311609,19.86366666666667,2.8627462978430347,1
1-4-3,2026-08-31,2000,0,5,1.0311893468725775,0,0.13854037317917892,0,0.004840630395914041,0,0,5頭展開,2660,202608310409,48.94700000000001,7.443240718998971,1
4-5-1,2026-08-31,2000,0,5,0.8042020490844373,0,0.15398081139511133,0,0.0,0,0,5頭展開,2290,202608310804,64.00500000000001,5.222741988421355,4
5-4-1,2026-08-31,2000,4730,5,0.6777893368143794,1,0.1301640911848882,0,0.0,0,0,5頭展開,4730,202608310806,57.78500000000001,5.20719140466806,5
1-3-2,2026-08-31,2000,0,5,3.028734988420932,0,0.13467097146167803,0,0.09440417009710869,0,0,5頭展開,570,202608311612,21.523,22.489887431181028,1
1-2-3,2026-08-31,2000,0,5,2.5802959606241207,0,0.1391867657523995,0,0.09010505722273157,0,0,5頭展開,1090,202608311812,60.226,18.53837142256923,1
1-4-2,2026-08-31,2000,0,5,0.38045231358358045,0,0.13386859048504693,0,0.0,0,0,5頭展開,3030,202608311903,53.04333333333333,2.841983412278303,1
5-1-2,2026-08-31,2000,3210,5,1.1826419210763222,1,0.24365219796326817,0,0.047392537335705996,0,0,5頭展開,3210,202608312109,76.95200000000001,4.853811830807336,5
4-5-6,2026-09-01,2000,0,3,1.0527548052730058,0,0.1946197186079477,0,0.011964462841567582,0,0,3まくり,2060,202609010505,28.159666666666666,5.409291580539848,4
1-3-2,2026-09-01,2000,0,3,1.1135413791138191,0,0.2424390334562301,0,0.03160003224289548,0,0,3まくり,2520,202609010507,56.01666666666667,4.59307795134754,1
3-1-2,2026-09-01,2000,2000,3,0.36184626502882783,1,0.21037046411573412,0,0.0,0,0,3まくり,2000,202609010605,49.82566666666668,1.7200430989673539,3
3-4-5,2026-09-01,2000,3680,3,0.4768490438714944,1,0.22474588165259574,0,0.0,0,0,3まくり,3680,202609011203,51.376,2.1217253920967987,3
1-2-4,2026-09-01,2000,0,3,1.4626029938062644,0,0.30530452104171596,0,0.12203834082585846,0,0,3まくり,1480,202609012012,71.62200000000001,4.790636538285715,1
3-1-5,2026-09-01,2000,2710,3,0.7290182117987299,1,0.32537721855716295,0,0.0,0,0,3まくり,2710,202609012405,76.131,2.240532435034798,3
3-5-6,2026-09-01,2000,1730,3,0.48966399652441794,1,0.23733164553260783,0,0.0,0,0,3まくり差し,1730,202609010602,57.108000000000004,2.063205669119845,3
4-5-2,2026-09-01,2000,0,5,0.5049178568319141,0,0.09795069513821922,0,0.0,0,0,5頭展開,6080,202609010702,34.476,5.1548164729144546,4
1-4-5,2026-09-01,2000,0,5,1.0519550327421112,0,0.1413834600651409,0,0.00806700155956137,0,0,5頭展開,820,202609010804,49.92100000000001,7.44043915927248,1
1-4-2,2026-09-01,2000,0,5,0.4755494158225134,0,0.13215109268475572,0,0.0,0,0,5頭展開,2500,202609010806,47.964999999999996,3.598528064818418,1
1-2-4,2026-09-01,2000,0,5,2.555293157145749,0,0.14032390565820554,0,0.09037167248392125,0,0,5頭展開,560,202609010812,50.98100000000001,18.209963193084246,1
2-1-3,2026-09-01,2000,0,5,1.7998617630067446,0,0.1364135023860393,0,0.06559383125971571,0,0,5頭展開,4710,202609011211,57.293000000000006,13.194161366176786,2
2-4-1,2026-09-01,2000,0,5,0.627377900863324,0,0.09616444404878684,0,0.0,0,0,5頭展開,2150,202609011303,34.179,6.5240111048220495,2
4-2-5,2026-09-01,2000,0,5,1.083187206007883,0,0.12335715265200754,0,0.010691201879259867,0,0,5頭展開,4580,202609011604,46.12566666666667,8.780903115229735,4
1-5-3,2026-09-01,2000,0,5,0.8892613742654315,0,0.17723375050607496,0,0.0,0,0,5頭展開,2910,202609011907,67.47266666666667,5.017449395085451,1
1-5-3,2026-09-01,2000,0,5,0.7296092021013048,0,0.1015812499383691,0,0.0,0,0,5頭展開,3220,202609011909,28.304666666666666,7.18251845241095,1
3-4-1,2026-09-02,2000,1890,3,0.43558794454794375,1,0.183096786256261,0,0.0,0,0,3まくり,1890,202609020506,40.17466666666668,2.379003768740637,3
1-5-2,2026-09-02,2000,0,3,0.8703492365164707,0,0.19855453033572262,0,0.0,0,0,3まくり,1500,202609021704,29.799333333333333,4.383426734433383,1
2-5-1,2026-09-02,2000,0,5,2.165809307750058,0,0.2286673149387412,0,0.13761638802064022,0,0,5頭展開,12770,202609020510,71.99566666666666,9.47144242424969,2
5-4-1,2026-09-02,2000,3150,5,0.5368090830055992,1,0.13658886769852288,0,0.0,0,0,5頭展開,3150,202609020803,58.301000000000016,3.930108595602659,5
4-2-5,2026-09-02,2000,0,5,0.5412888555464951,0,0.13030567015820402,0,0.0,0,0,5頭展開,2720,202609020804,48.501,4.153993106280922,4
4-6-5,2026-09-02,2000,0,5,2.156933960152768,0,0.1323702000769769,0,0.07564275465226052,0,0,5頭展開,18420,202609021306,52.74300000000001,16.294709525999448,4
5-4-6,2026-09-02,2000,1200,5,0.4850334217587766,1,0.20060555173590944,0,0.0,0,0,5頭展開,1200,202609021603,81.34966666666666,2.417846453209366,5
1-2-3,2026-09-02,2000,0,5,1.3955670534630988,0,0.14228487555881655,0,0.044908648642303844,0,0,5頭展開,4390,202609021803,60.29800000000001,9.808259999399661,1
