date,race_code,venue,race,jump3,threat3,wallweak2,turn3,stretch3,block1,outer4,outer5,outer6,outer_max,outer_avg,outer4_strength,outer4_fast,outer4_turn,outer4_stretch,outer5_strength,outer6_strength,winner,second,kimarite,cat
2026-08-03,202608030102,01,02R,0.8500000000000001,0.6666666666666667,0.5566666666666668,0.7656410256410257,0.5203663003663004,0.2688233333333333,0.21,0.14735032967032968,0.536604,0.536604,0.2979847765567765,0.0,0.0,0.5,0.5,0.13199999999999998,0.41059999999999997,2,3,まくり,その他
2026-08-03,202608030104,01,04R,0.7433333333333334,0.4074666666666667,0.78,0.5,0.59,0.42526833333333325,0.5207817802197803,0.559026,0.39666999999999997,0.559026,0.4921592600732601,0.5193000000000001,0.5833333333333334,0.5656410256410256,0.3803663003663003,0.4089000000000001,0.4155,1,5,逃げ,その他
2026-08-03,202608030501,05,01R,0.7983333333333333,0.6687333333333334,0.56,0.41020986358866735,0.44583420776495275,0.3967008333333334,0.4598274921301154,0.4476684428121721,0.39549650786988455,0.4598274921301154,0.434330814270724,0.0,0.9166666666666667,0.76099685204617,0.3177124868835257,0.4213,0.48860000000000003,1,3,逃げ,その他
2026-08-03,202608031907,19,07R,0.95875,0.9055,0.6088888888888889,0.5,0.5,0.3450611111111111,0.561566,0.40787799999999996,0.32999999999999996,0.561566,0.4331479999999999,0.7399,0.4166666666666666,0.5,0.5,0.3467,0.0,3,4,まくり,3まくり
2026-08-03,202608031911,19,11R,0.7662500000000001,0.8201833333333334,0.375,0.5,0.5,0.57975375,0.519174,0.351796,0.7057399999999999,0.7057399999999999,0.52557,0.3211,0.8333333333333334,0.5,0.5,0.29939999999999994,0.8109999999999999,3,6,まくり差し,3まくり差し
2026-08-03,202608032103,21,03R,0.9175000000000001,0.7076333333333333,0.5233333333333333,0.47557712486883524,0.14604407135362013,0.44825666666666664,0.32649008184679956,0.5871967869884576,0.37711181951731376,0.5871967869884576,0.43026622945085696,0.15239999999999998,0.5,0.13463273871983208,0.6797901364113327,0.5869,0.23820000000000002,1,2,逃げ,その他
2026-08-03,202608032104,21,04R,0.8991666666666669,0.5013333333333334,0.45,0.8098426023084995,0.8456243441762854,0.5069400000000001,0.6557378363064008,0.8012850325288563,0.1502010493179433,0.8012850325288563,0.5357413060510668,0.6478999999999999,0.8333333333333334,0.6657345225603357,0.4204197271773347,0.9118,0.0,1,3,逃げ,その他
2026-08-04,202608040103,01,03R,0.7675000000000001,0.31365,0.4344444444444444,0.051538461538461526,0.4494505494505494,0.41551055555555555,0.4968435604395604,0.4101998901098901,0.49548999999999993,0.4968435604395604,0.46751115018315015,0.41059999999999997,0.6666666666666666,0.7312820512820513,0.12073260073260073,0.14850000000000002,0.35849999999999993,1,5,逃げ,その他
2026-08-04,202608040407,04,07R,0.81625,0.5852333333333333,0.3749999999999999,0.6094753410283317,0.6454144805876181,0.46109374999999997,0.5102239013641133,0.3436607869884575,0.5329294753410283,0.5329294753410283,0.46227138789786637,0.6489,0.5,0.22916054564533053,0.6366631689401889,0.31650000000000006,0.8495,1,3,逃げ,その他
2026-08-04,202608040601,06,01R,0.76625,0.8368,0.45,0.6948950682056663,0.6770828961175237,0.54895375,0.34394486883525704,0.3871065246589716,0.5339862623294859,0.5339862623294859,0.4216792186079048,0.15299999999999994,0.75,0.11494753410283315,0.4685414480587618,0.2659,0.6654000000000001,3,1,まくり差し,3まくり差し
2026-08-04,202608040803,08,03R,0.8162500000000001,0.6458666666666666,0.49888888888888894,0.5149475341028331,0.5085414480587618,0.45335486111111095,0.2465280167890871,0.5625533934942287,0.3783269674711437,0.5625533934942287,0.3958027925848198,0.0,0.3333333333333334,0.5712067156348373,0.16354669464847849,0.5692,0.0,1,2,逃げ,その他
2026-08-04,202608041003,10,03R,0.7250000000000001,0.7514333333333334,0.7922222222222222,0.5,0.5,0.4959727777777777,0.33414,0.44697,0.32038,0.44697,0.36716333333333334,0.07099999999999995,0.4166666666666666,0.5,0.5,0.5205,0.20700000000000002,3,1,まくり差し,3まくり差し
2026-08-04,202608041006,10,06R,0.8333333333333334,0.6966833333333333,0.33666666666666667,0.5,0.5,0.4915633333333334,0.560476,0.58732,0.360576,0.58732,0.5027906666666667,0.5014,0.75,0.5,0.5,0.698,0.26639999999999997,2,3,差し,その他
2026-08-04,202608041009,10,09R,0.85,0.6992833333333333,0.4100000000000001,0.5,0.5,0.38480749999999997,0.628246,0.380192,0.46414,0.628246,0.4908593333333333,0.6419,0.8333333333333334,0.5,0.5,0.08880000000000003,0.571,1,6,逃げ,その他
2026-08-04,202608041011,10,11R,0.8579166666666667,0.5456833333333333,0.3749999999999999,0.5,0.5,0.4618950000000001,0.451226,0.428856,0.379362,0.451226,0.41981466666666667,0.23890000000000006,0.6666666666666666,0.5,0.5,0.4084,0.4393,2,3,差し,その他
2026-08-04,202608041301,13,01R,0.7525000000000001,0.7825333333333333,0.0,0.19957264957264959,0.37914529914529915,0.4975625,0.388448,0.0,0.19905641025641027,0.388448,0.19583480341880344,0.32719999999999994,0.5,0.4,0.34,0.0,0.0,2,1,差し,その他
2026-08-04,202608042108,21,08R,1.0,0.8649666666666667,0.67,0.31458027282266526,0.6683315844700944,0.40568499999999996,0.3575703441762854,0.2953916558237146,0.38663129485834213,0.38663129485834213,0.34653109828611406,0.5869,0.4166666666666666,0.10473767051416577,0.182707240293809,0.5524,0.5612,3,1,まくり差し,3まくり差し
2026-08-05,202608050104,01,04R,0.95875,0.2987666666666667,0.7188888888888889,0.18282051282051276,0.21018315018315017,0.30719111111111114,0.18643999999999997,0.25492967032967034,0.3931601098901099,0.3931601098901099,0.2781765934065934,0.136,0.1666666666666666,0.19999999999999996,0.29,0.0,0.4155,2,1,抜き,その他
2026-08-05,202608050404,04,04R,0.8575,0.5490666666666666,0.45,0.0,0.0,0.3923325000000001,0.6272266065057712,0.3920636558237146,0.7028727701993703,0.7028727701993703,0.5740543441762854,0.6878,0.5,0.6098426023084995,0.7056243441762855,0.6532,0.8474999999999999,3,2,まくり,3まくり
2026-08-05,202608051001,10,01R,0.79375,0.4148833333333334,0.29833333333333323,0.41931794333683103,0.7910388247639034,0.5333429166666668,0.3304113116474292,0.12220539349422874,0.36185024554039874,0.36185024554039874,0.27148898356068557,0.219,0.5,0.39052465897166844,0.23458551941238193,0.20700000000000002,0.3041999999999999,3,1,まくり,3まくり
2026-08-05,202608051002,10,02R,0.8237500000000002,0.45036666666666664,0.45,0.5145802728226653,0.8083315844700945,0.4934099999999999,0.3260819013641133,0.43614209863588665,0.19819200000000003,0.43614209863588665,0.3201386666666667,0.2026,0.5,0.22916054564533053,0.4566631689401889,0.07099999999999995,0.08880000000000003,1,2,逃げ,その他
2026-08-05,202608051004,10,04R,0.88375,0.8716666666666668,0.8044444444444445,0.10510493179433367,0.18291710388247637,0.3719955555555556,0.444950426023085,0.6046451311647429,0.49184513116474293,0.6046451311647429,0.5138135627841903,0.22780000000000006,0.5,0.5043704092339979,0.7024973767051417,0.8005,0.5205,1,2,逃げ,その他
2026-08-05,202608051010,10,10R,0.7474999999999999,0.7073,0.67,0.6854197271773347,0.3916684155299056,0.4675475,0.7405012298006296,0.321762,0.45935644281217203,0.7405012298006296,0.5072065575376006,0.8835999999999999,0.9166666666666667,0.5908919202518363,0.4347953830010493,0.4393,0.5145,4,3,差し,外刺され
2026-08-05,202608051707,17,07R,0.8579166666666668,0.7763,0.7066666666666668,0.20984260230849944,0.5456243441762854,0.41267333333333334,0.19930721301154253,0.23260104931794334,0.6189174753410283,0.6189174753410283,0.3502752458901714,0.18870000000000003,0.25,0.019685204616998953,0.3912486883525708,0.0,0.7577,3,1,まくり差し,3まくり差し
2026-08-05,202608051709,17,09R,0.8162500000000001,0.7714833333333333,0.6911111111111112,0.7897901364113327,0.6341657922350472,0.22376263888888873,0.5166594921301155,0.45544477019937035,0.5193148688352571,0.5193148688352571,0.4971397103882477,0.5248,0.5,0.76099685204617,0.19771248688352566,0.6233,0.2535,3,1,まくり差し,3まくり差し
2026-08-05,202608051903,19,03R,0.88375,0.30298333333333327,0.5722222222222222,0.2094753410283316,0.48541448058761805,0.3692927777777778,0.4505072298006296,0.40421070514165797,0.5071076390346275,0.5071076390346275,0.45394185799230496,0.10950000000000006,0.75,0.8558919202518365,0.15479538300104934,0.46010000000000006,0.659,3,1,差し,その他
2026-08-06,202608060203,02,03R,0.87625,0.6942333333333333,0.7208888888888889,0.5,0.5,0.30351611111111115,0.57921,0.440346,0.531494,0.57921,0.5170166666666667,0.5565,0.75,0.5,0.5,0.20690000000000003,0.7691,1,4,逃げ,その他
2026-08-06,202608060906,09,06R,0.8237500000000002,0.7123999999999999,0.45,0.40947534102833155,0.685414480587618,0.42659499999999984,0.6901640818467996,0.5711077376705141,0.7776127869884575,0.7776127869884575,0.6796282021685904,0.8185000000000001,0.6666666666666666,0.5996327387198321,0.5997901364113326,0.4437,0.8093,4,3,差し,外刺され
2026-08-06,202608061202,12,02R,0.7845833333333335,0.7645166666666666,0.38555555555555565,0.19999999999999996,0.19999999999999996,0.41151402777777757,0.45057441025641026,0.7293717948717948,0.19985179487179489,0.7293717948717948,0.4599326666666666,0.3527,0.4166666666666666,0.6004273504273505,0.48085470085470094,0.665,0.41700000000000004,1,5,逃げ,その他
2026-08-06,202608061207,12,07R,0.95875,0.8699000000000001,0.5355555555555556,0.8004273504273505,0.7408547008547008,0.3737319444444444,0.21467399999999998,0.18244358974358976,0.2836304102564102,0.2836304102564102,0.22691599999999998,0.2961,0.25,0.0,0.3,0.19500000000000003,0.3711,2,1,差し,その他
2026-08-06,202608061402,14,02R,0.7750000000000001,0.6294166666666667,0.4744444444444445,0.5240556138509969,0.8537460650577124,0.5106705555555554,0.4098634753410283,0.12129991815320043,0.32649824554039875,0.4098634753410283,0.28588721301154246,0.2546,0.6666666666666666,0.32479013641133264,0.47416579223504723,0.14110000000000003,0.14140000000000005,4,5,差し,外勝ち
2026-08-06,202608061407,14,07R,0.8075,0.8237,0.6198888888888889,0.7905246589716683,0.45458551941238196,0.3622411111111111,0.32649824554039875,0.3671579013641133,0.580587573976915,0.580587573976915,0.42474790696047565,0.14140000000000005,0.1666666666666666,0.33389821615949633,0.879370409233998,0.174,0.6179,3,6,抜き,その他
2026-08-06,202608061703,17,03R,0.95875,0.8172499999999999,0.8166666666666667,0.9047376705141659,0.9827072402938091,0.25940833333333335,0.06874781951731374,0.4350248688352571,0.4398706232948583,0.4398706232948583,0.31454777054914307,0.013599999999999996,0.0,0.029527806925498425,0.31687303252885624,0.13500000000000004,0.44519999999999993,3,5,まくり差し,3まくり差し
2026-08-06,202608061706,17,06R,0.8166666666666668,0.7731833333333333,0.6211111111111112,0.7253934942287513,0.33593913955928645,0.4338955555555554,0.2441439832109129,0.5508905162644282,0.6003846065057713,0.6003846065057713,0.4651397019937041,0.04080000000000004,0.08333333333333341,0.4287932843651626,0.5964533053515215,0.6631,0.7265,3,1,まくり差し,3まくり差し
2026-08-06,202608061805,18,05R,0.9495833333333333,0.5629833333333334,0.45,0.5,0.5,0.477575,0.4916064102564102,0.7884282051282052,0.52579,0.7884282051282052,0.6019415384615384,0.7274999999999999,0.6666666666666666,0.20042735042735044,0.20085470085470084,0.485,0.6935,1,3,抜き,その他
2026-08-06,202608061806,18,06R,0.8166666666666668,0.55095,0.45,0.7002136752136752,0.6104273504273505,0.47106166666666655,0.557264,0.19624999999999998,0.5096999999999999,0.557264,0.42107133333333335,0.6095999999999999,0.5833333333333334,0.5,0.5,0.3325,0.7049999999999998,5,2,まくり差し,外勝ち
2026-08-06,202608062406,24,06R,0.8075000000000002,0.7912666666666667,0.6561111111111111,0.5,0.5,0.3425613888888887,0.6359416558237145,0.32306529485834207,0.49729296747114377,0.6359416558237145,0.48543330605106677,0.5398999999999999,0.9166666666666667,0.4302623294858342,0.717292759706191,0.1613,0.5499,4,3,まくり差し,外刺され
2026-08-07,202608070205,02,05R,0.8762500000000001,0.41223333333333334,0.5355555555555556,0.4295278069254984,0.6568730325288562,0.4164144444444444,0.5728442623294858,0.4046506065057713,0.2389750325288562,0.5728442623294858,0.40548996712137114,0.7691,0.75,0.3051049317943337,0.3229171038824764,0.22140000000000004,0.1803,1,4,逃げ,その他
2026-08-07,202608070404,04,04R,0.7245833333333334,0.8731166666666668,0.5233333333333333,0.8,0.68,0.5555187500000001,0.5697981636935993,0.4063393116474292,0.22448582791185728,0.5697981636935993,0.4002077677509619,0.5625000000000001,0.8333333333333334,0.39926547743966423,0.4595802728226653,0.6532,0.30970000000000003,1,2,逃げ,その他
2026-08-07,202608071006,10,06R,0.775,0.6172500000000001,0.22499999999999995,1.0,0.8200000000000001,0.3750125,0.63097,0.23683860650577127,0.10582539349422873,0.63097,0.32454466666666665,0.8005,0.75,0.4,0.46,0.1396,0.0,2,3,まくり,その他
2026-08-07,202608071010,10,10R,0.7525000000000002,0.8594333333333333,0.3961111111111112,0.9901573976915006,0.5943756558237145,0.5216638888888887,0.1458253934942287,0.33649399999999996,0.19645165582371457,0.33649399999999996,0.22625701643931442,0.0,0.1666666666666666,0.19015739769150047,0.33437565582371453,0.5190999999999999,0.5014,3,1,まくり,3まくり
2026-08-07,202608071203,12,03R,0.9175000000000001,0.5073000000000001,0.45,0.5010683760683761,0.3521367521367521,0.282975,0.3430184102564103,0.11147399999999999,0.7392037948717949,0.7392037948717949,0.39789873504273504,0.3693,0.25,0.40042735042735045,0.3408547008547008,0.2961,0.8598000000000001,1,3,逃げ,その他
2026-08-07,202608071209,12,09R,0.7675000000000002,0.8796999999999999,0.45,0.6997863247863247,0.7895726495726495,0.5401824999999998,0.4465802051282052,0.6941346153846153,0.3061953846153846,0.6941346153846153,0.48230340170940167,0.6278,0.3333333333333334,0.3002136752136752,0.45042735042735044,0.7575,0.08700000000000001,1,3,逃げ,その他
2026-08-07,202608071406,14,06R,0.96625,0.6674500000000001,0.45,0.6193179433368311,0.8710388247639035,0.37555,0.36079121301154254,0.30038816369359916,0.5988497376705142,0.5988497376705142,0.4200097047918853,0.5413000000000001,0.3333333333333334,0.019685204616998953,0.5112486883525709,0.07600000000000001,0.42999999999999994,3,2,まくり,3まくり
2026-08-07,202608071801,18,01R,0.835,0.8151666666666667,0.1500000000000001,0.7002136752136752,0.7304273504273505,0.55916,0.3874562051282051,0.3735455897435897,0.6649357948717948,0.6649357948717948,0.47531252991452994,0.6692,0.3333333333333334,0.10021367521367519,0.3104273504273504,0.5852999999999999,0.6095999999999999,1,2,逃げ,その他
2026-08-07,202608071901,19,01R,1.0,0.49041666666666667,0.45,0.4854197271773347,0.49166841552990553,0.2952075,0.47561444281217213,0.16853426232948585,0.21621218048268628,0.47561444281217213,0.2867869618747814,0.24819999999999998,0.75,0.41057712486883524,0.6260440713536202,0.05760000000000002,0.1904,2,3,まくり,その他
2026-08-07,202608071905,19,05R,0.7566666666666668,0.7712166666666667,0.45,0.6755771248688351,0.5260440713536201,0.5627666666666664,0.2760089674711438,0.33186416369359917,0.7311046883525709,0.7311046883525709,0.4463259398391046,0.3473,0.3333333333333334,0.2857869884575026,0.05187827911857293,0.24740000000000006,0.7584,1,3,逃げ,その他
2026-08-08,202608080208,02,08R,0.79,0.83575,0.45,0.9901573976915006,0.5943756558237145,0.332145,0.5010253767051416,0.5365507869884574,0.4800616558237146,0.5365507869884574,0.5058792731724379,0.2592,0.5833333333333334,0.6189506820566631,0.6908289611752361,0.46499999999999997,0.4179,5,6,恵まれ,外勝ち
2026-08-08,202608080903,09,03R,0.8087500000000001,0.6941499999999999,0.22499999999999995,0.36564102564102563,0.18036630036630036,0.45084374999999993,0.41151389010989,0.30112843956043955,0.42644432967032964,0.42644432967032964,0.3796955531135531,0.6805999999999999,0.5,0.18282051282051276,0.09018315018315015,0.09520000000000003,0.3411,2,1,差し,その他
2026-08-08,202608081403,14,03R,0.7262500000000001,0.33181666666666665,0.5233333333333333,0.7602623294858342,0.13729275970619098,0.5065954166666666,0.7703392948583422,0.32563616369359916,0.29252183630640083,0.7703392948583422,0.4628324316194474,0.7474,0.8333333333333334,0.6193179433368311,0.9310388247639035,0.12319999999999998,0.12550000000000003,1,2,逃げ,その他
2026-08-08,202608081502,15,02R,1.0,0.3896333333333334,0.45,0.33389821615949633,0.819370409233998,0.38515750000000004,0.3201725078698846,0.5740980818467996,0.5988956390346275,0.5988956390346275,0.49772207625043724,0.0,0.5833333333333334,0.23900314795383001,0.6822875131164743,0.053599999999999995,0.6772,3,5,まくり,3まくり
2026-08-08,202608081602,16,02R,0.8912500000000001,0.7900499999999999,0.45,0.2102098635886674,0.3658342077649528,0.43904000000000004,0.6248853116474293,0.36439999999999995,0.261,0.6248853116474293,0.4167617705491431,0.4051,0.8333333333333334,0.8555246589716685,0.45458551941238196,0.16000000000000003,0.15000000000000002,4,1,まくり差し,外勝ち
2026-08-08,202608081608,16,08R,0.9175000000000001,0.5894,0.5111111111111111,0.5,0.5,0.31549388888888896,0.381,0.5951620818467995,0.3210761804826862,0.5951620818467995,0.4324127541098286,0.15000000000000002,0.5,0.5,0.5,0.23320000000000005,0.0,1,4,抜き,その他
2026-08-08,202608081902,19,02R,0.8350000000000002,0.6774666666666668,0.5077777777777779,0.23900314795383001,0.8022875131164743,0.2862572222222222,0.46645078698845743,0.35979339349422873,0.025849737670514156,0.46645078698845743,0.28403130605106675,0.0,0.4166666666666666,0.980314795383001,0.7287513116474292,0.23520000000000002,0.0,3,1,まくり差し,3まくり差し
2026-08-08,202608081909,19,09R,0.8075000000000001,0.47375,0.38722222222222225,1.0,0.94,0.3591902777777777,0.6178779999999999,0.48702547534102836,0.284482,0.6178779999999999,0.4631284917803427,0.3467,0.3333333333333334,1.0,1.0,0.2839,0.3473,2,5,まくり,その他
2026-08-08,202608082002,20,02R,0.8912500000000001,0.7388,0.44999999999999996,0.75,0.8250000000000001,0.40470500000000004,0.47431778021978027,0.16640000000000002,0.56197989010989,0.56197989010989,0.40089922344322343,0.6296999999999999,0.5833333333333334,0.36564102564102563,0.18036630036630036,0.0,0.7655,6,2,抜き,外勝ち
2026-08-09,202608090211,02,11R,0.7337500000000001,0.7063166666666667,0.22500000000000014,0.6003672612801679,0.6602098635886674,0.6000812499999999,0.35928147534102833,0.5418110493179433,0.502911573976915,0.5418110493179433,0.4680013662119622,0.2023,0.25,0.5897901364113327,0.49416579223504725,0.5565,0.6165,6,1,まくり,外勝ち
2026-08-09,202608090303,03,03R,0.8487499999999999,0.7800833333333332,0.6211111111111112,0.5,0.5,0.37257888888888885,0.575318,0.374456,0.3046,0.575318,0.41812466666666664,0.6627000000000001,0.5833333333333334,0.5,0.5,0.2484,0.0,1,5,逃げ,その他
2026-08-09,202608090307,03,07R,1.0,0.7630166666666667,0.5722222222222222,0.5,0.53,0.3491677777777778,0.6927359999999999,0.273138,0.34619999999999995,0.6927359999999999,0.43735799999999997,0.8904,0.75,0.5,0.5,0.18570000000000006,0.0,1,3,抜き,その他
2026-08-09,202608091402,14,02R,0.76625,0.8140499999999999,0.45,0.7905246589716683,0.5745855194123819,0.5743637500000001,0.6842023441762854,0.16564460650577123,0.5370373934942287,0.6842023441762854,0.4622947813920952,0.4417,0.5833333333333334,0.9047376705141659,0.9827072402938091,0.2654999999999999,0.5917999999999999,3,1,まくり差し,3まくり差し
2026-08-09,202608091608,16,08R,0.8500000000000001,0.5365,0.30000000000000004,0.32442287513116475,0.5939559286463799,0.3471475,0.5829874753410283,0.36503557397691505,0.6869328688352571,0.6869328688352571,0.5449853060510668,0.23320000000000005,0.8333333333333334,0.7897901364113327,0.6341657922350472,0.4051,0.7512000000000001,2,1,差し,その他
2026-08-09,202608092307,23,07R,0.8408333333333335,0.8282,0.8166666666666667,0.5,0.5,0.34568333333333334,0.3914450493179434,0.37,0.56386,0.56386,0.44176834977264784,0.2366,0.4166666666666666,0.4204197271773348,0.6116684155299056,0.0,0.629,3,5,差し,その他
2026-08-10,202608100302,03,02R,0.9175000000000001,0.7592500000000001,0.5111111111111111,0.5,0.35,0.39326388888888897,0.623618,0.370606,0.443248,0.623618,0.4791573333333334,0.6076999999999999,0.75,0.5,0.65,0.3659,0.3171999999999999,4,1,差し,外勝ち
2026-08-10,202608100304,03,04R,0.7337500000000001,0.6774166666666668,0.5722222222222222,0.5,0.47,0.4712890277777777,0.3354,0.47053199999999995,0.517402,0.517402,0.44111133333333336,0.0,0.5,0.5,0.53,0.5197999999999999,0.5353000000000001,2,5,まくり,その他
2026-08-10,202608100305,03,05R,0.8087500000000001,0.5941500000000001,0.30000000000000004,0.5,0.47,0.4011962499999999,0.602044,0.30520400000000003,0.299494,0.602044,0.40224733333333335,0.6666000000000001,0.6666666666666666,0.5,0.53,0.30060000000000003,0.2790999999999999,1,3,逃げ,その他
2026-08-10,202608100503,05,03R,0.8258333333333334,0.6496999999999999,0.4816666666666667,0.7799475341028331,0.4685414480587618,0.37898999999999994,0.4769921636935992,0.32686868835257077,0.1230311311647429,0.4769921636935992,0.3089639944036376,0.5366,0.5833333333333334,0.13426547743966422,0.6795802728226653,0.45299999999999996,0.13339999999999996,3,2,まくり,3まくり
2026-08-10,202608100512,05,12R,0.7341666666666666,0.6824,0.8655555555555556,0.8558919202518365,0.4547953830010493,0.47822361111111106,0.31704460650577126,0.6821758363064009,0.4450059181532004,0.6821758363064009,0.4814087869884575,0.13550000000000004,0.25,0.4098426023084995,0.6256243441762854,0.7186000000000001,0.712,3,1,まくり差し,3まくり差し
2026-08-10,202608101309,13,09R,0.7433333333333334,0.7545833333333334,0.46777777777777796,0.19999999999999996,0.19999999999999996,0.5596255555555555,0.807812,0.19001179487179487,0.7075297948717948,0.807812,0.5684511965811966,0.7018000000000001,0.6666666666666666,1.0,0.94,0.12099999999999998,0.5736999999999999,1,3,逃げ,その他
2026-08-10,202608101405,14,05R,0.8483333333333334,0.8403666666666667,0.5966666666666667,0.5905246589716685,0.374585519412382,0.4336033333333333,0.1828999181532004,0.47293965582371456,0.4736666883525709,0.4736666883525709,0.37650208744316194,0.14110000000000003,0.1666666666666666,0.2003672612801679,0.2602098635886673,0.2546,0.17770000000000002,2,1,差し,その他
2026-08-10,202608101501,15,01R,0.8670833333333334,0.3894833333333333,0.5966666666666667,0.8854197271773347,0.6516684155299055,0.3308258333333334,0.4143563441762854,0.1762922623294858,0.33142224554039873,0.4143563441762854,0.30735695068205665,0.23980000000000004,0.5,0.23973767051416578,0.8627072402938091,0.16629999999999998,0.0,3,1,まくり差し,3まくり差し
2026-08-10,202608101505,15,05R,0.7675,0.4771333333333333,0.5844444444444443,0.5240556138509969,0.7937460650577124,0.48139805555555565,0.5803136558237146,0.3158459013641134,0.8064253934942287,0.8064253934942287,0.567528316894019,0.44570000000000004,0.5833333333333334,0.6952623294858342,0.6772927597061911,0.31720000000000004,0.91,3,5,差し,その他
2026-08-10,202608101604,16,04R,0.925,0.6348833333333332,0.45,0.4287932843651626,0.6564533053515215,0.40866,0.5443526065057712,0.5589400167890871,0.5881898195173139,0.5881898195173139,0.5638274809373908,0.5616999999999999,0.3333333333333334,0.6098426023084995,0.7056243441762855,0.6518,0.5649000000000001,2,5,まくり,その他
2026-08-10,202608101801,18,01R,0.95875,0.56175,0.45,0.6997863247863247,0.7295726495726496,0.36078,0.46672358974358974,0.22919358974358975,0.5574828205128205,0.5574828205128205,0.4178,0.597,0.75,0.19957264957264959,0.19914529914529913,0.3325,0.48050000000000004,1,2,逃げ,その他
2026-08-10,202608102105,21,05R,0.775,0.6662,0.6211111111111112,0.5,0.5,0.5048138888888889,0.49109800000000003,0.7280329506820568,0.2826761804826862,0.7280329506820568,0.5006023770549144,0.17970000000000003,0.9166666666666667,0.5,0.5,0.8501000000000001,0.0,1,3,逃げ,その他
2026-08-10,202608102112,21,12R,0.7583333333333335,0.8046666666666666,0.37500000000000006,0.009842602308499473,0.16562434417628538,0.6099183333333332,0.8574059181532004,0.69464,0.6341800000000001,0.8574059181532004,0.7287419727177334,0.972,0.75,0.8003672612801678,0.8602098635886672,0.896,0.7770000000000001,2,3,まくり,その他
2026-08-10,202608102307,23,07R,0.8408333333333335,1.0,0.56,0.5704721930745016,0.34312696747114374,0.4328275,0.14822329485834207,0.40730373767051414,0.4811173934942288,0.4811173934942288,0.34554814200769496,0.0,0.0,0.21931794333683108,0.5310388247639034,0.4830999999999999,0.38380000000000003,1,3,逃げ,その他
2026-08-11,202608110102,01,02R,0.95875,0.5929166666666665,0.45,0.5,0.5,0.368865,0.43895400000000007,0.501936,0.5056864395604395,0.5056864395604395,0.48219214652014647,0.43810000000000004,0.3333333333333334,0.5,0.5,0.2704,0.7039,5,2,抜き,外勝ち
2026-08-11,202608110104,01,04R,0.7412500000000002,0.6015833333333334,0.4988888888888889,0.5,0.5,0.3857148611111109,0.4944139999999999,0.49229,0.585388,0.585388,0.5240306666666666,0.30709999999999993,0.75,0.5,0.5,0.4185,0.39820000000000005,1,6,逃げ,その他
2026-08-11,202608110407,04,07R,0.8425000000000001,0.46526666666666666,0.67,0.4861542497376705,0.19208814270724028,0.38496499999999995,0.584216,0.28567303252885623,0.527728,0.584216,0.46587234417628537,0.5124,0.8333333333333334,0.5,0.5,0.0,0.6992,6,2,まくり,外勝ち
2026-08-11,202608110503,05,03R,0.73375,0.5978000000000001,0.7555555555555555,0.10510493179433367,0.30291710388247634,0.3931631944444445,0.30882583630640087,0.236298426023085,0.3601746065057712,0.3601746065057712,0.30176628961175234,0.15110000000000004,0.4166666666666666,0.4007345225603358,0.34041972717733476,0.0,0.0,1,3,逃げ,その他
2026-08-11,202608110508,05,08R,0.865,0.6986000000000001,0.44999999999999996,0.6094753410283317,0.6454144805876181,0.2926,0.6077087869884574,0.32472626232948587,0.2582427869884575,0.6077087869884574,0.3968926121021336,0.3837,0.4166666666666666,0.980314795383001,0.7887513116474292,0.4264000000000001,0.12880000000000003,3,4,まくり,3まくり
2026-08-11,202608110509,05,09R,0.7341666666666669,0.7298166666666668,0.8655555555555556,0.7701049317943336,0.24291710388247637,0.42862861111111095,0.3827807869884575,0.32089303252885626,0.45527372088142704,0.45527372088142704,0.38631584679958025,0.4045,0.5,0.38031479538300106,0.18875131164742917,0.45299999999999996,0.6128,3,4,差し,その他
2026-08-11,202608110707,07,07R,0.7566666666666667,0.9332,0.6455555555555555,0.5,0.5,0.5064711111111111,0.46227799999999997,0.5204092130115425,0.32012503252885627,0.5204092130115425,0.43427074851346625,0.5066999999999999,0.3333333333333334,0.5,0.5,0.279,0.2778,3,1,差し,その他
2026-08-11,202608110809,08,09R,0.8258333333333334,0.7935666666666668,0.3977777777777778,0.5,0.47,0.4815088888888888,0.44068799999999997,0.295766,0.5366139999999999,0.5366139999999999,0.42435599999999996,0.3732000000000001,0.5,0.5,0.41000000000000003,0.2999,0.6870999999999999,3,4,まくり,3まくり
2026-08-11,202608111903,19,03R,0.8991666666666668,0.6994666666666667,0.6333333333333333,0.5,0.5,0.3695766666666667,0.639678,0.5506519999999999,0.29000000000000004,0.639678,0.4934433333333333,0.6167,0.9166666666666667,0.5,0.5,0.7078,0.0,1,6,逃げ,その他
2026-08-11,202608111908,19,08R,0.8350000000000001,0.6673833333333332,0.4744444444444445,0.5,0.5,0.4768555555555556,0.38749731164742923,0.2578189506820566,0.22904,0.38749731164742923,0.291452087443162,0.3269000000000001,0.0,0.8555246589716685,0.39458551941238196,0.273,0.05600000000000002,2,3,まくり,その他
2026-08-11,202608112107,21,07R,0.8070833333333334,0.35813333333333336,0.6455555555555555,0.10473767051416577,0.182707240293809,0.3909190277777778,0.3427005246589717,0.5296615571878278,0.3388087701993704,0.5296615571878278,0.4037236173487233,0.0,0.3333333333333334,0.6102098635886675,0.6458342077649528,0.33320000000000005,0.39790000000000003,1,3,逃げ,その他
2026-08-12,202608120101,01,01R,0.83125,0.49005,0.47444444444444445,0.7828205128205128,0.7501831501831502,0.3959705555555556,0.24462,0.30434999999999995,0.4673364395604396,0.4673364395604396,0.3387688131868132,0.03300000000000003,0.25,0.4,0.43,0.5374999999999999,0.5864,3,5,差し,その他
2026-08-12,202608120107,01,07R,0.8258333333333332,0.7852833333333333,0.4866666666666666,0.43435897435897436,0.6796336996336997,0.4619400000000001,0.33977632967032967,0.44580567032967033,0.2988197802197802,0.44580567032967033,0.36146726007326,0.1409,0.5,0.2515384615384615,0.6194505494505494,0.29140000000000005,0.0,1,3,逃げ,その他
2026-08-12,202608120204,02,04R,0.96625,0.9093499999999999,0.45,0.5,0.5,0.344575,0.556077573976915,0.657206,0.4197560167890871,0.657206,0.544346530255334,0.4164,0.3333333333333334,0.9606295907660021,0.5775026232948584,0.7858999999999999,0.4142,3,2,まくり,3まくり
2026-08-12,202608120407,04,07R,0.7525000000000001,0.7979666666666667,0.0,0.40947534102833155,0.565414480587618,0.6157224999999998,0.6109509506820567,0.36732200000000004,0.6309165246589716,0.6309165246589716,0.5363964917803429,0.6528,0.5,0.5145802728226653,0.8083315844700945,0.4333,0.5124,3,2,まくり,3まくり
2026-08-12,202608120603,06,03R,0.7412500000000002,0.6928833333333335,0.22500000000000006,0.9507869884575026,0.47187827911857294,0.5387212499999998,0.4374010493179434,0.5769621804826862,0.7565,0.7565,0.5902877432668765,0.0,0.5833333333333334,0.8854197271773347,0.47166841552990557,0.3879,0.845,1,2,逃げ,その他
2026-08-12,202608120702,07,02R,0.8762500000000002,0.7613666666666667,0.5355555555555556,0.5701049317943337,0.2529171038824764,0.3848619444444445,0.6620150325288563,0.2948000986358867,0.8307222623294859,0.8307222623294859,0.5958457978314097,0.4163000000000001,0.8333333333333334,0.7142130115424974,0.828121720881427,0.16470000000000004,0.9358000000000001,1,3,逃げ,その他
2026-08-12,202608120708,07,08R,0.7754166666666669,0.3813666666666667,0.533888888888889,0.2003672612801679,0.3802098635886673,0.4988490277777776,0.4948580818467996,0.6331370493179432,0.6220150325288563,0.6331370493179432,0.5833367212311997,0.8876,0.5,0.19963273871983211,0.13979013641133262,0.7003999999999999,0.4163000000000001,4,1,差し,外勝ち
2026-08-12,202608120807,08,07R,0.8162500000000001,0.779,0.30000000000000004,0.5,0.65,0.4744287499999999,0.39944,0.2046,0.5002679999999999,0.5002679999999999,0.3681026666666667,0.306,0.3333333333333334,0.5,0.53,0.0,0.5801999999999999,2,1,差し,その他
2026-08-12,202608120812,08,12R,0.8579166666666668,0.8190666666666666,0.45,0.5,0.65,0.50624,0.500914,0.68072,0.684876,0.684876,0.62217,0.4821,0.4166666666666666,0.5,0.65,0.6579999999999999,0.8514,1,5,逃げ,その他
2026-08-12,202608121312,13,12R,0.7262500000000001,0.8692500000000001,0.5722222222222222,0.8997863247863248,0.6295726495726495,0.5910115277777778,0.28788800000000003,0.6156757948717949,0.17285379487179486,0.6156757948717949,0.35880586324786323,0.5432000000000001,0.25,0.0,0.24,0.7706000000000002,0.24229999999999996,5,1,まくり差し,外勝ち
2026-08-12,202608121902,19,02R,0.8425000000000001,0.4839833333333333,0.45,0.4098426023084995,0.44562434417628544,0.39065250000000007,0.49627896747114375,0.34244868835257086,0.33304652465897167,0.49627896747114375,0.3905913934942287,0.6328,0.6666666666666666,0.2857869884575026,0.2918782791185729,0.0,0.3269000000000001,1,3,逃げ,その他
2026-08-12,202608122112,21,12R,0.7412500000000001,0.79375,0.45,0.5051049317943337,0.40291710388247637,0.59431875,0.516634,0.5831174753410283,0.7535,0.7535,0.6177504917803427,0.43010000000000004,0.5833333333333334,0.6,0.48,0.8876999999999999,0.515,1,3,逃げ,その他
2026-08-12,202608122302,23,02R,0.7754166666666668,0.8851666666666667,0.4744444444444445,0.7803147953830011,0.5287513116474292,0.5747134722222221,0.46835763903462746,0.40330381951731376,0.13179895068205666,0.46835763903462746,0.3344868030779993,0.2615,0.4166666666666666,0.5240556138509969,0.8537460650577124,0.22699999999999998,0.0,1,3,逃げ,その他
2026-08-12,202608122306,23,06R,0.9495833333333334,0.29986666666666667,0.45,0.2003672612801679,0.20020986358866735,0.35733250000000005,0.878368,0.19179895068205666,0.46361739349422876,0.878368,0.5112614480587617,0.9952000000000001,0.5,1.0,1.0,0.0,0.16880000000000003,4,2,差し,外勝ち
2026-08-12,202608122307,23,07R,0.7525,0.8128166666666667,0.36111111111111116,0.8171794871794872,0.9098168498168498,0.4996838888888889,0.45085589010989013,0.5310797802197802,0.73226,0.73226,0.5713985567765568,0.30690000000000006,0.5833333333333334,0.5828205128205128,0.3701831501831502,0.359,0.629,3,4,まくり,3まくり
2026-08-12,202608122403,24,03R,0.74875,0.41478333333333334,0.45,0.5,0.5,0.44733124999999996,0.27,0.28615999999999997,0.24774,0.28615999999999997,0.26796666666666663,0.0,0.25,0.5,0.5,0.22400000000000003,0.11100000000000003,2,1,差し,その他
2026-08-13,202608130101,01,01R,0.8087500000000001,0.5699333333333334,0.22500000000000006,0.06871794871794872,0.6192673992673994,0.4803662499999999,0.4751322197802198,0.5564864395604395,0.40661978021978024,0.5564864395604395,0.47941281318681317,0.5027999999999999,0.5833333333333334,0.2343589743589743,0.5996336996336996,0.7039,0.0,2,5,差し,その他
2026-08-13,202608130102,01,02R,0.96625,0.5645333333333333,0.45,0.9656410256410255,0.48036630036630035,0.3214575,0.4790197802197802,0.21675032967032967,0.6976123296703296,0.6976123296703296,0.46446081318681315,0.0,0.75,0.7656410256410257,0.6403663003663004,0.13200000000000003,0.8763,6,4,逃げ,外勝ち
2026-08-13,202608130104,01,04R,0.74125,0.9442666666666668,0.30000000000000004,0.03435897435897436,0.45963369963369965,0.55821625,0.676166,0.27787389010989016,0.26214178021978024,0.676166,0.40539389010989013,0.5098999999999999,1.0,0.6,0.66,0.3346,0.26330000000000003,1,4,逃げ,その他
2026-08-13,202608130206,02,06R,0.8408333333333334,0.8331833333333334,0.45,0.23769674711437566,0.04296956977964323,0.36554000000000003,0.594467573976915,0.2786212130115425,0.4945976558237146,0.594467573976915,0.45589548093739074,0.4599,0.6666666666666666,0.6956295907660021,0.6175026232948584,0.24079999999999993,0.4183,3,1,抜き,その他
2026-08-13,202608130304,03,04R,0.8070833333333334,0.7840166666666666,0.533888888888889,0.5,0.53,0.38736069444444443,0.6389940000000001,0.526602,0.36413799999999996,0.6389940000000001,0.5099113333333333,0.5941,0.8333333333333334,0.5,0.65,0.5353000000000001,0.40569999999999995,1,2,逃げ,その他
2026-08-13,202608130307,03,07R,0.9175,0.7612666666666668,0.38555555555555565,0.5,0.59,0.3252394444444444,0.29247199999999995,0.554516,0.3338,0.554516,0.393596,0.1408,0.1666666666666666,0.5,0.47,0.6174000000000001,0.0,1,3,逃げ,その他
2026-08-13,202608130403,04,03R,0.8650000000000001,0.4275,0.44999999999999996,0.6003672612801679,0.6602098635886674,0.23243500000000003,0.6337142623294858,0.027902606505771248,0.600279131164743,0.6337142623294858,0.42063200000000006,0.5446,0.9166666666666667,0.7701049317943336,0.24291710388247637,0.01920000000000002,0.5406,3,2,差し,その他
2026-08-13,202608130602,06,02R,0.9495833333333334,0.7885500000000001,0.5966666666666667,0.8948950682056663,0.6370828961175237,0.39043083333333334,0.4452716558237146,0.6543769506820567,0.3438606065057712,0.6543769506820567,0.4811697376705142,0.37440000000000007,0.1666666666666666,0.6952623294858342,0.617292759706191,0.8017000000000001,0.39790000000000003,3,4,まくり,3まくり
2026-08-13,202608130603,06,03R,0.79,0.7435,0.48666666666666664,0.7708394543546695,0.36333683105981107,0.3682358333333333,0.7231855739769151,0.5113892130115425,0.5590042623294857,0.7231855739769151,0.5978596831059811,0.6726000000000001,0.6666666666666666,0.9606295907660021,0.5775026232948584,0.6559999999999999,0.5130999999999999,3,1,まくり差し,3まくり差し
2026-08-13,202608130707,07,07R,0.8258333333333334,0.6356666666666666,0.45,0.8952623294858343,0.697292759706191,0.4569641666666666,0.7836670493179434,0.46667355718782794,0.20179895068205667,0.7836670493179434,0.48404651906260937,0.7149000000000001,0.8333333333333334,0.8854197271773347,0.7116684155299056,0.31499999999999995,0.0,1,4,逃げ,その他
2026-08-13,202608130804,08,04R,0.7412500000000001,0.54345,0.5233333333333333,0.5,0.65,0.5309279166666666,0.5500799999999999,0.321548,0.63752,0.63752,0.5030493333333332,0.482,0.6666666666666666,0.5,0.59,0.17220000000000002,0.6579999999999999,3,4,まくり,3まくり
2026-08-13,202608131606,16,06R,0.80125,0.7900499999999999,0.48666666666666664,0.5236883525708289,0.8535362014690451,0.5240920833333333,0.4005070325288562,0.23592486883525707,0.3374523609653725,0.4005070325288562,0.32462808744316196,0.3401,0.4166666666666666,0.31421301154249737,0.6081217208814271,0.0,0.30500000000000005,4,3,まくり,外刺され
2026-08-13,202608131609,16,09R,0.7250000000000001,0.5365,0.6577777777777778,0.8752098635886674,0.6058342077649528,0.5883572222222221,0.29247895068205665,0.41739018048268633,0.691245720881427,0.691245720881427,0.46703828401538994,0.262,0.1666666666666666,0.31458027282266526,0.48833158447009445,0.30210000000000004,0.7886,1,4,逃げ,その他
2026-08-13,202608132410,24,10R,0.8500000000000001,0.69555,0.44999999999999996,0.10510493179433367,0.12291710388247637,0.4284,0.4002343441762854,0.22835486883525707,0.40522216369359915,0.40522216369359915,0.34460379223504717,0.4065,0.5,0.3047376705141658,0.38270724029380904,0.22950000000000004,0.21609999999999996,5,2,まくり差し,外勝ち
2026-08-14,202608140102,01,02R,0.7600000000000001,0.4037166666666667,0.5566666666666668,0.5,0.5,0.27816583333333317,0.6468359999999999,0.54136,0.38575400000000004,0.6468359999999999,0.52465,0.7553999999999998,0.75,0.5,0.5,0.504,0.45809999999999995,3,4,まくり,3まくり
2026-08-14,202608140403,04,03R,0.9495833333333334,0.7979666666666667,0.45,0.5,0.5,0.43658125000000003,0.3717039999999999,0.5138039999999999,0.30999999999999994,0.5138039999999999,0.3985026666666666,0.47559999999999997,0.0,0.5,0.5,0.5406,0.0,2,3,差し,その他
2026-08-14,202608140602,06,02R,0.8237500000000001,0.7895333333333334,0.5583333333333333,0.5,0.5,0.3615766666666666,0.53264,0.38581200000000004,0.541718,0.541718,0.4867233333333334,0.5960000000000001,0.5,0.5,0.5,0.2818,0.6227,6,4,まくり差し,外勝ち
2026-08-14,202608141007,10,07R,0.87625,0.8222999999999999,0.22499999999999995,0.5,0.5,0.43445500000000004,0.602874,0.17802434417628538,0.416096,0.602874,0.39899811472542845,0.6261,0.75,0.5,0.5,0.0,0.1944,1,3,逃げ,その他
2026-08-14,202608141009,10,09R,0.8991666666666669,0.6458333333333334,0.67,0.3806820566631689,0.2489611752360965,0.40449499999999994,0.468286,0.42696199999999995,0.49077000000000004,0.49077000000000004,0.462006,0.3479,0.5833333333333334,0.5,0.5,0.5792999999999999,0.5905,4,5,差し,外勝ち
2026-08-14,202608141903,19,03R,0.79375,0.7283333333333333,0.22499999999999995,0.6003672612801679,0.6002098635886673,0.46525625000000004,0.592979573976915,0.24999999999999997,0.7117753934942288,0.7117753934942288,0.5182516558237146,0.7067,0.3333333333333334,0.6956295907660021,0.5875026232948584,0.0,0.9175,3,1,まくり差し,3まくり差し
2026-08-14,202608141907,19,07R,0.7433333333333334,0.6152666666666666,0.6088888888888889,0.39926547743966423,0.2795802728226653,0.5310344444444444,0.31404,0.68147,0.23,0.68147,0.4085033333333334,0.306,0.0,0.5,0.5,0.7855,0.0,1,2,逃げ,その他
2026-08-14,202608142103,21,03R,1.0,0.8294333333333332,0.45,0.5,0.5,0.4396175,0.536584,0.57418,0.42762999999999995,0.57418,0.512798,0.6075999999999999,0.5,0.5,0.5,0.7770000000000001,0.16949999999999998,2,4,まくり,その他
2026-08-14,202608142104,21,04R,0.7750000000000001,0.6425666666666667,0.37500000000000006,0.5,0.5,0.5807249999999998,0.628876,0.39100599999999996,0.45623400000000003,0.628876,0.4920386666666667,0.7614000000000001,0.6666666666666666,0.5,0.5,0.35589999999999994,0.43010000000000004,1,3,逃げ,その他
2026-08-14,202608142203,22,03R,0.7325000000000002,0.7053166666666668,0.48666666666666664,0.5,0.5,0.5491220833333332,0.42982200000000004,0.27,0.4973139999999999,0.4973139999999999,0.3990453333333333,0.0583,0.8333333333333334,0.5,0.5,0.0,0.4920999999999999,3,4,まくり,3まくり
2026-08-14,202608142305,23,05R,0.7937500000000001,0.35416666666666674,0.17277777777777775,0.7905246589716683,0.45458551941238196,0.4740334722222222,0.47434599999999993,0.3100220818467995,0.8448361804826863,0.8448361804826863,0.5430680874431619,0.30690000000000006,0.6666666666666666,0.5,0.5,0.33219999999999994,0.984,4,6,まくり,外勝ち
2026-08-14,202608142404,24,04R,0.7983333333333333,0.2651833333333333,0.6944444444444444,0.5,0.5,0.4343938888888889,0.62244,0.32774000000000003,0.42821,0.62244,0.45946333333333333,0.5660000000000001,0.9166666666666667,0.5,0.5,0.11100000000000003,0.4065,1,3,逃げ,その他
2026-08-15,202608150303,03,03R,0.9083333333333334,0.5969666666666666,0.37500000000000006,0.5,0.65,0.43193500000000007,0.628326,0.6877420000000001,0.303,0.6877420000000001,0.5396893333333334,0.7439,0.6666666666666666,0.5,0.53,0.8963,0.0,1,4,逃げ,その他
2026-08-15,202608150309,03,09R,0.7754166666666669,0.55025,0.48666666666666664,0.5,0.53,0.42243624999999985,0.37318799999999996,0.263,0.387188,0.387188,0.3411253333333333,0.3782,0.1666666666666666,0.5,0.47,0.0,0.23820000000000002,1,3,逃げ,その他
2026-08-15,202608150404,04,04R,0.7750000000000001,0.623,0.37500000000000006,0.6653672612801679,0.12020986358866736,0.5162724999999999,0.5691525246589717,0.4590955571878279,0.14249947534102836,0.5691525246589717,0.39024918572927597,0.2178,0.8333333333333334,0.6102098635886675,0.8258342077649528,0.5832999999999999,0.0,3,5,まくり,3まくり
2026-08-15,202608150505,05,05R,0.7416666666666667,0.6440833333333333,0.22499999999999995,0.5,0.5,0.6204916666666667,0.4807855571878279,0.5967899999999999,0.23502399999999998,0.5967899999999999,0.4375331857292759,0.3518,0.5,0.5894228751311648,0.5539559286463799,0.8434999999999999,0.0736,1,5,逃げ,その他
2026-08-15,202608150506,05,06R,0.9495833333333334,0.8658666666666668,0.56,0.6193179433368311,0.8110388247639034,0.35493499999999994,0.482132,0.720054,0.21,0.720054,0.47072866666666663,0.32980000000000004,0.6666666666666666,0.5,0.5,0.8531,0.0,1,3,抜き,その他
2026-08-15,202608150602,06,02R,1.0,0.8545499999999999,0.45,0.7051049317943336,0.5429171038824765,0.36107750000000005,0.5050140818467996,0.7031813767051417,0.40923521301154253,0.7031813767051417,0.5391435571878279,0.501,1.0,0.19963273871983211,0.25979013641133264,0.6726000000000001,0.39790000000000003,1,3,逃げ,その他
2026-08-15,202608151006,10,06R,0.7412500000000001,0.9583833333333334,0.45,0.5145802728226653,0.6883315844700946,0.48802375,0.45516034417628537,0.19239999999999996,0.3937193116474292,0.45516034417628537,0.3470932186079048,0.45039999999999997,0.6666666666666666,0.3047376705141658,0.38270724029380904,0.0,0.38519999999999993,3,1,まくり,3まくり
2026-08-15,202608151010,10,10R,0.8166666666666668,0.7364,0.5233333333333333,0.6657345225603357,0.3004197271773347,0.34285083333333327,0.7858346065057713,0.46679321301154253,0.4881357376705141,0.7858346065057713,0.5802545190626094,0.6990000000000001,0.75,0.8098426023084995,0.9656243441762855,0.5766,0.7279,3,5,まくり,3まくり
2026-08-15,202608151107,11,07R,0.89125,0.48565,0.7922222222222223,0.6196852046169989,0.7512486883525709,0.3436377777777778,0.599158,0.6839798195173137,0.32999999999999996,0.6839798195173137,0.5377126065057712,0.43870000000000003,1.0,0.5,0.5,0.9584,0.0,3,1,抜き,その他
2026-08-15,202608151202,12,02R,0.74875,0.6290500000000001,0.45,0.7006410256410256,0.6412820512820513,0.53721125,0.3117435897435898,0.33161041025641025,0.3047977948717949,0.33161041025641025,0.3160505982905983,0.0,0.25,0.5995726495726497,0.5991452991452992,0.26809999999999995,0.5739000000000001,2,1,差し,その他
2026-08-15,202608151203,12,03R,0.7754166666666669,0.8718833333333333,0.44999999999999996,0.5991452991452991,0.7182905982905983,0.5087054166666665,0.526649794871795,0.2507264102564103,0.10700000000000001,0.526649794871795,0.2947920683760684,0.4817000000000001,0.75,0.4997863247863248,0.34957264957264955,0.21550000000000008,0.0,1,4,逃げ,その他
2026-08-15,202608151710,17,10R,0.8162500000000001,0.8575999999999999,0.45,0.980314795383001,0.4887513116474292,0.5009237499999999,0.7118719832109129,0.3128589674711438,0.1971006065057712,0.7118719832109129,0.407277185729276,1.0,0.5833333333333334,0.4287932843651626,0.7164533053515215,0.14980000000000004,0.30389999999999995,4,5,まくり差し,外勝ち
2026-08-15,202608151904,19,04R,0.8350000000000002,0.5959,0.45,0.9051049317943338,0.8629171038824763,0.2550625,0.641776442812172,0.145380426023085,0.6215007869884576,0.641776442812172,0.46955255194123824,0.9175,0.4166666666666666,0.6755771248688351,0.3760440713536201,0.11729999999999997,0.8525,1,2,逃げ,その他
2026-08-15,202608152110,21,10R,0.7412500000000001,0.9071666666666667,0.22500000000000014,0.7495409233997902,0.7497376705141658,0.60606125,0.71272,0.4646793116474292,0.613589131164743,0.71272,0.5969961476040574,0.9279999999999999,1.0,0.4,0.34,0.2692,0.7021,4,5,まくり,外勝ち
2026-08-15,202608152405,24,05R,1.0,0.692,0.6577777777777778,0.4857869884575026,0.2518782791185729,0.21767472222222223,0.3010719832109129,0.3040772298006296,0.3085834753410283,0.3085834753410283,0.3045775627841903,0.0,0.3333333333333334,0.4287932843651626,0.6564533053515215,0.0,0.4226,1,2,逃げ,その他
2026-08-16,202608160102,01,02R,0.8912500000000001,0.5754166666666667,0.56,0.8,0.68,0.43238999999999994,0.42043956043956043,0.45110345054945056,0.44002032967032967,0.45110345054945056,0.4371877802197803,0.0,0.75,0.7312820512820513,0.3607326007326007,0.29810000000000003,0.5374999999999999,3,1,差し,その他
2026-08-16,202608160104,01,04R,0.7937500000000001,0.7462166666666668,0.2216666666666667,0.08589743589743588,0.5490842490842491,0.4025245833333333,0.6707154505494506,0.4594161098901099,0.35,0.6707154505494506,0.4933771868131869,0.5098999999999999,1.0,0.9141025641025641,0.21091575091575088,0.43389999999999995,0.0,5,1,まくり差し,外勝ち
2026-08-16,202608160504,05,04R,0.775,0.7254833333333334,0.2738888888888889,0.6,0.54,0.3602736111111111,0.7550814921301154,0.6556939181532004,0.20612052465897165,0.7550814921301154,0.5389653116474292,0.8731,1.0,0.76099685204617,0.19771248688352566,0.6352,0.03300000000000003,3,2,まくり差し,3まくり差し
2026-08-16,202608160605,06,05R,0.73375,0.7211833333333334,0.45,0.7704721930745015,0.36312696747114376,0.55731125,0.4356507869884575,0.580893131164743,0.3225347701993704,0.580893131164743,0.4463595627841903,0.0,0.3333333333333334,0.980314795383001,0.6687513116474292,0.5377000000000001,0.2818,1,3,逃げ,その他
2026-08-16,202608160908,09,08R,0.7508333333333335,0.63475,0.37500000000000006,0.2948950682056663,0.21708289611752357,0.6091358333333332,0.24064557397691497,0.1943227701993704,0.7377959013641133,0.7377959013641133,0.39092141518013285,0.12159999999999999,0.4166666666666666,0.2956295907660021,0.1575026232948583,0.0,0.8947,1,2,抜き,その他
2026-08-16,202608161004,10,04R,0.7262500000000001,0.63655,0.08722222222222219,0.7149475341028331,0.7685414480587618,0.6316990277777778,0.5932468856243442,0.4189549506820566,0.11607513116474291,0.5932468856243442,0.3760923224903813,0.7341,0.6666666666666666,0.4861542497376705,0.3720881427072403,0.20340000000000003,0.0,2,4,差し,その他
2026-08-16,202608161203,12,03R,0.8574999999999999,0.5810833333333333,0.44999999999999996,0.7002136752136752,0.6104273504273505,0.3990175,0.712304,0.5824417948717948,0.45652820512820513,0.712304,0.583758,0.5456000000000001,0.75,0.8,0.86,0.7705,0.0,1,3,逃げ,その他
2026-08-16,202608161802,18,02R,0.76625,0.5002500000000001,0.45,0.4,0.43,0.56974375,0.6764022051282051,0.538064,0.52382,0.6764022051282051,0.5794287350427351,0.8261000000000001,0.75,0.5002136752136752,0.5304273504273505,0.3096,0.2629999999999999,1,2,逃げ,その他
2026-08-16,202608162205,22,05R,0.7749999999999999,0.6691833333333332,0.22499999999999995,0.21931794333683108,0.35103882476390347,0.5195450000000001,0.667664426023085,0.2542704428121721,0.3316507869884575,0.667664426023085,0.4178618852745715,0.7899,0.4166666666666666,0.7043704092339979,0.7224973767051417,0.36660000000000004,0.0,4,3,差し,外刺され
2026-08-17,202608170507,05,07R,0.8820833333333333,0.6195833333333334,0.6088888888888889,0.1244228751311647,0.33395592864637985,0.40329236111111116,0.6141933934942287,0.2822063609653725,0.6380560986358866,0.6380560986358866,0.5114852843651626,0.6352,0.8333333333333334,0.5901573976915006,0.31437565582371463,0.2130999999999999,0.8531,3,4,まくり差し,3まくり差し
2026-08-17,202608171104,11,04R,0.78125,0.4417833333333333,0.4622222222222222,0.4854197271773347,0.31166841552990554,0.4183665277777778,0.5334457376705142,0.3007387701993704,0.7677353934942288,0.7677353934942288,0.5339733004547045,0.24940000000000007,0.6666666666666666,0.6948950682056663,0.6770828961175237,0.2224,0.7715,4,3,まくり差し,外刺され
2026-08-17,202608171106,11,06R,0.79,0.7004333333333334,0.375,0.11494753410283315,0.2885414480587618,0.51922,0.4050872298006296,0.4240507869884575,0.48592218048268626,0.48592218048268626,0.4383533990905912,0.20649999999999996,0.3333333333333334,0.8558919202518365,0.27479538300104933,0.0,0.7319,1,3,逃げ,その他
2026-08-17,202608171503,15,03R,1.0,0.7150166666666666,0.5355555555555556,0.2857869884575026,0.17187827911857292,0.4164844444444445,0.505484,0.49990599999999996,0.5411978363064008,0.5411978363064008,0.5155292787688003,0.6926000000000001,0.25,0.5,0.5,0.44089999999999996,0.6368999999999999,6,4,抜き,外勝ち
2026-08-17,202608171704,17,04R,0.7825000000000002,0.7172499999999999,0.45,0.4291605456453305,0.6566631689401888,0.4100249999999998,0.46807842602308497,0.3779610325288562,0.3377081720881427,0.46807842602308497,0.3945825435466946,0.5569999999999999,0.5,0.23937040923399786,0.5624973767051417,0.5032,0.24439999999999995,2,4,まくり,その他
2026-08-17,202608171712,17,12R,0.7262500000000001,0.8575999999999999,0.45,0.7806820566631689,0.40896117523609654,0.61648375,0.865872,0.5480879013641133,0.40820599999999996,0.865872,0.6073886337880378,0.8408,0.6666666666666666,1.0,1.0,0.6084999999999999,0.4759,1,3,逃げ,その他
2026-08-17,202608171806,18,06R,0.8575000000000002,0.8975500000000001,0.37500000000000006,1.0,1.0,0.43344000000000005,0.48854420512820507,0.837489794871795,0.3688893846153846,0.837489794871795,0.5649744615384615,0.5724,0.4166666666666666,0.5002136752136752,0.41042735042735046,0.7477,0.27609999999999996,1,3,逃げ,その他
2026-08-17,202608171811,18,11R,0.7412500000000002,0.4981666666666667,0.22500000000000014,0.4008547008547009,0.4317094017094017,0.5174062499999997,0.26137620512820514,0.36390179487179486,0.3393435897435898,0.36390179487179486,0.3215405299145299,0.3572,0.25,0.10021367521367519,0.3104273504273504,0.5195,0.0,2,1,差し,その他
2026-08-18,202608180501,05,01R,0.7562500000000001,0.8296333333333334,0.6333333333333333,0.41931794333683103,0.6710388247639035,0.3162279166666666,0.3429068688352571,0.3615167869884575,0.44480086883525705,0.44480086883525705,0.38307484155299054,0.2923,0.3333333333333334,0.31494753410283316,0.4885414480587618,0.4549000000000001,0.26139999999999997,2,1,差し,その他
2026-08-18,202608180504,05,04R,0.95875,0.7941833333333332,0.48499999999999993,0.13426547743966422,0.6795802728226653,0.38410750000000005,0.4036253934942287,0.8600610325288562,0.37528121301154255,0.8600610325288562,0.5463225463448759,0.4099999999999999,0.75,0.19015739769150047,0.21437565582371457,0.9082000000000001,0.32980000000000004,5,2,抜き,外勝ち
2026-08-18,202608180506,05,06R,0.7416666666666667,0.6481833333333333,0.6683333333333332,0.6952623294858342,0.617292759706191,0.5087833333333333,0.37967390136411333,0.564062868835257,0.36268044281217204,0.564062868835257,0.43547240433718076,0.4414,0.25,0.22916054564533053,0.6366631689401889,0.8157,0.1831,5,1,抜き,外勝ち
2026-08-18,202608180906,09,06R,0.89875,0.63475,0.45,0.21931794333683108,0.41103882476390347,0.41594000000000003,0.35187000000000007,0.6801905246589717,0.3392730325288562,0.6801905246589717,0.457111185729276,0.3055,0.3333333333333334,0.4,0.4,0.8585,0.0,1,5,抜き,その他
2026-08-18,202608180908,09,08R,0.7566666666666667,0.6826166666666666,0.45,0.1244228751311647,0.39395592864637985,0.45157166666666665,0.27733895068205666,0.649973557187828,0.4527870493179433,0.649973557187828,0.46003318572927604,0.401,0.1666666666666666,0.11458027282266525,0.40833158447009443,1.0,0.6429,3,4,抜き,その他
2026-08-18,202608181101,11,01R,0.7920833333333334,0.6120166666666667,0.9266666666666667,0.21931794333683108,0.47103882476390346,0.1607729166666666,0.48067460650577126,0.6110527869884574,0.19767303252885624,0.6110527869884574,0.42980014200769495,0.565,0.5833333333333334,0.20984260230849944,0.5456243441762854,0.42529999999999996,0.0,3,2,差し,その他
2026-08-18,202608181103,11,03R,0.8162500000000001,0.7156166666666668,0.6577777777777778,0.5905246589716685,0.6145855194123819,0.408725972222222,0.8169837376705141,0.4410260818467996,0.4606010493179433,0.8169837376705141,0.5728702896117523,0.7551,0.9166666666666667,0.8948950682056663,0.6970828961175236,0.5528,0.0,3,5,まくり,3まくり
2026-08-18,202608181301,13,01R,0.8762500000000002,0.6948,0.5094444444444445,0.624198717948718,0.4358974358974359,0.31779805555555557,0.31277620512820514,0.2746937948717948,0.10019999999999998,0.31277620512820514,0.2292233333333333,0.0672,0.75,0.3002136752136752,0.21042735042735042,0.19830000000000003,0.0,2,1,差し,その他
2026-08-18,202608181507,15,07R,0.96625,0.9062833333333333,0.731111111111111,0.6653672612801679,0.24020986358866736,0.3686938888888889,0.27598296747114376,0.2907227051416579,0.5168979013641134,0.5168979013641134,0.3612011913256383,0.18839999999999998,0.3333333333333334,0.2857869884575026,0.35187827911857295,0.1969,0.8450000000000001,3,1,まくり,3まくり
2026-08-18,202608181608,16,08R,0.79375,0.7122999999999999,0.6211111111111112,0.2295278069254984,0.7568730325288562,0.37963263888888893,0.27,0.35641,0.64404,0.64404,0.42348333333333327,0.0,0.25,0.5,0.5,0.1365,0.8059999999999999,6,3,まくり差し,外刺され
2026-08-18,202608181609,16,09R,0.87625,0.32635000000000003,0.3961111111111111,0.32442287513116475,0.5939559286463799,0.3863688888888889,0.680632,0.23,0.327954,0.680632,0.412862,0.8548,0.75,0.5,0.5,0.0,0.2881,3,1,まくり,3まくり
2026-08-18,202608181611,16,11R,0.8912500000000001,0.54955,0.44999999999999996,0.5,0.5,0.45703000000000005,0.6163299999999999,0.6342720000000001,0.29057999999999995,0.6342720000000001,0.5137273333333333,0.7245,0.6666666666666666,0.5,0.5,0.6008000000000001,0.23699999999999996,2,4,まくり,その他
2026-08-18,202608181612,16,12R,0.7491666666666668,0.7291666666666667,0.45,0.5,0.5,0.5379041666666666,0.625298,0.5544939999999999,0.605526,0.625298,0.595106,0.8097000000000001,0.5833333333333334,0.5,0.5,0.7191,0.6339,5,1,まくり,外勝ち
2026-08-18,202608181702,17,02R,0.8425,0.6289166666666667,0.4116666666666667,0.2196852046169989,0.5912486883525708,0.4746233333333334,0.6370667051416579,0.4096683441762854,0.29062973767051414,0.6370667051416579,0.4457882623294858,0.6084999999999999,0.75,0.7806820566631689,0.3489611752360965,0.3166,0.16700000000000004,3,1,まくり差し,3まくり差し
2026-08-18,202608181811,18,11R,0.9175000000000001,0.9091833333333333,0.45,0.4997863247863248,0.34957264957264955,0.34455750000000007,0.8762417948717949,0.4256457948717948,0.23931282051282055,0.8762417948717949,0.5137334700854701,0.9205,0.75,0.8997863247863248,0.9295726495726495,0.4810999999999999,0.0,4,3,差し,外刺され
2026-08-18,202608182001,20,01R,0.8912500000000001,0.7819666666666667,0.6577777777777778,0.6189506820566631,0.9308289611752362,0.34932722222222223,0.3075248688352571,0.3549746065057713,0.3451972130115425,0.3549746065057713,0.3358988961175236,0.0,0.25,0.5149475341028331,0.6885414480587619,0.0,0.5472,3,1,まくり,3まくり
2026-08-18,202608182002,20,02R,0.8087500000000001,0.6877333333333333,0.5216666666666667,0.6755771248688351,0.2860440713536201,0.4039845833333332,0.5536099999999999,0.7369603441762854,0.2774913116474292,0.7369603441762854,0.5226872186079049,0.1965,0.5833333333333334,0.8,0.86,0.6404000000000001,0.5409999999999999,5,4,まくり差し,外勝ち
2026-08-19,202608190909,09,09R,0.7754166666666666,0.45605000000000007,0.6455555555555555,0.23937040923399786,0.7424973767051416,0.4619998611111112,0.27241862329485833,0.567782,0.7591269674711437,0.7591269674711437,0.5331091969220006,0.28739999999999993,0.25,0.38104931794333685,0.12917103882476388,0.6123,1.0,1,6,逃げ,その他
2026-08-19,202608191302,13,02R,0.8087500000000002,0.70975,0.6577777777777778,0.8,0.86,0.393803472222222,0.43869241025641026,0.6040000000000001,0.2777942051282052,0.6040000000000001,0.4401622051282052,0.19540000000000002,0.5,0.6004273504273505,0.6008547008547009,0.41999999999999993,0.43490000000000006,3,6,まくり,3まくり
2026-08-19,202608191509,15,09R,0.7412500000000002,0.5784666666666667,0.6577777777777778,0.5708394543546695,0.2833368310598111,0.4900634722222221,0.5527745246589717,0.6092569674711438,0.551606,0.6092569674711438,0.5712124973767052,0.34609999999999996,0.8333333333333334,0.6752098635886673,0.40583420776495277,0.5345000000000001,0.8459,3,1,まくり差し,3まくり差し
2026-08-19,202608191601,16,01R,0.7250000000000001,0.44885,0.4727777777777778,0.7901573976915006,0.5743756558237145,0.5104122222222222,0.3638170325288563,0.3258010493179433,0.6348953934942287,0.6348953934942287,0.4415044917803428,0.2616,0.25,0.5142130115424974,0.5081217208814272,0.0,0.4055,1,3,逃げ,その他
2026-08-19,202608191606,16,06R,0.8162500000000001,0.8440666666666667,0.36111111111111116,0.7149475341028331,0.9485414480587618,0.3986576388888888,0.544322426023085,0.34390981951731375,0.3658010493179433,0.544322426023085,0.41801109828611405,0.44359999999999994,0.8333333333333334,0.5043704092339979,0.40249737670514163,0.5829,0.0,3,4,まくり差し,3まくり差し
2026-08-19,202608191608,16,08R,0.7845833333333334,0.6960666666666668,0.4344444444444444,0.8850524658971669,0.7714585519412382,0.4152201388888888,0.29672486883525706,0.27505662329485836,0.6389913767051416,0.6389913767051416,0.403590956278419,0.0,0.25,0.5149475341028331,0.6285414480587619,0.2881,0.7191,3,6,まくり,3まくり
2026-08-19,202608191805,18,05R,1.0,0.9300333333333334,0.6211111111111112,0.19999999999999996,0.13999999999999996,0.4187788888888889,0.4948,0.4252,0.837489794871795,0.837489794871795,0.5858299316239317,0.4,0.75,0.4,0.46,0.0,0.7477,3,1,まくり,3まくり
2026-08-19,202608191806,18,06R,0.8087500000000001,0.8323833333333334,0.22500000000000006,0.6,0.66,0.5025212499999998,0.38146399999999997,0.39576979487179487,0.3463635897435897,0.39576979487179487,0.37453246153846154,0.6195999999999999,0.6666666666666666,0.0,0.059999999999999984,0.5497000000000001,0.2629999999999999,3,1,差し,その他
2026-08-19,202608191808,18,08R,0.7433333333333334,0.5202333333333333,0.4116666666666666,0.9002136752136753,0.6304273504273505,0.5924166666666666,0.18678,0.027,0.8205682051282052,0.8205682051282052,0.34478273504273504,0.06700000000000003,0.3333333333333334,0.19999999999999996,0.19999999999999996,0.0,0.996,6,2,まくり差し,外勝ち
2026-08-20,202608200404,04,04R,0.74125,0.5459,0.30000000000000004,0.5,0.5,0.49871625,0.536608,0.05418365582371458,0.594,0.594,0.3949305519412382,0.43119999999999997,0.75,0.5,0.5,0.051200000000000016,0.6,2,6,差し,その他
2026-08-20,202608200407,04,07R,0.7995833333333333,0.7785333333333333,0.30000000000000004,0.5,0.5,0.48864208333333337,0.426264,0.49756,0.229584,0.49756,0.38446933333333333,0.45959999999999995,0.25,0.5,0.5,0.43400000000000005,0.05760000000000002,1,2,逃げ,その他
2026-08-20,202608200502,05,02R,0.74,0.3680333333333333,0.6316666666666666,0.48505246589716683,0.37145855194123817,0.44396833333333324,0.5644721804826862,0.3202770493179433,0.5864539832109129,0.5864539832109129,0.4904010710038475,0.3994,0.5833333333333334,0.7054721930745015,0.6631269674711437,0.4414,0.8123,6,1,まくり差し,外勝ち
2026-08-20,202608201107,11,07R,0.76,0.7252000000000001,0.22499999999999995,0.39963273871983207,0.5797901364113327,0.5605400000000001,0.3569794753410283,0.27231096747114375,0.5885454753410283,0.5885454753410283,0.40594530605106677,0.19200000000000003,0.75,0.1247901364113326,0.4541657922350472,0.27760000000000007,0.7319,1,6,逃げ,その他
2026-08-20,202608201504,15,04R,1.0,0.9062833333333333,0.5477777777777778,0.7803147953830011,0.6487513116474292,0.39594722222222223,0.39359191815320044,0.5171227869884575,0.6356708688352571,0.6356708688352571,0.515461857992305,0.43489999999999995,0.5833333333333334,0.2003672612801679,0.3202098635886673,0.4708,0.6368999999999999,1,2,逃げ,その他
2026-08-20,202608201902,19,02R,0.9175000000000001,0.7353333333333334,0.6211111111111112,0.2857869884575026,0.17187827911857292,0.3394163888888889,0.38442644281217203,0.3286006065057713,0.44574868835257087,0.44574868835257087,0.38625857922350476,0.0,0.6666666666666666,0.6755771248688351,0.34604407135362014,0.1589,0.685,1,3,逃げ,その他
2026-08-20,202608202304,23,04R,0.79,0.5982000000000001,0.45,0.5,0.5,0.45537999999999995,0.609198,0.28746799999999995,0.39799399999999996,0.609198,0.4315533333333333,0.6447,0.75,0.5,0.5,0.11020000000000003,0.49409999999999993,1,4,逃げ,その他
2026-08-21,202608210204,02,04R,0.7337500000000001,0.5227166666666667,0.22500000000000014,0.6657345225603357,0.24041972717733473,0.55806375,0.6099693934942287,0.6061209506820566,0.3720406883525708,0.6099693934942287,0.5293770108429521,0.6816,0.75,0.5901573976915006,0.31437565582371463,0.4232999999999999,0.6988,2,3,まくり,その他
2026-08-21,202608210304,03,04R,0.8762500000000002,0.5904833333333334,0.5933333333333335,0.5,0.5,0.42739666666666665,0.40088999999999997,0.638624,0.24277599999999996,0.638624,0.42743,0.20850000000000002,0.5,0.5,0.5,0.6136,0.09639999999999993,1,4,逃げ,その他
2026-08-21,202608210401,04,01R,0.88375,0.5562666666666667,0.56,0.22916054564533053,0.5766631689401889,0.40326999999999996,0.36173,0.31204999999999994,0.6560765246589717,0.6560765246589717,0.44328550821965723,0.31450000000000006,0.6666666666666666,0.19999999999999996,0.25999999999999995,0.22249999999999998,0.7063999999999999,1,6,逃げ,その他
2026-08-21,202608210406,04,06R,1.0,0.6906666666666668,0.45,0.31458027282266526,0.5483315844700944,0.38629500000000005,0.27205,0.30940565582371454,0.49935139349422875,0.49935139349422875,0.36026901643931436,0.22249999999999998,0.3333333333333334,0.19999999999999996,0.37999999999999995,0.5395,0.8139000000000001,3,2,まくり,3まくり
2026-08-21,202608210705,07,05R,0.8654166666666667,0.4874666666666667,0.49888888888888894,0.5,0.5,0.4037736111111111,0.46009175445960127,0.21732801678908706,0.458948,0.46009175445960127,0.3787892570828961,0.31209999999999993,0.5833333333333334,0.6661017838405037,0.3006295907660021,0.0,0.7322,1,6,逃げ,その他
2026-08-21,202608210712,07,12R,0.7920833333333333,0.8369833333333334,0.45,0.5,0.5,0.5420045833333333,0.573576,0.566156,0.75776,0.75776,0.6324973333333334,0.7163999999999999,0.5,0.5,0.5,0.7534,0.964,1,6,逃げ,その他
2026-08-21,202608211301,13,01R,0.76625,0.8034333333333333,0.7188888888888889,0.7002136752136752,0.6704273504273505,0.3805123611111111,0.5252302051282052,0.28443641025641025,0.43642420512820507,0.5252302051282052,0.4153636068376068,0.22030000000000005,0.5833333333333334,0.7002136752136752,0.7904273504273505,0.17699999999999996,0.43439999999999995,3,1,まくり差し,3まくり差し
2026-08-21,202608211904,19,04R,0.80875,0.33408333333333334,0.78,0.14447534102833157,0.545414480587618,0.26088125000000006,0.7475207869884575,0.5889269674711437,0.47134137670514165,0.7475207869884575,0.6025963770549142,0.4855,1.0,0.715314795383001,0.9487513116474292,0.69,0.4566,1,4,逃げ,その他
2026-08-21,202608212303,23,03R,0.9175,0.7190833333333333,0.5966666666666667,0.0,0.3,0.3823108333333333,0.4597074753410284,0.37256339349422873,0.3190010493179433,0.4597074753410284,0.38375730605106684,0.4212,0.3333333333333334,0.5247901364113327,0.6141657922350472,0.34570000000000006,0.0,1,4,逃げ,その他
2026-08-21,202608212312,23,12R,0.7491666666666668,0.8268666666666666,0.45,0.6948950682056663,0.49708289611752365,0.5784341666666666,0.7525970493179434,0.5062633934942287,0.5509159181532005,0.7525970493179434,0.6032587869884575,0.5693999999999999,1.0,0.8854197271773347,0.5916684155299056,0.7706999999999999,0.5235,1,4,逃げ,その他
2026-08-21,202608212409,24,09R,0.88375,0.9028666666666667,0.45,0.33389821615949633,0.7293704092339979,0.28922250000000005,0.46047547534102834,0.1146740818467996,0.5695173767051416,0.5695173767051416,0.38155564463098984,0.29639999999999994,0.5833333333333334,0.5897901364113327,0.43416579223504725,0.0,0.46299999999999997,3,4,差し,その他
2026-08-22,202608220201,02,01R,0.7750000000000001,0.5740333333333333,0.5477777777777778,0.1247901364113326,0.4541657922350472,0.40328472222222206,0.42155131164742915,0.5112730325288563,0.265806426023085,0.5112730325288563,0.3995435900664568,0.0,0.75,0.5905246589716685,0.554585519412382,0.0,0.3762,1,5,逃げ,その他
2026-08-22,202608220405,04,05R,0.8762500000000002,0.6873333333333334,0.45,0.4948950682056663,0.35708289611752364,0.32280500000000006,0.8119173934942288,0.6965956558237146,0.12222886883525709,0.8119173934942288,0.5435806393844002,0.9038,0.6666666666666666,0.9901573976915006,0.5943756558237145,0.42300000000000004,0.12560000000000002,2,4,まくり,その他
2026-08-22,202608220407,04,07R,0.8012499999999999,0.71905,0.6088888888888888,1.0,0.94,0.4396098611111112,0.29504965582371456,0.26571426232948586,0.5267051311647429,0.5267051311647429,0.3624896831059812,0.09609999999999998,0.5,0.2952623294858342,0.39729275970619093,0.30460000000000004,0.5395,1,5,逃げ,その他
2026-08-22,202608220409,04,09R,0.83125,0.9352333333333334,0.45,0.9901573976915006,0.5943756558237145,0.43907500000000005,0.5877842623294859,0.7570918363064009,0.4125236390346275,0.7570918363064009,0.5857999125568382,0.14009999999999997,0.8333333333333334,0.9051049317943338,0.6829171038824764,0.826,0.37140000000000006,3,6,まくり,3まくり
2026-08-22,202608220608,06,08R,0.8579166666666668,0.23910000000000003,0.7066666666666668,0.4298950682056663,0.8370828961175236,0.3675233333333333,0.6994321804826862,0.29020904931794334,0.2798452130115425,0.6994321804826862,0.4231621476040573,0.8233999999999999,0.5,0.7054721930745015,0.7231269674711438,0.2012,0.36440000000000006,1,2,逃げ,その他
2026-08-22,202608222010,20,10R,0.7750000000000001,0.53735,0.45,0.5,0.5,0.5476849999999999,0.47335399999999994,0.46655444281217207,0.33211,0.47335399999999994,0.4240061476040573,0.5981,0.25,0.5,0.5,0.35919999999999996,0.24150000000000005,1,2,逃げ,その他
2026-08-22,202608222108,21,08R,0.7395833333333335,0.65585,0.4972222222222223,0.029527806925498425,0.43687303252885623,0.46640361111111095,0.11917565582371459,0.3498010493179433,0.32562818048268627,0.3498010493179433,0.2648682952081147,0.0,0.08333333333333341,0.2952623294858342,0.15729275970619094,0.0,0.6028,6,3,まくり,外刺され
2026-08-22,202608222202,22,02R,0.7508333333333335,0.75385,0.6944444444444444,0.5,0.5,0.35856888888888877,0.539244,0.5054219999999999,0.37279000000000007,0.539244,0.47248533333333337,0.5566,0.5833333333333334,0.5,0.5,0.39829999999999993,0.24350000000000002,3,2,差し,その他
2026-08-23,202608230202,02,02R,0.7337500000000001,0.5257166666666666,0.1500000000000001,0.76099685204617,0.25771248688352566,0.5824937499999999,0.4638253934942287,0.2983331311647429,0.21569365582371458,0.4638253934942287,0.32595072682756204,0.0,0.6666666666666666,0.7901573976915006,0.6343756558237146,0.41369999999999996,0.10270000000000001,1,2,逃げ,その他
2026-08-23,202608230301,03,01R,0.7750000000000001,0.2634,0.33499999999999996,0.5,0.65,0.33764999999999984,0.32532,0.5057200000000001,0.24027800000000002,0.5057200000000001,0.357106,0.08799999999999997,0.3333333333333334,0.5,0.53,0.3880000000000001,0.13670000000000002,1,4,逃げ,その他
2026-08-23,202608230303,03,03R,1.0,0.79525,0.6944444444444444,0.5,0.59,0.40727555555555556,0.517332,0.6795979999999999,0.572362,0.6795979999999999,0.5897640000000001,0.29980000000000007,0.8333333333333334,0.5,0.53,0.7547,0.4393,3,1,まくり差し,3まくり差し
2026-08-23,202608230401,04,01R,0.8162500000000001,0.6873333333333334,0.6455555555555555,0.5138457502623295,0.8079118572927597,0.3255056944444443,0.3786009674711437,0.5229836558237145,0.1595397376705141,0.5229836558237145,0.3537081203217907,0.09609999999999998,0.4166666666666666,0.6857869884575025,0.4518782791185729,0.43119999999999997,0.02849999999999999,1,3,逃げ,その他
2026-08-23,202608230402,04,02R,0.7412500000000001,0.3484166666666667,0.6577777777777778,0.6091080797481637,0.7052046169989508,0.20941597222222214,0.6954918363064009,0.5062657376705142,0.06935931164742919,0.6954918363064009,0.42370562854144805,0.826,0.6666666666666666,0.8657345225603359,0.26041972717733475,0.36240000000000006,0.051200000000000016,3,2,まくり差し,3まくり差し
2026-08-23,202608230605,06,05R,0.8316666666666668,0.38725,0.44999999999999996,1.0,0.94,0.50596,0.35992418048268626,0.32918749213011544,0.4136753934942287,0.4136753934942287,0.3675956887023435,0.0672,0.4166666666666666,0.5054721930745016,0.6431269674711438,0.06399999999999999,0.6525,3,6,まくり差し,3まくり差し
2026-08-23,202608230707,07,07R,0.96625,0.5917666666666668,0.45,0.9901573976915006,0.8343756558237145,0.49391999999999997,0.4720020986358867,0.5922496558237147,0.6037646065057712,0.6037646065057712,0.5560054536551243,0.48000000000000004,0.3333333333333334,0.7708394543546695,0.2433368310598111,0.3561,0.16349999999999998,3,1,まくり差し,3まくり差し
2026-08-23,202608231809,18,09R,1.0,0.6204833333333334,0.45,0.5,0.5,0.45024000000000003,0.46475,0.27,0.342608,0.46475,0.35911933333333335,0.33749999999999997,0.5833333333333334,0.5,0.5,0.0,0.3312000000000001,3,1,まくり差し,3まくり差し
2026-08-23,202608232302,23,02R,0.8500000000000001,0.7847,0.45,0.6200524658971669,0.7514585519412382,0.4593225,0.2638700986358867,0.5648523441762854,0.14430460650577126,0.5648523441762854,0.32434234977264775,0.11020000000000003,0.25,0.5708394543546695,0.16333683105981112,0.5142,0.09449999999999999,1,5,逃げ,その他
2026-08-24,202608240302,03,02R,0.7920833333333335,0.6868,0.37500000000000006,0.5,0.41000000000000003,0.511414583333333,0.485788,0.3856,0.288228,0.485788,0.38653866666666664,0.3882,0.6666666666666666,0.5,0.41000000000000003,0.030000000000000027,0.21420000000000006,1,3,逃げ,その他
2026-08-24,202608240603,06,03R,0.80875,0.5782333333333333,0.44999999999999996,0.31494753410283316,0.6085414480587619,0.32377625000000004,0.35997060650577123,0.47219200000000006,0.34847513116474294,0.47219200000000006,0.3935459125568381,0.5793999999999999,0.5,0.009842602308499473,0.22562434417628538,0.22880000000000003,0.0,3,2,まくり差し,3まくり差し
2026-08-24,202608240610,06,10R,0.7262500000000003,0.8819,0.37500000000000006,0.3047376705141658,0.562707240293809,0.5743437499999997,0.5488856558237145,0.20446895068205667,0.39925270514165784,0.5488856558237145,0.3842024372158097,0.4215,0.6666666666666666,0.6952623294858342,0.43729275970619097,0.025499999999999988,0.7514,1,4,まくり,その他
2026-08-24,202608240701,07,01R,0.7975000000000001,0.40213333333333334,0.6822222222222223,0.5712067156348373,0.10354669464847849,0.2764977777777777,0.32880381951731374,0.3897703441762854,0.23260104931794331,0.3897703441762854,0.31705840433718085,0.28200000000000003,0.3333333333333334,0.2945278069254984,0.4568730325288562,0.31690000000000007,0.0,4,3,まくり差し,外刺され
2026-08-24,202608240708,07,08R,0.9175000000000001,0.6359,0.5111111111111111,0.8948950682056663,0.7570828961175237,0.483388888888889,0.23260104931794331,0.09273660650577126,0.375557720881427,0.375557720881427,0.23363179223504718,0.0,0.25,0.4854197271773347,0.31166841552990554,0.11929999999999999,0.16540000000000005,1,3,逃げ,その他
2026-08-24,202608241006,10,06R,0.7412500000000002,0.6847166666666666,0.731111111111111,0.5,0.5,0.3971326388888888,0.44759000000000004,0.27305999999999997,0.4162,0.44759000000000004,0.37894999999999995,0.46349999999999997,0.3333333333333334,0.5,0.5,0.009000000000000008,0.43,3,4,差し,その他
2026-08-24,202608241810,18,10R,0.8912500000000001,0.6609666666666667,0.6822222222222223,0.6,0.48,0.29129527777777775,0.07319999999999997,0.35324999999999995,0.4766553846153846,0.4766553846153846,0.3010351282051282,0.0,0.0,0.19999999999999996,0.13999999999999996,0.33749999999999997,0.5660000000000001,3,1,抜き,その他
2026-08-24,202608241811,18,11R,0.7245833333333334,0.7575,0.37333333333333335,0.8997863247863248,0.8695726495726495,0.44519875,0.5975699999999999,0.6462153846153846,0.4997424102564102,0.6462153846153846,0.5811759316239317,0.3504999999999999,0.3333333333333334,1.0,0.8799999999999999,0.7,0.3679,6,5,抜き,外勝ち
2026-08-24,202608241906,19,06R,0.7562500000000001,0.7122333333333333,0.5233333333333333,0.7996327387198321,0.8597901364113326,0.3841979166666666,0.7417150493179433,0.6512930493179433,0.6693982623294858,0.7417150493179433,0.6874687869884575,0.6820999999999999,0.75,0.8854197271773347,0.6516684155299055,0.5338,0.5471999999999999,2,3,差し,その他
2026-08-24,202608242003,20,03R,0.8762500000000001,0.7775333333333334,0.4327777777777779,0.9901573976915006,0.7443756558237147,0.3969797222222222,0.38033539349422874,0.28799349213011544,0.5562787701993704,0.5562787701993704,0.4082025519412382,0.24150000000000005,0.4166666666666666,0.5901573976915006,0.31437565582371463,0.18990000000000007,0.6134000000000001,3,1,抜き,その他
2026-08-24,202608242004,20,04R,0.8424999999999999,0.48495,0.5477777777777778,0.19015739769150047,0.09437565582371456,0.38262972222222225,0.4526508688352571,0.9165860000000001,0.5421346065057713,0.9165860000000001,0.6371238251136762,0.29389999999999994,0.8333333333333334,0.31494753410283316,0.4285414480587618,0.9629000000000001,0.5940000000000001,3,5,まくり差し,3まくり差し
2026-08-24,202608242207,22,07R,0.8575,0.89825,0.48988888888888904,0.5996327387198321,0.7197901364113326,0.34593611111111106,0.5064926232948583,0.3388386883525709,0.24615286883525705,0.5064926232948583,0.3638280601608954,0.7335,0.3333333333333334,0.5810493179433368,0.2091710388247639,0.24350000000000002,0.18419999999999997,1,2,逃げ,その他
2026-08-24,202608242208,22,08R,0.7525000000000002,0.6629,0.4711111111111112,0.11458027282266525,0.28833158447009444,0.5361363888888887,0.3304776558237146,0.2949980818467996,0.5938689506820566,0.5938689506820566,0.40644822945085696,0.4202999999999999,0.5833333333333334,0.09526232948583419,0.13729275970619098,0.3786,0.5754999999999999,3,1,まくり,3まくり
2026-08-25,202608250305,03,05R,0.8654166666666667,0.5657166666666666,0.56,0.5,0.35,0.45192,0.58355,0.498932,0.420464,0.58355,0.5009819999999999,0.6074999999999999,0.5833333333333334,0.5,0.65,0.29980000000000007,0.39959999999999996,1,5,逃げ,その他
2026-08-25,202608250904,09,04R,0.7249999999999999,0.4781833333333333,0.3749999999999999,0.5,0.5,0.5084775000000002,0.32427999999999996,0.504208,0.375934,0.504208,0.40147399999999994,0.04199999999999997,0.4166666666666666,0.5,0.5,0.5711999999999999,0.13510000000000003,5,2,抜き,外勝ち
2026-08-25,202608251009,10,09R,0.7975000000000001,0.7189166666666666,0.8166666666666667,0.8555246589716685,0.27458551941238196,0.36133583333333325,0.6434110493179434,0.2721846065057712,0.13545999999999997,0.6434110493179434,0.3503518852745715,0.4565,0.75,0.8854197271773347,0.5316684155299056,0.19649999999999992,0.009000000000000008,4,3,まくり,外刺され
2026-08-25,202608251011,10,11R,0.7662500000000001,0.7377166666666667,0.45,0.5051049317943337,0.46291710388247637,0.47935624999999993,0.4647461804826862,0.5147906065057712,0.3510467701993704,0.5147906065057712,0.44352785239594267,0.3555,0.75,0.3054721930745016,0.5031269674711437,0.4524,0.5786,1,4,逃げ,その他
2026-08-25,202608251301,13,01R,0.95875,0.7647833333333334,0.5966666666666667,0.3995726495726496,0.2791452991452991,0.32475333333333334,0.5402204102564102,0.3798,0.4087584102564103,0.5402204102564102,0.44292627350427355,0.34459999999999996,0.6666666666666666,0.6004273504273505,0.6608547008547009,0.0,0.3202999999999999,3,1,まくり差し,3まくり差し
2026-08-25,202608251503,15,03R,0.7658333333333334,0.6815166666666667,0.36111111111111116,0.7708394543546695,0.30333683105981113,0.4960797222222222,0.4278761804826863,0.4701289674711438,0.5417618195173137,0.5417618195173137,0.47992232249038125,0.0,0.75,0.5054721930745016,0.7031269674711438,0.5253000000000001,0.6507000000000001,1,3,逃げ,その他
2026-08-25,202608251508,15,08R,0.7337500000000001,0.5921000000000001,0.44999999999999996,0.32515739769150054,0.7743756558237146,0.5568037499999999,0.5136893116474293,0.36432696747114374,0.3678761804826862,0.5136893116474293,0.4152974865337531,0.5156999999999999,0.5833333333333334,0.5905246589716685,0.314585519412382,0.0,0.0,3,1,まくり,3まくり
2026-08-25,202608251702,17,02R,0.7320833333333334,0.7858333333333333,0.45,0.5,0.5,0.5745245833333332,0.518478,0.520486,0.44776000000000005,0.520486,0.4955746666666667,0.4367000000000001,0.6666666666666666,0.5,0.5,0.6779,0.46399999999999997,3,1,まくり,3まくり
2026-08-25,202608252203,22,03R,0.8425,0.8301666666666667,0.36111111111111116,0.2952623294858342,0.39729275970619093,0.4098013888888889,0.10624600000000003,0.4436047051416579,0.2919597376705142,0.4436047051416579,0.2806034809373907,0.22190000000000004,0.08333333333333341,0.0,0.059999999999999984,0.18419999999999997,0.26150000000000007,2,3,まくり,その他
2026-08-25,202608252207,22,07R,1.0,0.32030000000000003,0.6088888888888889,0.4302623294858342,0.837292759706191,0.3539686111111111,0.6307105246589717,0.6251881636935992,0.39727763903462754,0.6307105246589717,0.5510587757957328,0.7765,0.3333333333333334,0.8752098635886674,0.4258342077649528,0.5960000000000001,0.07950000000000003,1,2,逃げ,その他
2026-08-26,202608260310,03,10R,0.8987500000000002,0.79525,0.45,0.5,0.35,0.47404,0.452956,0.498178,0.305,0.498178,0.4187113333333334,0.22339999999999996,0.5833333333333334,0.5,0.65,0.5917000000000001,0.19999999999999996,5,1,まくり差し,外勝ち
2026-08-26,202608260606,06,06R,0.7754166666666669,0.7495833333333333,0.8411111111111111,0.9901573976915006,0.7743756558237147,0.32039180555555535,0.27128460650577124,0.3992126232948583,0.44380208791208786,0.44380208791208786,0.3714331059042391,0.2915,0.5833333333333334,0.009842602308499473,0.16562434417628538,0.24150000000000005,0.15849999999999997,1,3,逃げ,その他
2026-08-26,202608260807,08,07R,0.95875,0.60475,0.45,0.5,0.65,0.4886,0.597508,0.3973,0.5690339999999999,0.597508,0.5212806666666666,0.6262,0.75,0.5,0.47,0.29500000000000004,0.4200999999999999,1,3,逃げ,その他
2026-08-26,202608260904,09,04R,0.96625,0.7143833333333334,0.7066666666666668,0.76099685204617,0.4377124868835257,0.20629583333333332,0.1974648688352571,0.27782373767051416,0.3800601804826862,0.3800601804826862,0.28511626232948584,0.16100000000000003,0.08333333333333341,0.11494753410283315,0.5285414480587618,0.38109999999999994,0.3076,3,4,抜き,その他
2026-08-26,202608260909,09,09R,0.8762500000000001,0.8248499999999999,0.45,0.8755771248688353,0.6660440713536202,0.51149,0.453224426023085,0.18896852465897168,0.37365790136411337,0.453224426023085,0.33861695068205666,0.48389999999999994,0.6666666666666666,0.039370409233997906,0.6624973767051416,0.08020000000000002,0.519,1,3,逃げ,その他
2026-08-26,202608261301,13,01R,0.8650000000000002,0.7979000000000002,0.78,1.0,1.0,0.26174749999999997,0.2680804102564103,0.21737,0.3354804102564103,0.3354804102564103,0.27364360683760686,0.05360000000000005,0.25,0.40042735042735045,0.5208547008547008,0.10049999999999999,0.16359999999999994,2,1,差し,その他
2026-08-26,202608261503,15,03R,0.8166666666666667,0.82065,0.30000000000000004,0.5236883525708289,0.7335362014690451,0.5142166666666665,0.5162932298006297,0.4658567701993704,0.5152838195173137,0.5162932298006297,0.49914460650577125,0.35240000000000005,0.5,0.8558919202518365,0.3947953830010493,0.44509999999999994,0.394,1,3,逃げ,その他
2026-08-26,202608261507,15,07R,0.82375,0.7297833333333335,0.45,0.4956295907660021,0.2975026232948584,0.43942250000000005,0.5233502623294859,0.45974104931794335,0.2183633116474292,0.5233502623294859,0.40048487443161945,0.0,0.5833333333333334,0.9051049317943338,0.9229171038824764,0.261,0.15180000000000002,3,2,まくり,3まくり
2026-08-26,202608261706,17,06R,0.8483333333333335,0.8552666666666668,0.4744444444444445,0.47594438614900314,0.08625393494228752,0.3674455555555556,0.3946518363064008,0.4688759013641134,0.40841236096537253,0.4688759013641134,0.4239800328786289,0.0,0.5833333333333334,0.8657345225603359,0.26041972717733475,0.4367000000000001,0.12900000000000003,4,2,まくり差し,外勝ち
2026-08-26,202608262209,22,09R,0.7750000000000001,0.3774333333333333,0.48666666666666664,0.9901573976915006,0.7143756558237147,0.4720558333333332,0.4134169506820566,0.4618761636935992,0.4706794753410284,0.4706794753410284,0.44865752990556135,0.3776999999999999,0.6666666666666666,0.37958027282266527,0.18833158447009446,0.3192000000000001,0.9970000000000001,1,3,まくり,その他
2026-08-26,202608262212,22,12R,0.7750000000000001,0.89825,0.37500000000000006,0.2003672612801679,0.20020986358866735,0.5467749999999999,0.42727418048268617,0.5318380818467996,0.5839638195173137,0.5839638195173137,0.5143586939489332,0.4346999999999999,0.1666666666666666,0.7704721930745015,0.30312696747114376,0.7445999999999999,0.5960000000000001,1,2,逃げ,その他
2026-08-27,202608270911,09,11R,0.7433333333333334,0.70015,0.45,0.4204197271773348,0.5516684155299056,0.5774133333333332,0.5235583441762854,0.4836792130115425,0.4798854753410283,0.5235583441762854,0.4957076775096187,0.8551,0.3333333333333334,0.3047376705141658,0.44270724029380903,0.37450000000000006,0.5029,1,2,逃げ,その他
2026-08-27,202608271004,10,04R,0.7337500000000001,0.7282500000000001,0.45,0.6193179433368311,0.8110388247639034,0.60858625,0.4340227051416579,0.2057259181532004,0.5377237376705141,0.5377237376705141,0.3924907869884575,0.4619000000000001,0.4166666666666666,0.580682056663169,0.20896117523609653,0.0,0.3961,1,4,逃げ,その他
2026-08-27,202608271301,13,01R,0.7995833333333334,0.9182,0.37500000000000006,0.6008547008547008,0.6017094017094017,0.3793020833333332,0.25984158974358973,0.35468041025641023,0.448208,0.448208,0.3542433333333333,0.08970000000000002,0.1666666666666666,0.3995726495726496,0.519145299145299,0.16359999999999994,0.25120000000000003,3,5,まくり,3まくり
2026-08-27,202608271305,13,05R,0.7324999999999999,0.72765,0.4711111111111112,0.0,0.059999999999999984,0.5550088888888889,0.6759820000000001,0.5877437948717948,0.49902820512820517,0.6759820000000001,0.5875846666666668,0.7222999999999999,0.8333333333333334,0.6,0.48,0.7108000000000001,0.19499999999999998,4,5,まくり差し,外勝ち
2026-08-27,202608271410,14,10R,1.0,0.9354499999999999,0.5233333333333333,0.11458027282266525,0.34833158447009444,0.4426741666666667,0.5894330325288563,0.5500407869884575,0.26483660650577123,0.5894330325288563,0.4681034753410283,0.504,0.6666666666666666,0.5142130115424974,0.7481217208814271,0.3235,0.32430000000000003,4,1,まくり差し,外勝ち
2026-08-27,202608271511,15,11R,0.9083333333333334,0.7830833333333334,0.45,0.5905246589716685,0.554585519412382,0.50834,0.5192230325288563,0.6914921804826862,0.22502539349422873,0.6914921804826862,0.4785802021685905,0.7374999999999999,0.5833333333333334,0.04921301154249738,0.648121720881427,0.6824000000000001,0.0,1,3,逃げ,その他
2026-08-27,202608271709,17,09R,0.7750000000000001,0.45211666666666667,0.4850000000000001,0.4098426023084995,0.5656243441762854,0.46725499999999975,0.48204391815320036,0.2863756558237146,0.5181281804826863,0.5181281804826863,0.4288492514865337,0.5727,0.6666666666666666,0.2003672612801679,0.4402098635886673,0.0,0.38780000000000003,3,4,まくり差し,3まくり差し
2026-08-27,202608271810,18,10R,0.8333333333333335,0.3735166666666667,0.5477777777777778,0.6997863247863247,0.6695726495726496,0.35798972222222225,0.413468,0.47927061538461535,0.49713482051282054,0.49713482051282054,0.4632911452991453,0.31020000000000003,0.5833333333333334,0.4,0.4,0.3679,0.3983000000000001,2,1,差し,その他
2026-08-28,202608280703,07,03R,0.9175000000000001,0.7798166666666666,0.30000000000000004,0.8,0.7400000000000001,0.45426500000000003,0.4948061804826862,0.6595087701993706,0.32082434417628536,0.6595087701993706,0.49171309828611404,0.21449999999999997,0.5,0.9704721930745015,0.3831269674711438,0.6929000000000001,0.0,3,5,まくり,3まくり
2026-08-28,202608280704,07,04R,0.8762500000000001,0.7253333333333334,0.45,0.5058394543546694,0.7033368310598112,0.31521,0.42625024554039875,0.2403671311647429,0.536590705141658,0.536590705141658,0.4010693606155999,0.20420000000000005,0.5833333333333334,0.33389821615949633,0.7593704092339979,0.3338,0.7471,1,6,逃げ,その他
2026-08-28,202608280903,09,03R,0.8087500000000002,0.7277833333333334,0.7922222222222223,0.8098426023084995,0.9656243441762855,0.3078765277777775,0.4954580167890871,0.5990222623294857,0.6909318363064008,0.6909318363064008,0.5951373718083245,0.37450000000000006,0.75,0.5712067156348373,0.2835466946484785,0.48079999999999995,0.8619999999999999,3,5,まくり差し,3まくり差し
2026-08-28,202608281302,13,02R,1.0,0.6551833333333333,0.56,0.2997863247863248,0.26957264957264954,0.39199999999999996,0.528562,0.4292184102564103,0.7971617948717948,0.7971617948717948,0.5849807350427351,0.49929999999999997,0.75,0.4,0.46,0.4193,0.7785000000000001,1,6,逃げ,その他
2026-08-28,202608281501,15,01R,0.7979166666666667,0.32023333333333337,0.9755555555555555,0.6945278069254984,0.7368730325288563,0.28703736111111106,0.3587005246589716,0.49213349213011537,0.34648198321091284,0.49213349213011537,0.39910533333333326,0.0,0.75,0.41020986358866735,0.44583420776495275,0.4209,0.1065,3,1,まくり差し,3まくり差し
2026-08-28,202608282303,23,03R,0.7491666666666668,0.7995,0.67,0.5,0.5,0.42032166666666654,0.25709000000000004,0.28889599999999993,0.21,0.28889599999999993,0.2519953333333333,0.13850000000000004,0.0,0.5,0.5,0.11439999999999997,0.0,1,2,逃げ,その他
2026-08-28,202608282310,23,10R,0.8087500000000002,0.6855,0.37500000000000006,0.5,0.5,0.47975374999999976,0.5057039999999999,0.369934,0.4670585246589717,0.5057039999999999,0.4475655082196572,0.5756,0.4166666666666666,0.5,0.5,0.23510000000000003,0.4587000000000001,3,1,まくり差し,3まくり差し
2026-08-29,202608290407,04,07R,0.9325000000000001,0.6192500000000001,0.45,0.3054721930745016,0.5631269674711438,0.45830750000000003,0.3001780818467996,0.7463522623294858,0.36155868835257077,0.7463522623294858,0.46936301084295207,0.16560000000000002,0.4166666666666666,0.13463273871983208,0.6197901364113327,0.8053,0.25149999999999995,0,0,,その他
2026-08-29,202608290412,04,12R,0.7920833333333335,0.36855,0.4622222222222222,0.5240556138509969,0.7337460650577126,0.508779861111111,0.589386426023085,0.7965367869884575,0.6327906883525709,0.7965367869884575,0.6729046337880379,0.7432000000000001,0.4166666666666666,0.5043704092339979,0.6424973767051417,0.6179,0.7363,1,5,逃げ,その他
2026-08-29,202608290503,05,03R,0.8316666666666669,0.8402833333333333,0.5111111111111111,0.580682056663169,0.20896117523609653,0.4732388888888889,0.7211227869884574,0.37218050786988466,0.46088155718782786,0.7211227869884574,0.5180616173487232,0.6408,0.75,0.980314795383001,0.4887513116474292,0.3612000000000001,0.46619999999999995,0,0,,その他
2026-08-29,202608290903,09,03R,0.7475,0.79525,0.44999999999999996,0.8752098635886674,0.6658342077649528,0.5753124999999999,0.276091573976915,0.6383206883525708,0.5122503609653725,0.6383206883525708,0.4755542077649528,0.10350000000000005,0.5,0.2956295907660021,0.2775026232948583,0.48079999999999995,0.6496999999999999,0,0,,その他
2026-08-29,202608291110,11,10R,0.7341666666666669,0.5760833333333334,0.7677777777777778,0.14447534102833157,0.6654144805876181,0.4866313888888887,0.26593808184679957,0.2176730325288562,0.5932528688352571,0.5932528688352571,0.35895466107030427,0.2096,0.4166666666666666,0.19963273871983211,0.25979013641133264,0.0,0.8792,0,0,,その他
2026-08-29,202608291301,13,01R,0.7570833333333334,0.7416166666666667,0.37500000000000006,0.3995726495726496,0.3991452991452991,0.5353895833333332,0.214624,0.35599358974358974,0.18289579487179486,0.35599358974358974,0.2511711282051282,0.05360000000000005,0.3333333333333334,0.19999999999999996,0.37999999999999995,0.3224999999999999,0.16359999999999994,0,0,,その他
2026-08-29,202608291409,14,09R,0.8820833333333333,0.5632333333333334,0.5233333333333333,0.6105771248688352,0.8260440713536201,0.42480666666666667,0.37500408184679956,0.27036183630640087,0.41653696747114377,0.41653696747114377,0.3539676285414481,0.24449999999999997,0.1666666666666666,0.5996327387198321,0.5997901364113326,0.001499999999999968,0.26650000000000007,0,0,,その他
2026-08-29,202608291602,16,02R,0.7262500000000001,0.3369166666666667,0.30000000000000004,0.5,0.5,0.49655625,0.23,0.4071127869884575,0.24999999999999997,0.4071127869884575,0.2957042623294858,0.0,0.08333333333333341,0.5,0.5,0.2442999999999999,0.0,0,0,,その他
2026-08-29,202608291903,19,03R,0.9587500000000001,0.66745,0.37500000000000006,0.5,0.5,0.45611999999999997,0.673356,0.27,0.55933,0.673356,0.5008953333333334,0.8334,0.75,0.5,0.5,0.0,0.6744999999999999,0,0,,その他
2026-08-29,202608292309,23,09R,0.8333333333333335,0.8412166666666667,0.4972222222222223,0.6850524658971668,0.39145855194123824,0.44779777777777774,0.24253295068205666,0.2137417376705142,0.07537460650577125,0.24253295068205666,0.17721643161944736,0.23510000000000003,0.1666666666666666,0.11458027282266525,0.5283315844700944,0.1338,0.0,0,0,,その他
2026-08-30,202608300407,04,07R,0.7337500000000001,0.36585,0.1500000000000001,0.21931794333683108,0.47103882476390346,0.4658037499999998,0.449358,0.7109367869884575,0.564392,0.7109367869884575,0.5748955956628191,0.40870000000000006,0.3333333333333334,0.6,0.48,0.6179,0.6788000000000001,2,1,差し,その他
2026-08-30,202608300602,06,02R,0.7754166666666669,0.6561166666666667,0.45,0.3051049317943337,0.2629171038824764,0.5290579166666666,0.27708765582371453,0.538386,0.2875227701993704,0.538386,0.3676654753410283,0.24679999999999996,0.1666666666666666,0.2952623294858342,0.45729275970619093,0.6129,0.0,5,2,まくり差し,外勝ち
2026-08-30,202608300610,06,10R,0.74875,0.5280166666666667,0.49888888888888894,0.7901573976915006,0.6943756558237146,0.545292361111111,0.302462,0.39399799999999996,0.543504,0.543504,0.4133213333333334,0.15430000000000005,0.1666666666666666,0.5,0.5,0.3646999999999999,0.7456,3,6,まくり,3まくり
2026-08-30,202608300702,07,02R,0.7566666666666667,0.41328333333333334,0.5233333333333333,0.4189506820566632,0.6408289611752361,0.36322583333333336,0.4734406065057713,0.5198387051416579,0.48008739349422874,0.5198387051416579,0.4911222350472193,0.5249000000000001,0.25,0.6748426023084995,0.4056243441762854,0.45430000000000004,0.5642999999999999,1,2,逃げ,その他
2026-08-30,202608300705,07,05R,0.815,0.76365,0.46222222222222215,0.7806820566631689,0.5289611752360965,0.439072777777778,0.2159802623294858,0.2657263441762854,0.4447467701993704,0.4447467701993704,0.3088177922350472,0.07950000000000003,0.5,0.10510493179433367,0.24291710388247637,0.2803,0.5436,5,2,恵まれ,外勝ち
2026-08-30,202608300707,07,07R,0.8166666666666668,0.6835,0.5355555555555556,0.13463273871983208,0.6797901364113327,0.5089511111111111,0.77925,0.5141585246589716,0.16872486883525706,0.77925,0.4873777978314096,0.38249999999999995,1.0,1.0,0.94,0.41370000000000007,0.0,1,3,逃げ,その他
2026-08-30,202608300904,09,04R,0.835,0.4631333333333334,0.6211111111111112,0.20984260230849944,0.4856243441762854,0.38696388888888894,0.27803137670514166,0.29223581951731376,0.5838440818467996,0.5838440818467996,0.3847037593564184,0.13510000000000003,0.0,0.4189506820566632,0.7308289611752361,0.27680000000000005,0.49049999999999994,1,2,逃げ,その他
2026-08-30,202608300911,09,11R,0.7995833333333334,0.8595333333333335,0.45,0.6,0.54,0.5267570833333333,0.6469860000000001,0.7646069674711438,0.40380722980062966,0.7646069674711438,0.6051333990905912,0.5029,0.5833333333333334,0.8,0.8,0.8619999999999999,0.37450000000000006,3,1,差し,その他
2026-08-30,202608301411,14,11R,0.7829166666666667,0.5382166666666667,0.56,0.5712067156348373,0.16354669464847849,0.5101004166666666,0.4895807869884575,0.46185329485834214,0.4187759181532005,0.4895807869884575,0.45673666666666674,0.24449999999999997,0.1666666666666666,0.980314795383001,0.7287513116474292,0.22950000000000004,0.5125000000000001,1,3,逃げ,その他
2026-08-30,202608301704,17,04R,0.95875,0.5347833333333334,0.5705555555555556,0.4287932843651626,0.7764533053515215,0.45855444444444443,0.388901573976915,0.6119775487932844,0.4334185246589716,0.6119775487932844,0.4780992158097237,0.0,0.4166666666666666,0.6956295907660021,0.6775026232948584,0.6902,0.5727,3,1,差し,その他
2026-08-30,202608301903,19,03R,0.7341666666666667,0.8229,0.3961111111111111,0.9606295907660021,0.45750262329485836,0.5678780555555555,0.5478799832109129,0.3570946883525708,0.4827043441762853,0.5478799832109129,0.4625596719132563,0.48119999999999996,0.5,0.4287932843651626,0.8964533053515216,0.22189999999999993,0.282,3,1,まくり差し,3まくり差し
2026-08-30,202608301906,19,06R,0.9083333333333334,0.8289000000000001,0.4850000000000001,0.4291605456453305,0.8366631689401889,0.42329875000000006,0.762442868835257,0.7020533934942288,0.19626531164742916,0.762442868835257,0.5535871913256383,0.8826999999999998,0.75,0.7799475341028331,0.5285414480587618,0.7842,0.3020999999999999,3,4,まくり,3まくり
2026-08-30,202608302103,21,03R,0.7754166666666669,0.8068166666666667,0.6455555555555555,0.5,0.5,0.5022323611111109,0.40172399999999997,0.5706600000000001,0.21,0.5706600000000001,0.39412800000000003,0.3286,0.3333333333333334,0.5,0.5,0.649,0.0,3,2,まくり,3まくり
2026-08-30,202608302109,21,09R,0.7754166666666666,0.6854,0.7433333333333334,0.5,0.5,0.4638645833333333,0.59066,0.422914,0.6368820000000001,0.6368820000000001,0.5501520000000001,0.649,0.6666666666666666,0.5,0.5,0.3321,0.6673,2,3,まくり差し,その他
2026-08-31,202608310403,04,03R,0.8912500000000001,0.6025833333333334,0.7433333333333334,0.4857869884575026,0.4918782791185729,0.24807416666666665,0.3925778195173137,0.6563994753410284,0.38944999999999996,0.6563994753410284,0.4794757649527807,0.3931,0.6666666666666666,0.2945278069254984,0.1568730325288562,0.615,0.07250000000000001,5,4,まくり,外勝ち
2026-08-31,202608310605,06,05R,0.8012500000000001,0.5019333333333333,0.45,0.6189506820566631,0.8108289611752361,0.46544374999999993,0.45696418048268617,0.7302056558237147,0.5741502623294858,0.7302056558237147,0.5871066995452956,0.22319999999999993,0.25,0.7054721930745015,0.8431269674711437,0.8795000000000001,0.0,1,2,逃げ,その他
2026-08-31,202608310711,07,11R,0.7412500000000001,0.64125,0.30000000000000004,0.6193179433368311,0.8110388247639034,0.62994875,0.2960776558237146,0.7780557376705142,0.6271239999999999,0.7780557376705142,0.5670857978314096,0.2803,0.3333333333333334,0.2952623294858342,0.27729275970619094,0.6358999999999999,0.7986,6,1,まくり差し,外勝ち
2026-08-31,202608311108,11,08R,0.8087499999999999,0.37934999999999997,0.44499999999999995,0.32405561385099685,0.7737460650577125,0.4308237500000002,0.4093617376705141,0.5628461804826863,0.3009263441762855,0.5628461804826863,0.42437808744316197,0.14679999999999999,0.25,0.6948950682056663,0.7370828961175236,0.6205,0.2003000000000001,1,5,逃げ,その他
2026-08-31,202608312007,20,07R,0.9175000000000001,0.5184333333333333,0.45,0.5,0.5,0.35992250000000003,0.567064,0.408498,0.39212800000000003,0.567064,0.4558966666666667,0.5796,0.6666666666666666,0.5,0.5,0.28970000000000007,0.35919999999999996,4,1,差し,外勝ち
2026-08-31,202608312112,21,12R,0.7233333333333335,0.8068500000000001,0.45,0.09489506820566629,0.1370828961175236,0.6140133333333332,0.2574258195173138,0.4935912130115424,0.36405660650577126,0.4935912130115424,0.37169121301154245,0.36030000000000006,0.25,0.029527806925498425,0.37687303252885623,0.4813,0.5373,1,3,逃げ,その他
2026-09-01,202609010505,05,05R,0.7825000000000002,0.7536,0.8533333333333333,0.580682056663169,0.20896117523609653,0.32535416666666644,0.5858639999999999,0.5047581804826863,0.409896,0.5858639999999999,0.5001727268275621,0.6996,0.75,0.4,0.4,0.38730000000000003,0.6644000000000001,4,5,まくり,外勝ち
2026-09-01,202609010601,06,01R,0.9175,0.5514333333333333,0.78,0.31494753410283316,0.4285414480587618,0.2818375,0.2627979013641133,0.2497957376705142,0.18816147534102837,0.2627979013641133,0.2335850381252186,0.0,0.08333333333333341,0.4291605456453305,0.7766631689401888,0.2669,0.15430000000000005,1,5,逃げ,その他
2026-09-01,202609010602,06,02R,1.0,0.5477833333333333,0.5477777777777778,0.8653672612801679,0.5602098635886673,0.24500972222222223,0.5108466883525709,0.4442161804826862,0.4537687869884575,0.5108466883525709,0.4696105519412382,0.3646999999999999,0.8333333333333334,0.14447534102833157,0.845414480587618,0.20099999999999998,0.7626999999999999,3,5,まくり,3まくり
2026-09-01,202609010711,07,11R,0.8500000000000001,0.6754,0.45,0.4291605456453305,0.8366631689401889,0.46074,0.7168049506820566,0.36468042602308504,0.5481251311647429,0.7168049506820566,0.5432035026232948,0.6358999999999999,0.75,0.7145802728226652,0.8283315844700944,0.28230000000000005,0.38249999999999995,4,6,まくり,外勝ち
2026-09-01,202609011203,12,03R,0.74875,0.8575833333333334,0.6088888888888889,0.5,0.5,0.5013323611111111,0.515658,0.30999999999999994,0.44999999999999996,0.515658,0.42521933333333334,0.6637,0.3333333333333334,0.5,0.5,0.0,0.0,3,4,まくり,3まくり
2026-09-01,202609011210,12,10R,0.8162500000000001,0.5533,0.6333333333333333,0.5002136752136752,0.41042735042735046,0.44343041666666655,0.623834,0.631146,0.35308799999999996,0.631146,0.5360226666666666,0.5700999999999999,0.9166666666666667,0.5,0.5,0.32689999999999997,0.30319999999999997,1,4,逃げ,その他
2026-09-01,202609011808,18,08R,0.74875,0.7571666666666668,0.30000000000000004,0.49893162393162394,0.5878632478632478,0.50473125,0.4422042051282051,0.23318379487179486,0.38948020512820514,0.4422042051282051,0.35495606837606836,0.29140000000000005,0.6666666666666666,0.5002136752136752,0.3504273504273504,0.16679999999999995,0.6528,2,3,まくり,その他
2026-09-01,202609012402,24,02R,0.7262500000000003,0.4210333333333333,0.5444444444444446,0.5,0.5,0.42676430555555517,0.38803,0.43943,0.579356,0.579356,0.46893866666666667,0.22950000000000004,0.4166666666666666,0.5,0.5,0.4395,0.7334,1,6,逃げ,その他
2026-09-01,202609012405,24,05R,1.0,0.56305,0.56,0.5,0.5,0.302925,0.522176,0.46536999999999995,0.5204233934942288,0.522176,0.5026564644980763,0.5064,0.5833333333333334,0.5,0.5,0.2805,0.39470000000000005,3,1,まくり差し,3まくり差し
2026-09-01,202609012406,24,06R,0.96625,0.28976666666666673,0.7188888888888889,0.5,0.5,0.2621986111111111,0.5745779999999999,0.44689199999999996,0.7077300000000001,0.7077300000000001,0.5764,0.6016999999999999,0.6666666666666666,0.5,0.5,0.34380000000000005,0.9345000000000001,1,2,逃げ,その他
2026-09-02,202609020602,06,02R,0.8654166666666667,0.5347666666666667,0.45,0.8952623294858343,0.637292759706191,0.30616250000000006,0.44507618048268616,0.5277069674711438,0.021599999999999998,0.5277069674711438,0.3314610493179433,0.0,0.4166666666666666,0.9704721930745015,0.6231269674711437,0.7569999999999999,0.0,2,5,まくり,その他
2026-09-02,202609021203,12,03R,0.833333333333333,0.4750833333333333,0.3994444444444444,0.8997863247863248,0.7495726495726496,0.3116555555555556,0.326464,0.665304,0.12467641025641026,0.665304,0.3721481367521367,0.4896,0.6666666666666666,0.0,0.0,0.5456000000000001,0.03300000000000003,4,2,差し,外勝ち
2026-09-02,202609021301,13,01R,0.8258333333333334,0.6566000000000001,0.4205555555555555,1.0,0.94,0.44308861111111103,0.37347800000000003,0.14888020512820513,0.39064102564102565,0.39064102564102565,0.30433307692307693,0.4667000000000001,0.5,0.19999999999999996,0.25999999999999995,0.0628,0.0,3,2,まくり,3まくり
2026-09-02,202609021308,13,08R,0.96625,0.6140166666666667,0.5355555555555556,0.7002136752136752,0.7904273504273505,0.38524694444444446,0.8270120000000001,0.6843,0.5866557948717949,0.8270120000000001,0.6993225982905984,0.5818,0.9166666666666667,1.0,0.94,0.495,0.5676000000000001,3,4,まくり,3まくり
2026-09-02,202609021309,13,09R,0.76625,0.7976833333333333,0.31222222222222223,1.0,0.7,0.5581665277777778,0.45279400000000003,0.4257602051282051,0.52477,0.52477,0.46777473504273503,0.4141,0.25,0.6,0.6,0.41479999999999995,0.6104999999999999,1,3,逃げ,その他
2026-09-02,202609021701,17,01R,0.8012500000000001,0.39780000000000004,0.7066666666666668,0.5,0.5,0.3918095833333332,0.605866,0.25865400000000005,0.5621989506820566,0.605866,0.4755729835606856,0.6349,0.75,0.5,0.5,0.14310000000000003,0.0,1,4,抜き,その他
2026-09-02,202609021709,17,09R,0.8500000000000001,0.5616000000000001,0.45,0.5,0.5,0.4031475,0.24999999999999997,0.44448600000000005,0.50811,0.50811,0.40086533333333335,0.0,0.1666666666666666,0.5,0.5,0.27790000000000004,0.6415,1,3,逃げ,その他
2026-09-02,202609021811,18,11R,0.7750000000000001,0.6284166666666666,0.22500000000000014,0.3002136752136752,0.33042735042735044,0.5710299999999998,0.34612420512820513,0.3336,0.5289322051282052,0.5289322051282052,0.40288547008547004,0.4394,0.6666666666666666,0.10021367521367519,0.0704273504273504,0.0,0.6006,3,1,まくり,3まくり
2026-09-02,202609022411,24,11R,0.8162500000000001,0.8307333333333334,0.5111111111111111,0.5901573976915006,0.4343756558237146,0.4868226388888888,0.5819142623294858,0.35071652465897163,0.6159873116474291,0.6159873116474291,0.5162060328786289,0.6546000000000001,0.5,0.7701049317943336,0.3029171038824764,0.22240000000000004,0.6354,1,3,逃げ,その他
