grade,model,tickets_n,candidate_races,head_hits,head_rate_pct,ticket_hits,overall_hit_rate_pct,coverage_given_head_pct,equal_stake_roi_pct,avg_hit_payout_yen,final_odds_races,final_odds_coverage_pct,avg_final_composite_odds,median_final_composite_odds
A,3まくり,1,602,208,34.5514950166113,30,4.983388704318937,14.423076923076923,78.08970099667773,1567,601,99.83388704318936,23.40732113144759,17.3
A,3まくり,2,602,208,34.5514950166113,54,8.970099667774086,25.96153846153846,65.64784053156146,1463.7037037037037,601,99.83388704318936,11.879553995740194,8.868157894736841
A,3まくり,3,602,208,34.5514950166113,78,12.956810631229235,37.5,67.76301218161683,1568.974358974359,601,99.83388704318936,8.022729707088656,6.551368006453067
A,3まくり,4,602,208,34.5514950166113,90,14.950166112956811,43.26923076923077,65.71428571428571,1758.2222222222222,601,99.83388704318936,6.651684490869575,5.301495967315888
A,3まくり,5,602,208,34.5514950166113,105,17.441860465116278,50.48076923076923,64.75415282392026,1856.2857142857142,601,99.83388704318936,5.594697705139905,4.52083590109138
A,3まくり,6,602,208,34.5514950166113,118,19.601328903654483,56.73076923076923,61.611295681063126,1885.9322033898304,601,99.83388704318936,4.883788419639609,3.9951003692553955
A,3まくり,7,602,208,34.5514950166113,133,22.093023255813954,63.94230769230769,67.74323682961557,2146.3909774436092,601,99.83388704318936,4.48770021132978,3.6418113975838544
A,3まくり,8,602,208,34.5514950166113,142,23.588039867109636,68.26923076923077,64.27948504983388,2180.0704225352115,601,99.83388704318936,4.127056491150004,3.3784075193070064
A,3まくり,9,602,208,34.5514950166113,150,24.916943521594686,72.11538461538461,63.98855666297527,2311.266666666667,601,99.83388704318936,3.847215971456809,3.1322552285898073
A,3まくり,10,602,208,34.5514950166113,157,26.079734219269103,75.48076923076923,59.99501661129568,2300.4458598726114,601,99.83388704318936,3.603493385967731,2.9549030884591168
A,3まくり,11,602,208,34.5514950166113,165,27.408637873754152,79.32692307692308,61.39987919057687,2464.181818181818,601,99.83388704318936,3.4583678084219773,2.8139984536046665
A,3まくり,12,602,208,34.5514950166113,169,28.07308970099668,81.25,58.3250276854928,2493.1360946745563,601,99.83388704318936,3.3353828135230703,2.701004686171568
A,3まくり,13,602,208,34.5514950166113,175,29.069767441860463,84.13461538461539,59.5514950166113,2663.1428571428573,601,99.83388704318936,3.2456180857983004,2.6486759054438616
A,3まくり,14,602,208,34.5514950166113,181,30.06644518272425,87.01923076923077,60.01423825344091,2794.475138121547,601,99.83388704318936,3.1478421641006573,2.5732366076083246
A,3まくり,15,602,208,34.5514950166113,187,31.06312292358804,89.90384615384616,60.0,2897.3262032085563,601,99.83388704318936,3.0675696388762006,2.4948471592480943
A,3まくり,16,602,208,34.5514950166113,193,32.05980066445183,92.78846153846153,65.00726744186046,3244.300518134715,601,99.83388704318936,3.0120496108079484,2.452202106706131
A,3まくり,17,602,208,34.5514950166113,198,32.89036544850498,95.1923076923077,64.16064100058628,3316.2626262626263,601,99.83388704318936,2.95960417053242,2.4140646100073875
A,3まくり,18,602,208,34.5514950166113,201,33.388704318936874,96.63461538461539,63.44407530454042,3420.2985074626868,601,99.83388704318936,2.9209930370363564,2.3775494208024432
A,3まくり,19,602,208,34.5514950166113,206,34.21926910299003,99.03846153846153,68.44290959958035,3800.242718446602,601,99.83388704318936,2.8841120702269767,2.3413241316915796
A,3まくり,20,602,208,34.5514950166113,208,34.5514950166113,100.0,66.1985049833887,3831.875,601,99.83388704318936,2.8545957928991075,2.31617569572131
A,3まくり差し,1,53,23,43.39622641509434,1,1.8867924528301887,4.3478260869565215,25.09433962264151,1330,53,100.0,23.19622641509434,15.1
A,3まくり差し,2,53,23,43.39622641509434,4,7.547169811320755,17.391304347826086,41.509433962264154,1100,53,100.0,13.222238329296939,7.8185303514377
A,3まくり差し,3,53,23,43.39622641509434,8,15.09433962264151,34.78260869565217,54.15094339622642,1076.25,53,100.0,7.52432787022945,5.805288630616448
A,3まくり差し,4,53,23,43.39622641509434,8,15.09433962264151,34.78260869565217,40.613207547169814,1076.25,53,100.0,5.670371599124892,4.715125543133611
A,3まくり差し,5,53,23,43.39622641509434,11,20.754716981132077,47.82608695652174,53.20754716981132,1281.8181818181818,53,100.0,4.690481931994193,3.94030978166876
A,3まくり差し,6,53,23,43.39622641509434,13,24.528301886792452,56.52173913043478,53.83647798742138,1316.923076923077,53,100.0,4.148176160224908,3.6657085063048904
A,3まくり差し,7,53,23,43.39622641509434,15,28.30188679245283,65.21739130434783,83.77358490566037,2072,53,100.0,3.728000850815748,3.253083953841077
A,3まくり差し,8,53,23,43.39622641509434,15,28.30188679245283,65.21739130434783,73.30188679245283,2072,53,100.0,3.367882291727134,2.9781216669758797
A,3まくり差し,9,53,23,43.39622641509434,15,28.30188679245283,65.21739130434783,65.15723270440252,2072,53,100.0,3.0255123236306045,2.808534374440216
A,3まくり差し,10,53,23,43.39622641509434,15,28.30188679245283,65.21739130434783,58.64150943396226,2072,53,100.0,2.841701588645942,2.6765194138085775
A,3まくり差し,11,53,23,43.39622641509434,15,28.30188679245283,65.21739130434783,53.310463121783876,2072,53,100.0,2.679041453644874,2.5037240267747887
A,3まくり差し,12,53,23,43.39622641509434,15,28.30188679245283,65.21739130434783,48.867924528301884,2072,53,100.0,2.5802168329179365,2.4817949834020157
A,3まくり差し,13,53,23,43.39622641509434,15,28.30188679245283,65.21739130434783,45.1088534107402,2072,53,100.0,2.4078887749310076,2.321408608396852
A,3まくり差し,14,53,23,43.39622641509434,15,28.30188679245283,65.21739130434783,41.886792452830186,2072,53,100.0,2.308602561886422,2.158120213439493
A,3まくり差し,15,53,23,43.39622641509434,17,32.075471698113205,73.91304347826087,45.081761006289305,2108.235294117647,53,100.0,2.2226588295405696,2.067960470181076
A,3まくり差し,16,53,23,43.39622641509434,19,35.84905660377358,82.6086956521739,51.485849056603776,2297.8947368421054,53,100.0,2.1464380435894137,2.0589908929755185
A,3まくり差し,17,53,23,43.39622641509434,20,37.735849056603776,86.95652173913044,53.69589345172031,2419,53,100.0,2.085358070156214,1.9289512429138036
A,3まくり差し,18,53,23,43.39622641509434,22,41.509433962264154,95.65217391304348,56.299790356394126,2441.3636363636365,53,100.0,2.0288408014441055,1.8832942238871662
A,3まくり差し,19,53,23,43.39622641509434,22,41.509433962264154,95.65217391304348,53.336643495531284,2441.3636363636365,53,100.0,1.9915792332927846,1.8484476691477896
A,3まくり差し,20,53,23,43.39622641509434,23,43.39622641509434,100.0,64.24528301886792,2960.8695652173915,53,100.0,1.9526809611019564,1.773464741290525
A,4カドまくり,1,528,148,28.03030303030303,17,3.2196969696969697,11.486486486486486,50.928030303030305,1581.764705882353,524,99.24242424242425,25.520992366412212,20.25
A,4カドまくり,2,528,148,28.03030303030303,32,6.0606060606060606,21.62162162162162,52.24431818181818,1724.0625,524,99.24242424242425,13.927377524534705,10.980129234124739
A,4カドまくり,3,528,148,28.03030303030303,55,10.416666666666666,37.16216216216216,66.16161616161617,1905.4545454545455,524,99.24242424242425,9.417599853126726,7.706926092539458
A,4カドまくり,4,528,148,28.03030303030303,64,12.121212121212121,43.24324324324324,60.58238636363637,1999.21875,524,99.24242424242425,7.7804991676609285,6.450801755344431
A,4カドまくり,5,528,148,28.03030303030303,70,13.257575757575758,47.2972972972973,60.25757575757576,2272.5714285714284,524,99.24242424242425,6.593299451405263,5.432959182414343
A,4カドまくり,6,528,148,28.03030303030303,81,15.340909090909092,54.729729729729726,59.84848484848485,2340.740740740741,524,99.24242424242425,5.819926731067346,4.841310451121943
A,4カドまくり,7,528,148,28.03030303030303,95,17.992424242424242,64.1891891891892,78.08441558441558,3037.8947368421054,524,99.24242424242425,5.328686766401631,4.430432621214097
A,4カドまくり,8,528,148,28.03030303030303,104,19.696969696969695,70.27027027027027,77.04782196969697,3129.326923076923,524,99.24242424242425,4.917355929253476,4.060262468572153
A,4カドまくり,9,528,148,28.03030303030303,112,21.21212121212121,75.67567567567568,83.52272727272727,3543.75,524,99.24242424242425,4.600746933371118,3.800797380276116
A,4カドまくり,10,528,148,28.03030303030303,118,22.348484848484848,79.72972972972973,79.36931818181819,3551.4406779661017,524,99.24242424242425,4.32990926300206,3.5839326079251315
A,4カドまくり,11,528,148,28.03030303030303,122,23.106060606060606,82.43243243243244,77.99931129476585,3713.27868852459,524,99.24242424242425,4.154520846832377,3.4147022096351938
A,4カドまくり,12,528,148,28.03030303030303,125,23.674242424242426,84.45945945945945,74.60227272727273,3781.44,524,99.24242424242425,4.003166643287325,3.259254814040551
A,4カドまくり,13,528,148,28.03030303030303,130,24.62121212121212,87.83783783783784,73.74271561771562,3893.6153846153848,524,99.24242424242425,3.882588454331145,3.166317294327368
A,4カドまくり,14,528,148,28.03030303030303,135,25.568181818181817,91.21621621621621,72.67316017316017,3979.259259259259,524,99.24242424242425,3.7594224035554893,3.047157606691676
A,4カドまくり,15,528,148,28.03030303030303,138,26.136363636363637,93.24324324324324,70.78282828282828,4062.31884057971,524,99.24242424242425,3.662359936691913,3.004722345063537
A,4カドまくり,16,528,148,28.03030303030303,142,26.893939393939394,95.94594594594595,68.72632575757575,4088.7323943661972,524,99.24242424242425,3.5879474333790853,2.9488581332855626
A,4カドまくり,17,528,148,28.03030303030303,143,27.083333333333332,96.62162162162163,65.36430481283422,4102.867132867133,524,99.24242424242425,3.514303558160934,2.8731675156753678
A,4カドまくり,18,528,148,28.03030303030303,147,27.84090909090909,99.32432432432432,70.1199494949495,4533.469387755102,524,99.24242424242425,3.462021987467974,2.822877306021953
A,4カドまくり,19,528,148,28.03030303030303,148,28.03030303030303,100.0,68.20374800637958,4623.108108108108,524,99.24242424242425,3.4191561523728287,2.797417159694601
A,4カドまくり,20,528,148,28.03030303030303,148,28.03030303030303,100.0,64.79356060606061,4623.108108108108,524,99.24242424242425,3.3843611474191375,2.7832885801836538
A,5頭展開,1,911,99,10.867178924259056,13,1.4270032930845225,13.131313131313131,57.12403951701427,4003.076923076923,909,99.78046103183316,130.44323432343234,77.8
A,5頭展開,2,911,99,10.867178924259056,30,3.293084522502744,30.303030303030305,89.30845225027443,5424,909,99.78046103183316,67.75575412785453,40.34080495356037
A,5頭展開,3,911,99,10.867178924259056,40,4.390779363336993,40.4040404040404,75.78485181119649,5178,909,99.78046103183316,44.6230993442537,27.981865630429493
A,5頭展開,4,911,99,10.867178924259056,47,5.159165751920966,47.474747474747474,76.0675082327113,5897.659574468085,909,99.78046103183316,34.968545216411016,22.602386023621662
A,5頭展開,5,911,99,10.867178924259056,52,5.70801317233809,52.525252525252526,76.09659714599341,6665.7692307692305,909,99.78046103183316,28.784644137917386,19.172003199619834
A,5頭展開,6,911,99,10.867178924259056,59,6.476399560922063,59.5959595959596,87.03622392974754,8063.389830508475,909,99.78046103183316,24.667632464073325,16.543969708499233
A,5頭展開,7,911,99,10.867178924259056,66,7.244785949506038,66.66666666666667,92.65485337933197,8952.424242424242,909,99.78046103183316,21.954098364292246,15.104979165335479
A,5頭展開,8,911,99,10.867178924259056,67,7.3545554335894625,67.67676767676768,83.39050493962678,9070.89552238806,909,99.78046103183316,19.82918400078597,13.93257825739615
A,5頭展開,9,911,99,10.867178924259056,71,7.793633369923161,71.71717171717172,80.30613489449932,9273.661971830987,909,99.78046103183316,18.127909204141794,13.044585612778798
A,5頭展開,10,911,99,10.867178924259056,78,8.562019758507136,78.78787878787878,81.66190998902306,9537.692307692309,909,99.78046103183316,16.72359725356342,12.14823649664071
A,5頭展開,11,911,99,10.867178924259056,80,8.781558726673985,80.8080808080808,80.40714499550943,10072,909,99.78046103183316,15.746566118703793,11.506224469769363
A,5頭展開,12,911,99,10.867178924259056,82,9.001097694840833,82.82828282828282,78.20801317233808,10426.463414634147,909,99.78046103183316,14.894953218403499,11.014250708071435
A,5頭展開,13,911,99,10.867178924259056,87,9.549945115257959,87.87878787878788,88.60930507472769,12062.068965517241,909,99.78046103183316,14.23949881940161,10.78743578385071
A,5頭展開,14,911,99,10.867178924259056,88,9.659714599341383,88.88888888888889,88.17939469970206,12780,909,99.78046103183316,13.55232372137072,10.303949683862372
A,5頭展開,15,911,99,10.867178924259056,93,10.208562019758507,93.93939393939394,89.3523600439078,13129.032258064517,909,99.78046103183316,13.019283381713233,9.940039698519396
A,5頭展開,16,911,99,10.867178924259056,95,10.428100987925356,95.95959595959596,85.8397365532382,13170.526315789473,909,99.78046103183316,12.614198019010583,9.680905176277783
A,5頭展開,17,911,99,10.867178924259056,96,10.537870472008782,96.96969696969697,82.12048815135275,13247.916666666666,909,99.78046103183316,12.188000097318696,9.44954331137881
A,5頭展開,18,911,99,10.867178924259056,96,10.537870472008782,96.96969696969697,77.55823880961093,13247.916666666666,909,99.78046103183316,11.885985336877646,9.286349730632315
A,5頭展開,19,911,99,10.867178924259056,96,10.537870472008782,96.96969696969697,73.47622624068404,13247.916666666666,909,99.78046103183316,11.611202006548,9.140624731963339
A,5頭展開,20,911,99,10.867178924259056,99,10.867178924259056,100.0,75.94511525795829,13976.969696969696,909,99.78046103183316,11.382060233042807,8.991432012241068
S,3まくり,1,301,121,40.199335548172755,20,6.644518272425249,16.52892561983471,106.61129568106313,1604.5,301,100.0,20.02890365448505,15.200000000000001
S,3まくり,2,301,121,40.199335548172755,36,11.960132890365449,29.75206611570248,90.68106312292359,1516.388888888889,301,100.0,10.10660732600611,8.177995110024451
S,3まくり,3,301,121,40.199335548172755,49,16.27906976744186,40.49586776859504,85.5703211517165,1576.938775510204,301,100.0,6.827309456965504,5.74947208379086
S,3まくり,4,301,121,40.199335548172755,54,17.940199335548172,44.62809917355372,75.9468438538206,1693.3333333333333,301,100.0,5.691720712529579,4.731537903334824
S,3まくり,5,301,121,40.199335548172755,62,20.59800664451827,51.239669421487605,69.51495016611295,1687.4193548387098,301,100.0,4.795552050195336,4.069803823309547
S,3まくり,6,301,121,40.199335548172755,72,23.920265780730897,59.50413223140496,70.73643410852713,1774.3055555555557,301,100.0,4.172607845400134,3.550240533904426
S,3まくり,7,301,121,40.199335548172755,82,27.242524916943523,67.76859504132231,83.87280493592786,2155.121951219512,301,100.0,3.825368128548251,3.248979874871922
S,3まくり,8,301,121,40.199335548172755,86,28.571428571428573,71.07438016528926,77.0390365448505,2157.093023255814,301,100.0,3.53137763427784,2.9867116869622388
S,3まくり,9,301,121,40.199335548172755,93,30.897009966777407,76.85950413223141,80.265780730897,2338.064516129032,301,100.0,3.2936202867753233,2.699792552572777
S,3まくり,10,301,121,40.199335548172755,96,31.893687707641195,79.33884297520662,74.10631229235881,2323.5416666666665,301,100.0,3.088522169035975,2.593494145679628
S,3まくり,11,301,121,40.199335548172755,100,33.222591362126245,82.64462809917356,76.7109634551495,2539.9,301,100.0,2.9684060205777754,2.4581501585651995
S,3まくり,12,301,121,40.199335548172755,102,33.88704318936877,84.29752066115702,72.22591362126246,2557.6470588235293,301,100.0,2.863553322588119,2.376860168847185
S,3まくり,13,301,121,40.199335548172755,106,35.21594684385382,87.60330578512396,75.95706618962433,2803.9622641509436,301,100.0,2.789559136956986,2.3284818835080885
S,3まくり,14,301,121,40.199335548172755,110,36.54485049833887,90.9090909090909,74.2453725676317,2844.2727272727275,301,100.0,2.7065621945018123,2.250940809029691
S,3まくり,15,301,121,40.199335548172755,112,37.2093023255814,92.56198347107438,72.8172757475083,2935.4464285714284,301,100.0,2.6385163997202126,2.206610945819395
S,3まくり,16,301,121,40.199335548172755,116,38.538205980066444,95.86776859504133,80.15573089700996,3327.844827586207,301,100.0,2.5926167205157595,2.179077609749972
S,3まくり,17,301,121,40.199335548172755,118,39.20265780730897,97.52066115702479,78.46394371702169,3402.5423728813557,301,100.0,2.546998232490112,2.1403574884599634
S,3まくり,18,301,121,40.199335548172755,119,39.53488372093023,98.34710743801652,75.48172757475083,3436.638655462185,301,100.0,2.514997041259692,2.1058243425393606
S,3まくり,19,301,121,40.199335548172755,120,39.8671096345515,99.17355371900827,71.95663577548522,3429.3333333333335,301,100.0,2.4854189820229586,2.0924313550543574
S,3まくり,20,301,121,40.199335548172755,121,40.199335548172755,100.0,69.17275747508306,3441.4876033057853,301,100.0,2.461962594663557,2.0832004850628913
S,3まくり差し,1,26,11,42.30769230769231,0,0.0,0.0,0.0,0,26,100.0,19.71923076923077,14.3
S,3まくり差し,2,26,11,42.30769230769231,2,7.6923076923076925,18.181818181818183,52.30769230769231,1360,26,100.0,10.806269877214818,7.702159127858666
S,3まくり差し,3,26,11,42.30769230769231,5,19.23076923076923,45.45454545454545,70.76923076923077,1104,26,100.0,7.41355203374985,6.256141815408292
S,3まくり差し,4,26,11,42.30769230769231,5,19.23076923076923,45.45454545454545,53.07692307692308,1104,26,100.0,5.845826809339845,4.132229739610424
S,3まくり差し,5,26,11,42.30769230769231,5,19.23076923076923,45.45454545454545,42.46153846153846,1104,26,100.0,4.700954077184242,3.780870154073958
S,3まくり差し,6,26,11,42.30769230769231,7,26.923076923076923,63.63636363636363,54.743589743589745,1220,26,100.0,4.17374335104837,3.3987530637352785
S,3まくり差し,7,26,11,42.30769230769231,8,30.76923076923077,72.72727272727273,54.67032967032967,1243.75,26,100.0,3.7871391070548093,2.9486264723680673
S,3まくり差し,8,26,11,42.30769230769231,8,30.76923076923077,72.72727272727273,47.83653846153846,1243.75,26,100.0,3.4302766189660496,2.775196116361711
S,3まくり差し,9,26,11,42.30769230769231,8,30.76923076923077,72.72727272727273,42.52136752136752,1243.75,26,100.0,3.0092920386555266,2.6329042733851433
S,3まくり差し,10,26,11,42.30769230769231,8,30.76923076923077,72.72727272727273,38.26923076923077,1243.75,26,100.0,2.8076398479581917,2.3983085380629214
S,3まくり差し,11,26,11,42.30769230769231,8,30.76923076923077,72.72727272727273,34.79020979020979,1243.75,26,100.0,2.614602668824922,2.1757995022289305
S,3まくり差し,12,26,11,42.30769230769231,8,30.76923076923077,72.72727272727273,31.891025641025642,1243.75,26,100.0,2.5186639336894383,2.0183406603799297
S,3まくり差し,13,26,11,42.30769230769231,8,30.76923076923077,72.72727272727273,29.437869822485208,1243.75,26,100.0,2.3701822735425737,1.8873839587515748
S,3まくり差し,14,26,11,42.30769230769231,8,30.76923076923077,72.72727272727273,27.335164835164836,1243.75,26,100.0,2.2751208250505193,1.8458034079233687
S,3まくり差し,15,26,11,42.30769230769231,10,38.46153846153846,90.9090909090909,37.717948717948715,1471,26,100.0,2.1745152086015573,1.8137486680124637
S,3まくり差し,16,26,11,42.30769230769231,10,38.46153846153846,90.9090909090909,35.36057692307692,1471,26,100.0,2.100670060689925,1.7826346459179443
S,3まくり差し,17,26,11,42.30769230769231,11,42.30769230769231,100.0,43.959276018099544,1766.3636363636363,26,100.0,2.0559334716328252,1.7664484037604324
S,3まくり差し,18,26,11,42.30769230769231,11,42.30769230769231,100.0,41.51709401709402,1766.3636363636363,26,100.0,2.0110009234715056,1.7523366234568467
S,3まくり差し,19,26,11,42.30769230769231,11,42.30769230769231,100.0,39.33198380566802,1766.3636363636363,26,100.0,1.9653252273953632,1.7402706438304998
S,3まくり差し,20,26,11,42.30769230769231,11,42.30769230769231,100.0,37.36538461538461,1766.3636363636363,26,100.0,1.9212663246229684,1.7161138765067157
S,4カドまくり,1,270,82,30.37037037037037,11,4.074074074074074,13.414634146341463,68.74074074074075,1687.2727272727273,269,99.62962962962963,22.730483271375466,17.8
S,4カドまくり,2,270,82,30.37037037037037,19,7.037037037037037,23.170731707317074,63.48148148148148,1804.2105263157894,269,99.62962962962963,12.393003888812304,9.885678391959798
S,4カドまくり,3,270,82,30.37037037037037,30,11.11111111111111,36.58536585365854,68.54320987654322,1850.6666666666667,269,99.62962962962963,8.39745511023233,6.897315634677332
S,4カドまくり,4,270,82,30.37037037037037,32,11.851851851851851,39.02439024390244,56.101851851851855,1893.4375,269,99.62962962962963,6.948042450929915,5.830231571691494
S,4カドまくり,5,270,82,30.37037037037037,36,13.333333333333334,43.90243902439025,60.77037037037037,2278.8888888888887,269,99.62962962962963,5.890381743945645,4.7020423919577405
S,4カドまくり,6,270,82,30.37037037037037,43,15.925925925925926,52.4390243902439,60.148148148148145,2266.046511627907,269,99.62962962962963,5.190110286010397,4.25511854491061
S,4カドまくり,7,270,82,30.37037037037037,52,19.25925925925926,63.41463414634146,79.88359788359789,2903.4615384615386,269,99.62962962962963,4.751129149971571,3.8824611722131426
S,4カドまくり,8,270,82,30.37037037037037,58,21.48148148148148,70.73170731707317,82.33796296296296,3066.3793103448274,269,99.62962962962963,4.382781002793613,3.616362732371246
S,4カドまくり,9,270,82,30.37037037037037,61,22.59259259259259,74.39024390243902,81.94650205761317,3264.4262295081967,269,99.62962962962963,4.096828034629852,3.284861950916187
S,4カドまくり,10,270,82,30.37037037037037,64,23.703703703703702,78.04878048780488,77.21111111111111,3257.34375,269,99.62962962962963,3.854112771055276,3.1072537452781783
S,4カドまくり,11,270,82,30.37037037037037,67,24.814814814814813,81.70731707317073,80.03030303030303,3547.6119402985073,269,99.62962962962963,3.6964152607574636,2.969284185552336
S,4カドまくり,12,270,82,30.37037037037037,68,25.185185185185187,82.92682926829268,74.66666666666667,3557.6470588235293,269,99.62962962962963,3.562854106937483,2.8885677820839093
S,4カドまくり,13,270,82,30.37037037037037,73,27.037037037037038,89.02439024390245,78.46438746438747,3772.7397260273974,269,99.62962962962963,3.453318651418763,2.764125378037372
S,4カドまくり,14,270,82,30.37037037037037,77,28.51851851851852,93.90243902439025,79.47619047619048,3901.5584415584417,269,99.62962962962963,3.3432752711070135,2.6753829872971
S,4カドまくり,15,270,82,30.37037037037037,78,28.88888888888889,95.1219512195122,75.0246913580247,3895.5128205128203,269,99.62962962962963,3.2544751785104906,2.5909258047194754
S,4カドまくり,16,270,82,30.37037037037037,79,29.25925925925926,96.34146341463415,71.21527777777777,3894.3037974683543,269,99.62962962962963,3.1871459984747097,2.5344235344984765
S,4カドまくり,17,270,82,30.37037037037037,80,29.62962962962963,97.5609756097561,68.35729847494554,3922,269,99.62962962962963,3.1210479478023148,2.5001549241922922
S,4カドまくり,18,270,82,30.37037037037037,82,30.37037037037037,100.0,67.97942386831275,4029.0243902439024,269,99.62962962962963,3.074337068500628,2.470525392941456
S,4カドまくり,19,270,82,30.37037037037037,82,30.37037037037037,100.0,64.40155945419103,4029.0243902439024,269,99.62962962962963,3.035859900264365,2.432990782972711
S,4カドまくり,20,270,82,30.37037037037037,82,30.37037037037037,100.0,61.181481481481484,4029.0243902439024,269,99.62962962962963,3.0041914036008754,2.3861412611032207
S,5頭展開,1,350,46,13.142857142857142,7,2.0,15.217391304347826,96.11428571428571,4805.714285714285,348,99.42857142857143,98.16350574712644,59.05
S,5頭展開,2,350,46,13.142857142857142,16,4.571428571428571,34.78260869565217,99.84285714285714,4368.125,348,99.42857142857143,52.56441228089701,33.51564141136688
S,5頭展開,3,350,46,13.142857142857142,21,6.0,45.65217391304348,78.84761904761905,3942.3809523809523,348,99.42857142857143,34.58156522050423,22.9687542648572
S,5頭展開,4,350,46,13.142857142857142,23,6.571428571428571,50.0,81.02857142857142,4932.173913043478,348,99.42857142857143,27.727271603082908,18.45854377704964
S,5頭展開,5,350,46,13.142857142857142,26,7.428571428571429,56.52173913043478,77.57714285714286,5221.538461538462,348,99.42857142857143,22.934625207760035,15.443452084861898
S,5頭展開,6,350,46,13.142857142857142,30,8.571428571428571,65.21739130434783,109.47142857142858,7663,348,99.42857142857143,19.929853907776973,13.52832525935705
S,5頭展開,7,350,46,13.142857142857142,35,10.0,76.08695652173913,129.08163265306123,9035.714285714286,348,99.42857142857143,17.955823698573326,12.3685523861406
S,5頭展開,8,350,46,13.142857142857142,35,10.0,76.08695652173913,112.94642857142857,9035.714285714286,348,99.42857142857143,16.357571903418094,11.53403935414575
S,5頭展開,9,350,46,13.142857142857142,36,10.285714285714286,78.26086956521739,106.27619047619048,9299.166666666666,348,99.42857142857143,15.048376782116529,10.8694900078948
S,5頭展開,10,350,46,13.142857142857142,37,10.571428571428571,80.43478260869566,99.28571428571429,9391.891891891892,348,99.42857142857143,13.935576169551576,10.190513003984712
S,5頭展開,11,350,46,13.142857142857142,38,10.857142857142858,82.6086956521739,100.6051948051948,10192.894736842105,348,99.42857142857143,13.189457114199985,9.767106715664077
S,5頭展開,12,350,46,13.142857142857142,39,11.142857142857142,84.78260869565217,96.38333333333334,10379.74358974359,348,99.42857142857143,12.542688797720396,9.393774031515466
S,5頭展開,13,350,46,13.142857142857142,40,11.428571428571429,86.95652173913044,95.69450549450549,10885.25,348,99.42857142857143,12.123259548256591,9.174277457333362
S,5頭展開,14,350,46,13.142857142857142,40,11.428571428571429,86.95652173913044,88.85918367346939,10885.25,348,99.42857142857143,11.60457030360593,8.7439847229114
S,5頭展開,15,350,46,13.142857142857142,43,12.285714285714286,93.47826086956522,99.24380952380952,12116.976744186046,348,99.42857142857143,11.200892617914159,8.45270649768096
S,5頭展開,16,350,46,13.142857142857142,44,12.571428571428571,95.65217391304348,97.15178571428571,12364.772727272728,348,99.42857142857143,10.919292098495365,8.317498924866992
S,5頭展開,17,350,46,13.142857142857142,45,12.857142857142858,97.82608695652173,94.89915966386555,12547.777777777777,348,99.42857142857143,10.591267713356075,8.116848800315816
S,5頭展開,18,350,46,13.142857142857142,45,12.857142857142858,97.82608695652173,89.62698412698413,12547.777777777777,348,99.42857142857143,10.382521010206663,8.015529309727295
S,5頭展開,19,350,46,13.142857142857142,45,12.857142857142858,97.82608695652173,84.90977443609023,12547.777777777777,348,99.42857142857143,10.180306783724903,7.960219980423731
S,5頭展開,20,350,46,13.142857142857142,46,13.142857142857142,100.0,82.17857142857143,12505.434782608696,348,99.42857142857143,10.023661204297332,7.8990839661110925
