actual_combo,approved_A,approved_S,date,ex_score,head_boat,head_hit,history_adjust,history_pct,kimarite,method_hit,model,orig_avg,orig_lap,orig_straight,orig_turn,preview_comp,preview_grade,race,race_code,return_20pt,route_count,st_score,tilt,tilt_bonus,trifecta_payout,v50_grade,v50_score,venue,winner
2-3-5,1,0,2026-08-03,0.5,3,0,0.674,0.6685,まくり,0,3まくり,0.3333333333333333,0.6,0.4,0.0,0.6027666666666667,A,02,202608030102,0,2,1.0,0.0,-0.21,1580,A,60.74066666666667,01,2
1-3-4,1,1,2026-08-03,0.8,3,0,0.291,0.5726,逃げ,0,3まくり,0.7333333333333334,0.4,0.8,1.0,0.7426666666666668,S,11,202608030411,0,1,0.6,0.0,-0.21,610,S,74.34766666666668,04,1
1-6-3,0,0,2026-08-03,0.0,3,0,-1.272,0.1819,逃げ,0,3まくり,0.1333333333333333,0.19999999999999996,0.19999999999999996,0.0,0.24246666666666666,B,11,202608030611,0,1,0.6,0.0,-0.21,5730,B,22.764666666666667,06,1
1-4-5,1,1,2026-08-03,1.0,3,0,1.938,0.9845,逃げ,0,3まくり,0.7,1.0,0.5,0.4,0.68815,S,01,202608031301,0,1,0.6,0.0,-0.21,2910,S,70.543,13,1
3-4-5,1,0,2026-08-03,1.0,3,1,0.291,0.5726,まくり,1,3まくり,0.7333333333333334,0.4,0.8,1.0,0.5843166666666668,A,07,202608031907,870,1,0.0,0.0,-0.21,870,A,58.512666666666675,19,3
5-4-6,0,0,2026-08-03,0.19999999999999996,4,0,0.047,0.5116,まくり差し,0,4カドまくり,0.7333333333333333,1.0,1.0,0.19999999999999996,0.44906666666666667,B,07,202608031707,0,1,0.0,0.0,-0.04,9050,B,44.913666666666664,17,5
1-3-2,0,0,2026-08-03,0.0,4,0,0.047,0.5116,逃げ,0,4カドまくり,0.39999999999999997,0.4,0.19999999999999996,0.6,0.29125,B,10,202608031910,0,1,0.6,0.0,-0.04,3950,B,29.132,19,1
5-1-6,0,0,2026-08-03,0.0,4,0,0.643,0.6607,まくり差し,0,4カドまくり,0.26666666666666666,0.4,0.4,0.0,0.3715833333333334,B,10,202608032110,0,1,0.8,-0.5,-1.19,38460,B,36.61133333333334,21,5
1-6-3,0,0,2026-08-03,0.19999999999999996,5,0,0.0,0.5,逃げ,0,5頭展開,0.6666666666666666,0.4,1.0,0.6,0.4132766666666667,B,11,202608030611,0,1,0.4,-0.5,0,5730,B,41.327666666666666,06,1
4-5-6,1,0,2026-08-03,1.0,5,0,0.0,0.5,まくり,0,5頭展開,0.5,0.8,0.5,0.19999999999999996,0.62755,A,04,202608031304,0,1,0.0,0.0,0,7090,A,62.755,13,4
5-4-6,0,0,2026-08-03,1.0,5,1,0.0,0.5,まくり差し,1,5頭展開,0.4,0.4,0.4,0.4,0.4751099999999999,B,07,202608031707,9050,1,0.8,-0.5,0,9050,B,47.510999999999996,17,5
4-1-5,0,0,2026-08-03,0.4,5,0,0.0,0.5,まくり差し,0,5頭展開,0.8,0.6,1.0,0.8,0.4753,B,02,202608031902,0,1,0.0,0.0,0,3800,B,47.53,19,4
6-1-2,0,0,2026-08-03,0.0,5,0,0.0,0.5,まくり差し,0,5頭展開,0.3333333333333333,0.19999999999999996,0.6,0.19999999999999996,0.40397333333333335,B,06,202608032006,0,1,0.6,0.0,0,7610,B,40.397333333333336,20,6
1-3-2,0,0,2026-08-03,0.4,5,0,0.0,0.5,逃げ,0,5頭展開,0.5333333333333333,0.19999999999999996,1.0,0.4,0.39297333333333334,B,10,202608032010,0,1,0.19999999999999996,0.0,0,1170,B,39.297333333333334,20,1
4-1-2,0,0,2026-08-03,0.0,5,0,0.0,0.5,まくり差し,0,5頭展開,0.19999999999999998,0.0,0.19999999999999996,0.4,0.24243,B,09,202608032309,0,1,0.6,-0.5,0,7540,B,24.243000000000002,23,4
1-3-6,1,0,2026-08-04,0.4,3,0,1.329,0.8322,逃げ,0,3まくり,0.6666666666666666,1.0,0.8,0.19999999999999996,0.6010333333333334,A,03,202608040503,0,1,0.6,0.0,-0.21,1110,A,61.22233333333334,05,1
4-5-2,1,1,2026-08-04,0.8,3,0,-1.735,0.0663,まくり,0,3まくり,0.7666666666666667,0.5,1.0,0.8,0.6941333333333335,S,12,202608040612,0,1,0.4,-0.5,-0.05,16220,S,67.62833333333336,06,4
3-1-2,1,1,2026-08-04,1.0,3,1,0.291,0.5726,まくり差し,0,3まくり,1.0,1.0,1.0,1.0,0.8275,S,03,202608041003,1760,1,0.4,0.0,-0.21,1760,S,82.831,10,3
3-4-5,1,0,2026-08-04,1.0,3,1,-1.554,0.1114,抜き,0,3まくり,0.26666666666666666,0.0,0.6,0.19999999999999996,0.6311833333333334,A,06,202608041706,5650,1,0.6,0.0,-0.21,5650,A,61.35433333333334,17,3
3-1-6,1,1,2026-08-04,1.0,3,1,1.035,0.7588,まくり差し,0,3まくり,0.5333333333333333,0.6,0.8,0.19999999999999996,0.6853166666666667,S,08,202608042108,1370,1,0.4,0.0,-0.21,1370,S,69.35666666666667,21,3
4-5-3,0,0,2026-08-04,0.0,4,1,0.047,0.5116,まくり,1,4カドまくり,0.8,1.0,0.6,0.8,0.39345,B,07,202608041007,18550,1,0.4,0.0,-0.04,18550,B,39.352,10,4
1-2-4,0,0,2026-08-04,0.19999999999999996,5,0,0.0,0.5,逃げ,0,5頭展開,0.19999999999999998,0.19999999999999996,0.0,0.4,0.54849,B,04,202608041004,0,1,0.6,-0.5,0,2710,B,54.849000000000004,10,1
2-4-1,1,0,2026-08-04,0.4,5,0,0.0,0.5,差し,0,5頭展開,0.7333333333333334,0.8,0.6,0.8,0.6171833333333333,A,05,202608041005,0,1,0.4,-0.5,0,11670,A,61.718333333333334,10,2
4-1-3,1,0,2026-08-04,0.6,5,0,0.0,0.5,抜き,0,5頭展開,1.0,1.0,0.5,1.0,0.66049,A,08,202608041208,0,1,1.0,-0.5,0,2590,A,66.049,12,4
1-3-6,0,0,2026-08-04,0.4,5,0,0.0,0.5,逃げ,0,5頭展開,0.3,0.6,0.5,0.0,0.45025000000000004,B,12,202608041212,0,1,0.4,0.0,0,3250,B,45.025000000000006,12,1
1-3-6,1,0,2026-08-05,0.8,3,0,1.893,0.9732,逃げ,0,3まくり,0.6,0.19999999999999996,1.0,0.6,0.5538000000000001,A,09,202608050609,0,1,0.0,-0.5,-0.05,580,A,57.22300000000001,06,1
3-1-5,0,0,2026-08-05,1.0,3,1,0.612,0.653,まくり,1,3まくり,0.4666666666666667,0.8,0.19999999999999996,0.4,0.4195833333333333,B,10,202608050910,1080,1,0.0,0.0,-0.21,1080,B,42.36033333333333,09,3
1-2-3,0,0,2026-08-05,0.19999999999999996,3,0,-1.825,0.0437,逃げ,0,3まくり,0.39999999999999997,0.19999999999999996,0.19999999999999996,0.8,0.4375,B,04,202608051004,0,1,0.8,0.0,-0.21,3230,B,41.714999999999996,10,1
4-3-6,0,0,2026-08-05,0.5,3,0,-0.979,0.2553,差し,0,3まくり,0.6666666666666666,1.0,0.5,0.5,0.5488333333333334,B,10,202608051010,0,1,0.5,-0.5,-0.05,1450,B,53.854333333333344,10,4
3-1-4,1,1,2026-08-05,0.8,3,1,0.612,0.653,まくり差し,0,3まくり,0.7333333333333333,0.6,0.6,1.0,0.7105166666666668,S,07,202608051707,1720,1,0.8,-0.5,-0.05,1720,S,71.61366666666667,17,3
3-1-2,1,1,2026-08-05,1.0,3,1,1.281,0.8203,まくり差し,1,3まくり差し,1.0,1.0,1.0,1.0,0.8867500000000001,S,09,202608051709,4900,2,0.6,-0.5,-0.23,4900,S,89.72600000000001,17,3
1-2-4,0,0,2026-08-05,0.19999999999999996,4,0,0.26,0.565,逃げ,0,4カドまくり,0.5,0.6,0.5,0.4,0.50615,B,07,202608051207,0,1,0.8,-0.5,-1.19,1330,B,49.685,12,1
4-1-3,0,0,2026-08-05,1.0,4,1,-0.862,0.2845,抜き,0,4カドまくり,0.4,0.4,0.0,0.8,0.492,B,02,202608051402,3950,1,0.4,3.0,0.59,3950,B,48.928000000000004,14,4
1-2-4,1,0,2026-08-05,1.0,4,0,-1.524,0.119,逃げ,0,4カドまくり,0.13333333333333333,0.0,0.4,0.0,0.6070666666666666,A,06,202608051706,0,1,0.6,0.0,-0.04,740,A,59.14266666666666,17,1
1-4-2,0,0,2026-08-05,0.25,4,0,0.112,0.528,逃げ,0,4カドまくり,0.25,0.0,0.75,0.0,0.4659,B,11,202608051711,0,1,0.5,0.0,-0.04,760,B,46.662,17,1
5-2-4,0,0,2026-08-05,0.6,4,0,1.951,0.9877,抜き,0,4カドまくり,0.6666666666666667,0.8,0.8,0.4,0.5245833333333334,B,05,202608051905,0,1,0.19999999999999996,0.0,-0.04,145330,B,54.369333333333344,19,5
5-4-6,1,1,2026-08-05,1.0,5,1,0.0,0.5,まくり差し,1,5頭展開,0.5333333333333333,0.4,0.4,0.8,0.7174433333333333,S,01,202608050401,1430,1,1.0,0.0,0,1430,S,71.74433333333333,04,5
5-1-3,1,1,2026-08-05,0.8,5,1,0.0,0.5,まくり差し,1,5頭展開,0.8,0.6,1.0,0.8,0.68055,S,07,202608050407,20600,1,0.19999999999999996,0.0,0,20600,S,68.05499999999999,04,5
1-2-6,1,0,2026-08-05,0.19999999999999996,5,0,0.0,0.5,逃げ,0,5頭展開,0.7333333333333333,0.6,1.0,0.6,0.6322233333333335,A,10,202608050610,0,1,0.8,-0.5,0,1970,A,63.222333333333346,06,1
1-4-3,1,0,2026-08-05,0.6,5,0,0.0,0.5,逃げ,0,5頭展開,0.4666666666666666,0.19999999999999996,0.19999999999999996,1.0,0.5857166666666668,A,11,202608050611,0,1,0.8,-0.5,0,1210,A,58.57166666666668,06,1
2-4-1,0,0,2026-08-05,0.0,5,0,0.0,0.5,差し,0,5頭展開,0.39999999999999997,0.19999999999999996,0.4,0.6,0.5280800000000001,B,07,202608050907,0,1,0.4,0.0,0,5100,B,52.80800000000001,09,2
4-1-3,1,0,2026-08-05,0.4,5,0,0.0,0.5,抜き,0,5頭展開,0.6666666666666666,1.0,1.0,0.0,0.5579766666666667,A,02,202608051402,0,1,1.0,0.0,0,3950,A,55.797666666666665,14,4
1-3-2,0,0,2026-08-05,0.4,5,0,0.0,0.5,逃げ,0,5頭展開,0.1333333333333333,0.0,0.19999999999999996,0.19999999999999996,0.19584333333333334,B,12,202608051712,0,1,0.19999999999999996,0.0,0,1000,B,19.584333333333333,17,1
1-3-4,0,0,2026-08-05,0.19999999999999996,5,0,0.0,0.5,抜き,0,5頭展開,0.19999999999999996,0.19999999999999996,0.19999999999999996,0.19999999999999996,0.50212,B,10,202608052110,0,1,0.8,0.0,0,1230,B,50.212,21,1
1-4-6,1,1,2026-08-06,1.0,3,0,0.291,0.5726,逃げ,0,3まくり,0.6666666666666666,0.4,1.0,0.6,0.7193333333333334,S,03,202608060203,0,1,0.19999999999999996,-0.5,-0.05,7370,S,72.17433333333334,02,1
1-5-6,1,0,2026-08-06,0.8,3,0,0.291,0.5726,逃げ,0,3まくり,0.26666666666666666,0.19999999999999996,0.6,0.0,0.5633333333333335,A,11,202608060211,0,1,0.4,0.0,-0.21,2080,A,56.41433333333334,02,1
5-1-3,1,0,2026-08-06,0.5,3,0,-1.989,0.0028,差し,0,3まくり,0.4,0.4,0.5,0.4,0.6393500000000001,A,04,202608061204,0,1,1.0,-0.5,-0.05,3180,A,61.896000000000015,12,5
3-6-1,0,0,2026-08-06,0.0,3,1,-0.849,0.2877,抜き,0,3まくり,0.5333333333333333,0.4,0.6,0.6,0.35991666666666666,B,07,202608061407,2530,1,0.4,0.0,-0.21,2530,B,34.93266666666667,14,3
3-5-4,0,0,2026-08-06,0.5,3,1,1.966,0.9915,まくり差し,0,3まくり,0.5333333333333333,0.8,0.6,0.19999999999999996,0.4805166666666667,B,03,202608061703,2320,1,0.4,-0.5,-0.05,2320,B,49.96766666666667,17,3
3-1-5,1,0,2026-08-06,0.4,3,1,-1.148,0.213,まくり差し,0,3まくり,0.7333333333333333,1.0,0.6,0.6,0.5985166666666668,A,06,202608061706,710,1,0.8,-0.5,-0.05,710,A,58.65366666666668,17,3
4-3-6,0,0,2026-08-06,0.4,3,0,0.291,0.5726,まくり差し,0,3まくり,1.0,1.0,1.0,1.0,0.5125,B,06,202608062406,0,1,0.0,0.0,-0.21,3420,B,51.33099999999999,24,4
4-5-1,0,0,2026-08-06,0.6,4,1,-1.869,0.0328,まくり,1,4カドまくり,0.5,0.6,0.5,0.4,0.39415000000000006,B,10,202608061210,2400,1,0.0,0.0,-0.04,2400,B,37.50600000000001,12,4
4-5-1,0,0,2026-08-06,0.19999999999999996,5,0,0.0,0.5,差し,0,5頭展開,0.6,0.6,0.4,0.8,0.44123,B,04,202608060404,0,1,0.19999999999999996,0.5,0,3570,B,44.123000000000005,04,4
1-2-4,0,0,2026-08-06,0.0,5,0,0.0,0.5,逃げ,0,5頭展開,0.8666666666666667,1.0,0.8,0.8,0.4143966666666667,B,05,202608061005,0,1,0.8,0.0,0,5980,B,41.43966666666667,10,1
1-3-4,1,0,2026-08-06,0.4,5,0,0.0,0.5,逃げ,0,5頭展開,0.6,0.6,0.8,0.4,0.61677,A,12,202608061012,0,1,0.8,0.0,0,1530,A,61.67700000000001,10,1
4-5-1,0,0,2026-08-06,0.4,5,0,0.0,0.5,まくり,0,5頭展開,0.5,0.4,0.5,0.6,0.45837,B,10,202608061210,0,1,1.0,0.0,0,2400,B,45.837,12,4
1-3-2,0,0,2026-08-06,0.0,5,0,0.0,0.5,逃げ,0,5頭展開,0.39999999999999997,0.4,0.19999999999999996,0.6,0.30575,B,08,202608061408,0,1,0.0,0.0,0,2940,B,30.575000000000003,14,1
1-3-4,0,0,2026-08-06,0.4,5,0,0.0,0.5,逃げ,0,5頭展開,0.09999999999999998,0.0,0.5,0.19999999999999996,0.44458,B,10,202608061810,0,1,1.0,0.0,0,1380,B,44.458,18,1
1-2-5,0,0,2026-08-06,0.4,5,0,0.0,0.5,逃げ,0,5頭展開,0.5333333333333333,0.6,0.8,0.19999999999999996,0.3985533333333333,B,12,202608061912,0,1,0.0,0.0,0,890,B,39.855333333333334,19,1
3-4-6,1,1,2026-08-07,0.6,3,1,0.392,0.598,まくり差し,0,3まくり,0.8,0.8,0.6,1.0,0.7055,S,03,202608071003,15920,1,0.8,0.0,-0.21,15920,S,70.732,10,3
1-3-5,0,0,2026-08-07,0.19999999999999996,3,0,-1.989,0.0028,逃げ,0,3まくり,0.4,0.0,0.5,0.8,0.38735,B,10,202608071210,0,1,0.4,-0.5,-0.05,530,B,36.696000000000005,12,1
2-1-3,1,0,2026-08-07,0.4,3,0,-0.956,0.2609,まくり,0,3まくり,0.9333333333333333,1.0,0.8,1.0,0.6205166666666667,A,07,202608071707,0,1,0.6,0.0,-0.21,27720,A,60.885666666666665,17,2
1-2-6,0,0,2026-08-07,0.19999999999999996,4,0,-1.934,0.0164,逃げ,0,4カドまくり,0.19999999999999998,0.19999999999999996,0.0,0.4,0.10345,B,05,202608071005,0,1,0.0,-0.5,-1.19,1290,B,7.221000000000002,10,1
3-4-2,1,1,2026-08-07,1.0,4,0,0.807,0.7018,まくり,0,4カドまくり,0.7,0.8,0.5,0.6,0.76415,S,01,202608071201,0,1,0.8,-0.5,-1.19,9810,S,76.03200000000001,12,3
4-1-2,0,0,2026-08-07,0.4,4,1,0.659,0.6648,抜き,0,4カドまくり,0.5333333333333333,0.19999999999999996,0.8,0.6,0.4666666666666667,B,09,202608071409,1630,1,0.19999999999999996,-0.5,-1.19,1630,B,46.135666666666665,14,4
4-3-1,0,0,2026-08-07,0.6,4,1,-1.103,0.2244,まくり差し,0,4カドまくり,0.39999999999999997,0.8,0.19999999999999996,0.19999999999999996,0.51525,B,04,202608071904,7490,1,0.8,0.0,-0.04,7490,B,50.382,19,4
1-3-4,0,0,2026-08-07,0.0,4,0,-1.491,0.1272,逃げ,0,4カドまくり,0.4666666666666666,0.19999999999999996,0.19999999999999996,1.0,0.3625833333333333,B,11,202608072411,0,1,0.8,0.0,-0.04,1400,B,34.727333333333334,24,1
5-2-1,0,0,2026-08-07,0.8,5,1,0.0,0.5,まくり,1,5頭展開,0.6,0.6,0.8,0.4,0.46967000000000003,B,01,202608070401,6090,1,0.4,0.0,0,6090,B,46.967000000000006,04,5
2-1-3,0,0,2026-08-07,0.19999999999999996,5,0,0.0,0.5,差し,0,5頭展開,0.7333333333333333,0.19999999999999996,1.0,1.0,0.5293233333333334,B,05,202608070405,0,1,0.0,0.0,0,9520,B,52.93233333333334,04,2
3-4-2,1,0,2026-08-07,0.4,5,0,0.0,0.5,まくり,0,5頭展開,0.19999999999999996,0.19999999999999996,0.5,0.19999999999999996,0.55929,A,01,202608071201,0,1,1.0,0.0,0,9810,A,55.928999999999995,12,3
4-6-5,0,0,2026-08-07,1.0,5,0,0.0,0.5,まくり,0,5頭展開,0.5,0.6,0.5,0.4,0.5195000000000001,B,02,202608071802,0,1,0.19999999999999996,0.0,0,8050,B,51.95000000000001,18,4
5-1-2,0,0,2026-08-07,0.6,5,1,0.0,0.5,まくり,1,5頭展開,0.7,0.5,0.6,1.0,0.5006,B,02,202608072002,1330,1,0.4,0.0,0,1330,B,50.06,20,5
1-5-2,1,0,2026-08-07,1.0,5,0,0.0,0.5,逃げ,0,5頭展開,0.3,0.5,0.19999999999999996,0.19999999999999996,0.6126,A,06,202608072006,0,1,0.6,0.0,0,1920,A,61.260000000000005,20,1
5-4-2,1,0,2026-08-07,0.5,5,1,0.0,0.5,抜き,1,5頭展開,0.7333333333333333,1.0,1.0,0.19999999999999996,0.6138833333333333,A,02,202608072402,26400,1,1.0,0.5,0,26400,A,61.388333333333335,24,5
2-3-1,1,0,2026-08-08,0.6,3,0,1.346,0.8364,差し,0,3まくり,0.7333333333333334,1.0,0.8,0.4,0.5746666666666668,A,02,202608080402,0,1,0.19999999999999996,0.0,-0.21,4620,A,58.60266666666667,04,2
1-3-6,1,1,2026-08-08,0.8,3,0,0.291,0.5726,逃げ,0,3まくり,1.0,1.0,1.0,1.0,0.8137,S,08,202608080508,0,1,0.6,0.0,-0.21,490,S,81.45100000000001,05,1
1-3-2,0,0,2026-08-08,0.6,3,0,0.629,0.6573,逃げ,0,3まくり,0.5333333333333333,0.6,0.0,1.0,0.36016666666666663,B,03,202608081003,0,1,0.19999999999999996,-0.5,-0.05,530,B,36.595666666666666,10,1
3-1-6,0,0,2026-08-08,0.4,3,1,-1.379,0.1551,まくり,1,3まくり,0.39999999999999997,0.19999999999999996,0.5,0.6,0.55535,A,03,202608081203,3440,1,0.8,-0.5,-0.05,3440,B,54.10600000000001,12,3
1-3-4,1,1,2026-08-08,1.0,3,0,-1.729,0.0677,逃げ,0,3まくり,0.3333333333333333,0.4,0.6,0.0,0.6985166666666667,S,06,202608081706,0,1,0.8,0.0,-0.21,490,S,67.91266666666668,17,1
,1,1,2026-08-08,1.0,3,0,1.556,0.889,恵まれ,0,3まくり差し,0.8666666666666667,1.0,0.8,0.8,0.6642,A,08,202608080208,0,1,0.0,-0.5,-0.23,0,S,67.746,02,5
3-1-5,1,1,2026-08-08,0.8,3,1,0.431,0.6077,まくり差し,1,3まくり差し,0.8,0.8,0.6,1.0,0.8486,S,02,202608081902,1110,1,0.8,0.0,-0.05,1110,S,85.241,19,3
4-6-1,1,0,2026-08-08,1.0,4,1,1.442,0.8605,まくり,1,4カドまくり,0.7333333333333334,0.8,0.4,1.0,0.6231166666666667,A,08,202608080408,2690,1,0.4,0.0,-0.04,2690,A,63.71366666666667,04,4
1-4-2,1,0,2026-08-08,0.6,4,0,0.665,0.6662,逃げ,0,4カドまくり,0.6666666666666666,0.8,0.19999999999999996,1.0,0.5627833333333333,A,09,202608081009,0,1,0.8,-0.5,-1.19,440,A,55.75333333333333,10,1
4-1-5,1,0,2026-08-08,0.0,4,1,-1.393,0.1518,まくり,1,4カドまくり,0.5333333333333333,0.8,0.8,0.0,0.5763666666666667,A,07,202608081507,1070,1,1.0,-0.5,-1.19,1070,A,55.05366666666667,15,4
5-1-4,0,0,2026-08-08,0.4,4,0,0.446,0.6115,まくり差し,0,4カドまくり,0.4,0.8,0.0,0.4,0.26580000000000004,B,03,202608081603,0,1,0.19999999999999996,0.0,-0.04,2300,B,26.986000000000008,16,5
4-3-5,0,0,2026-08-08,0.8,5,0,0.0,0.5,抜き,0,5頭展開,0.7333333333333334,0.6,0.8,0.8,0.4337033333333334,B,04,202608080204,0,1,0.4,0.0,0,33170,B,43.37033333333334,02,4
1-4-2,0,0,2026-08-08,1.0,5,0,0.0,0.5,逃げ,0,5頭展開,0.39999999999999997,0.19999999999999996,0.8,0.19999999999999996,0.39521,B,11,202608080211,0,1,0.4,0.0,0,2570,B,39.521,02,1
5-4-1,0,0,2026-08-08,0.0,5,1,0.0,0.5,まくり差し,1,5頭展開,0.7333333333333334,1.0,0.8,0.4,0.3401633333333333,B,05,202608080405,8500,1,0.0,0.0,0,8500,B,34.01633333333333,04,5
1-3-5,0,0,2026-08-08,0.4,5,0,0.0,0.5,逃げ,0,5頭展開,0.4666666666666667,0.4,0.0,1.0,0.5363766666666667,B,12,202608080412,0,1,0.8,0.0,0,3460,B,53.637666666666675,04,1
1-2-5,1,0,2026-08-08,0.4,5,0,0.0,0.5,逃げ,0,5頭展開,0.3333333333333333,0.4,0.0,0.6,0.5867033333333332,A,07,202608081007,0,1,0.19999999999999996,-0.5,0,4060,A,58.670333333333325,10,1
3-1-6,0,0,2026-08-08,1.0,5,0,0.0,0.5,まくり,0,5頭展開,0.09999999999999998,0.19999999999999996,0.5,0.0,0.35989000000000004,B,10,202608081210,0,1,0.0,-0.5,0,23420,B,35.989000000000004,12,3
2-1-4,0,0,2026-08-08,0.0,5,0,0.0,0.5,差し,0,5頭展開,0.6,0.8,0.8,0.19999999999999996,0.49927000000000005,B,05,202608081405,0,1,0.19999999999999996,0.0,0,4140,B,49.92700000000001,14,2
5-1-4,0,0,2026-08-08,0.19999999999999996,5,1,0.0,0.5,まくり差し,1,5頭展開,0.39999999999999997,0.4,0.19999999999999996,0.6,0.31215,B,03,202608081603,2300,1,0.0,0.0,0,2300,B,31.215,16,5
4-6-1,1,0,2026-08-08,1.0,5,0,0.0,0.5,まくり,0,5頭展開,0.19999999999999998,0.0,0.6,0.0,0.5503100000000001,A,12,202608081612,0,1,0.8,0.0,0,49660,A,55.031000000000006,16,4
5-2-1,0,0,2026-08-08,0.19999999999999996,5,1,0.0,0.5,まくり差し,1,5頭展開,0.4666666666666667,0.4,0.19999999999999996,0.8,0.48889666666666665,B,10,202608081710,17620,1,0.19999999999999996,0.0,0,17620,B,48.88966666666666,17,5
4-5-1,0,0,2026-08-08,0.6,5,0,0.0,0.5,まくり差し,0,5頭展開,0.5,0.0,0.5,1.0,0.42358000000000007,B,07,202608081807,0,1,0.8,0.0,0,9490,B,42.358000000000004,18,4
1-3-5,0,0,2026-08-08,0.4,5,0,0.0,0.5,逃げ,0,5頭展開,0.4,0.0,0.5,0.8,0.41713999999999996,B,08,202608081808,0,1,0.8,-0.5,0,1270,B,41.714,18,1
1-5-4,1,1,2026-08-09,1.0,3,0,0.291,0.5726,逃げ,0,3まくり,0.5,0.5,0.5,0.5,0.7414999999999999,S,03,202608090303,0,1,0.8,0.0,-0.21,19670,S,74.231,03,1
1-3-4,0,0,2026-08-09,0.8,3,0,0.516,0.6291,抜き,0,3まくり,0.5,0.5,0.5,0.5,0.5175000000000001,B,07,202608090307,0,1,0.19999999999999996,0.5,0.1,1170,B,52.36600000000001,03,1
1-3-5,0,0,2026-08-09,0.19999999999999996,3,0,1.774,0.9436,逃げ,0,3まくり,0.8,0.8,0.5,0.8,0.51135,B,08,202608091208,0,1,0.6,0.0,-0.21,1150,B,52.699,12,1
1-5-3,0,0,2026-08-09,1.0,3,0,0.291,0.5726,逃げ,0,3まくり,0.0,0.0,0.5,0.0,0.45715,B,05,202608091305,0,1,0.19999999999999996,0.0,-0.21,890,B,45.796,13,1
3-1-4,0,0,2026-08-09,0.0,3,1,0.291,0.5726,まくり差し,0,3まくり,0.6000000000000001,0.4,0.5,0.8,0.33515000000000006,B,11,202608091311,1940,1,0.4,0.0,-0.21,1940,B,33.596000000000004,13,3
3-5-1,1,0,2026-08-09,1.0,3,1,0.291,0.5726,差し,0,3まくり,0.9333333333333333,1.0,0.8,1.0,0.6340666666666667,A,07,202608092307,13450,1,0.0,0.0,-0.21,13450,A,63.48766666666666,23,3
5-1-4,0,0,2026-08-09,0.19999999999999996,4,0,0.047,0.5116,まくり差し,0,4カドまくり,0.5,0.5,0.5,0.5,0.40630000000000005,B,10,202608090310,0,1,0.4,0.0,-0.04,4250,B,40.637,03,5
2-4-1,1,0,2026-08-09,0.8,4,0,0.2,0.5499,差し,0,4カドまくり,0.6666666666666666,1.0,0.0,1.0,0.6446833333333333,A,03,202608090503,0,1,1.0,0.0,-0.04,7320,A,64.62833333333333,05,2
2-4-5,0,0,2026-08-09,0.8,4,0,1.748,0.9371,差し,0,4カドまくり,0.5333333333333333,0.4,0.6,0.6,0.4740166666666667,B,06,202608090506,0,1,0.0,0.0,-0.04,2610,B,49.10966666666667,05,2
1-6-4,0,0,2026-08-09,1.0,4,0,1.732,0.933,逃げ,0,4カドまくり,0.6666666666666666,0.8,0.19999999999999996,1.0,0.5067833333333334,B,04,202608091004,0,1,0.19999999999999996,-0.5,-1.19,2270,B,51.220333333333336,10,1
1-3-2,0,0,2026-08-09,0.8,4,0,1.015,0.7538,逃げ,0,4カドまくり,0.6,0.8,0.19999999999999996,0.8,0.458,B,11,202608091411,0,1,0.19999999999999996,0.0,-0.04,950,B,46.775000000000006,14,1
1-2-4,1,1,2026-08-09,1.0,4,0,1.425,0.8564,抜き,0,4カドまくり,0.5333333333333333,0.19999999999999996,0.6,0.8,0.8123666666666667,S,04,202608091504,0,1,1.0,0.0,-0.04,960,S,82.62166666666666,15,1
5-1-2,0,0,2026-08-09,0.19999999999999996,4,0,0.588,0.6471,まくり差し,0,4カドまくり,0.8,0.8,1.0,0.6,0.47955,B,11,202608092011,0,1,0.19999999999999996,0.0,-0.04,18480,B,48.503,20,5
4-2-5,1,1,2026-08-09,1.0,4,1,1.425,0.8564,まくり,1,4カドまくり,0.6,1.0,0.19999999999999996,0.6,0.7139000000000001,S,06,202608092306,720,1,1.0,0.0,-0.04,720,S,72.775,23,4
5-1-4,0,0,2026-08-09,0.8,5,1,0.0,0.5,まくり差し,1,5頭展開,0.5,0.5,0.5,0.5,0.5013700000000001,B,10,202608090310,4250,1,0.8,1.5,0,4250,B,50.13700000000001,03,5
1-4-5,0,0,2026-08-09,0.4,5,0,0.0,0.5,逃げ,0,5頭展開,0.19999999999999998,0.6,0.0,0.0,0.4398500000000001,B,02,202608090502,0,1,1.0,-0.5,0,1570,B,43.98500000000001,05,1
2-4-1,1,0,2026-08-09,0.4,5,0,0.0,0.5,差し,0,5頭展開,0.7333333333333334,0.6,0.8,0.8,0.6531833333333333,A,03,202608090503,0,1,0.6,0.0,0,7320,A,65.31833333333333,05,2
2-4-5,0,0,2026-08-09,0.19999999999999996,5,0,0.0,0.5,差し,0,5頭展開,0.6,0.6,0.4,0.8,0.51929,B,06,202608090506,0,1,0.8,0.0,0,2610,B,51.929,05,2
5-4-1,1,0,2026-08-09,0.19999999999999996,5,1,0.0,0.5,まくり差し,1,5頭展開,0.6,0.8,0.4,0.6,0.6159200000000001,A,07,202608090907,4800,1,0.8,0.0,0,4800,A,61.59200000000001,09,5
1-2-3,0,0,2026-08-09,0.6,5,0,0.0,0.5,逃げ,0,5頭展開,0.8,0.8,0.8,0.8,0.5474000000000001,B,10,202608090910,0,1,0.8,0.0,0,380,B,54.74000000000001,09,1
1-2-3,0,0,2026-08-09,0.5,5,0,0.0,0.5,逃げ,0,5頭展開,0.3,0.19999999999999996,0.5,0.4,0.45825,B,03,202608091203,0,1,0.4,-0.5,0,1280,B,45.824999999999996,12,1
2-4-5,0,0,2026-08-09,0.5,5,0,0.0,0.5,差し,0,5頭展開,0.3,0.4,0.5,0.19999999999999996,0.50319,B,01,202608091301,0,1,0.6,0.0,0,1330,B,50.319,13,2
3-1-2,1,0,2026-08-09,0.4,5,0,0.0,0.5,まくり差し,0,5頭展開,0.6,1.0,0.5,0.19999999999999996,0.5633100000000001,A,10,202608091310,0,1,0.8,0.0,0,5820,A,56.33100000000001,13,3
3-5-1,0,0,2026-08-09,0.4,5,0,0.0,0.5,まくり,0,5頭展開,0.19999999999999998,0.0,0.4,0.19999999999999996,0.33263,B,11,202608091511,0,1,1.0,-0.5,0,39430,B,33.263,15,3
4-1-6,0,0,2026-08-09,0.6,5,0,0.0,0.5,まくり,0,5頭展開,0.3333333333333333,0.4,0.19999999999999996,0.4,0.39792333333333335,B,03,202608091603,0,1,0.0,0.0,0,10400,B,39.79233333333333,16,4
2-6-1,0,0,2026-08-09,0.6,5,0,0.0,0.5,差し,0,5頭展開,0.09999999999999998,0.19999999999999996,0.5,0.0,0.25961999999999996,B,10,202608091810,0,1,0.4,-0.5,0,9830,B,25.961999999999996,18,2
1-3-2,0,0,2026-08-09,0.0,5,0,0.0,0.5,逃げ,0,5頭展開,0.09999999999999998,0.0,0.5,0.19999999999999996,0.3207399999999999,B,11,202608091811,0,1,0.0,0.0,0,820,B,32.07399999999999,18,1
1-3-2,0,0,2026-08-09,0.0,5,0,0.0,0.5,逃げ,0,5頭展開,0.5,0.6,0.5,0.4,0.51986,B,12,202608091812,0,1,0.0,0.0,0,930,B,51.986,18,1
4-3-1,1,0,2026-08-09,0.6,5,0,0.0,0.5,まくり差し,0,5頭展開,0.4,0.8,0.4,0.0,0.61235,A,04,202608092404,0,1,0.4,0.5,0,27230,A,61.23499999999999,24,4
2-5-3,0,0,2026-08-10,0.6,3,0,-0.759,0.3103,まくり,0,3まくり,0.5,0.5,0.5,0.5,0.4615,B,04,202608100304,0,1,0.19999999999999996,0.5,0.1,18250,B,45.49100000000001,03,2
3-1-6,1,0,2026-08-10,1.0,3,1,0.793,0.6982,まくり差し,0,3まくり,0.6666666666666666,1.0,0.0,1.0,0.5930333333333334,A,12,202608100512,1200,1,0.6,-0.5,-0.05,1200,A,60.046333333333344,05,3
3-4-1,1,0,2026-08-10,1.0,3,1,-1.08,0.2299,抜き,0,3まくり,0.5,0.5,0.5,0.5,0.65375,A,08,202608100808,10230,1,0.6,0.0,-0.21,10230,A,64.08500000000001,08,3
1-4-3,0,0,2026-08-10,0.6,3,0,-1.735,0.0663,逃げ,0,3まくり,0.3,0.4,0.5,0.19999999999999996,0.56415,A,07,202608101307,0,1,0.8,0.0,-0.21,450,B,54.470000000000006,13,1
1-3-6,1,1,2026-08-10,1.0,3,0,1.667,0.9168,逃げ,0,3まくり,0.6,0.19999999999999996,0.5,1.0,0.78315,S,10,202608101310,0,1,1.0,0.0,-0.21,2480,S,79.772,13,1
2-1-4,1,0,2026-08-10,0.4,3,0,-1.159,0.2102,差し,0,3まくり,0.7333333333333334,0.6,0.8,0.8,0.6619166666666668,A,05,202608101405,0,1,0.8,0.0,-0.21,11540,A,64.82266666666668,14,2
1-3-5,1,0,2026-08-10,0.4,3,0,-1.236,0.191,逃げ,0,3まくり差し,0.4666666666666667,0.6,0.0,0.8,0.60545,A,08,202608101608,0,2,0.6,0.0,-0.05,2370,A,59.25900000000001,16,1
3-1-5,1,0,2026-08-10,0.6,3,1,1.272,0.8181,まくり差し,0,3まくり,0.5333333333333333,0.6,1.0,0.0,0.6084166666666667,A,07,202608102007,2640,1,0.4,0.0,-0.21,2640,A,61.903666666666666,20,3
1-3-2,1,0,2026-08-10,0.8,3,0,0.291,0.5726,逃げ,0,3まくり,0.6666666666666666,0.8,0.6,0.6,0.6639833333333333,A,05,202608102105,0,1,0.6,0.0,-0.21,1160,A,66.47933333333333,21,1
1-3-6,1,0,2026-08-10,1.0,3,0,-0.843,0.2891,逃げ,0,3まくり,0.4666666666666667,1.0,0.0,0.4,0.6587333333333334,A,07,202608102307,0,1,1.0,0.0,-0.21,4220,A,64.82033333333334,23,1
1-2-4,0,0,2026-08-10,0.19999999999999996,3,0,1.304,0.826,逃げ,0,3まくり差し,0.6,0.6,0.5,0.6,0.37815000000000004,B,01,202608101801,0,1,0.0,-0.5,-0.23,1290,B,38.88900000000001,18,1
4-1-5,1,0,2026-08-10,0.6,4,1,0.725,0.6813,まくり,1,4カドまくり,0.8,1.0,0.6,0.8,0.57535,A,06,202608100506,4730,1,0.4,-0.5,-1.19,4730,A,57.07000000000001,05,4
1-4-6,1,0,2026-08-10,0.4,4,0,1.015,0.7538,逃げ,0,4カドまくり,0.5333333333333333,0.8,0.4,0.4,0.5466666666666669,B,03,202608101403,0,1,0.8,0.0,-0.04,2130,A,55.64166666666669,14,1
4-3-2,1,1,2026-08-10,1.0,4,1,1.798,0.9494,まくり差し,0,4カドまくり,0.8,1.0,0.6,0.8,0.8359000000000001,S,08,202608102308,3960,1,1.0,0.0,-0.04,3960,S,85.348,23,4
4-1-5,0,0,2026-08-10,0.19999999999999996,4,1,-0.752,0.3119,差し,0,4カドまくり,0.8666666666666667,1.0,0.8,0.8,0.39458333333333334,B,06,202608102406,1500,1,0.0,0.0,-0.04,1500,B,38.666333333333334,24,4
1-2-4,0,0,2026-08-10,0.8,5,0,0.0,0.5,逃げ,0,5頭展開,0.26666666666666666,0.4,0.4,0.0,0.47991666666666666,B,07,202608100507,0,1,0.0,-0.5,0,860,B,47.99166666666667,05,1
5-4-2,0,0,2026-08-10,0.6,5,1,0.0,0.5,まくり差し,1,5頭展開,0.26666666666666666,0.0,0.4,0.4,0.3759166666666667,B,11,202608100511,13650,1,0.6,-0.5,0,13650,B,37.59166666666667,05,5
1-3-5,0,0,2026-08-10,0.4,5,0,0.0,0.5,逃げ,0,5頭展開,0.5,0.5,0.5,0.5,0.46653000000000006,B,11,202608100811,0,1,0.19999999999999996,0.0,0,860,B,46.653000000000006,08,1
1-3-5,0,0,2026-08-10,0.0,5,0,0.0,0.5,逃げ,0,5頭展開,0.0,0.0,0.5,0.0,0.21866999999999998,B,01,202608101301,0,1,0.0,0.0,0,1860,B,21.866999999999997,13,1
1-3-2,0,0,2026-08-10,0.0,5,0,0.0,0.5,逃げ,0,5頭展開,0.5333333333333333,0.4,0.8,0.4,0.4095233333333334,B,10,202608101410,0,1,0.6,0.0,0,910,B,40.95233333333334,14,1
4-1-5,0,0,2026-08-10,0.6,5,0,0.0,0.5,まくり,0,5頭展開,0.7333333333333333,1.0,1.0,0.19999999999999996,0.4467633333333333,B,07,202608101607,0,1,0.19999999999999996,0.0,0,2030,B,44.67633333333333,16,4
1-3-6,0,0,2026-08-10,0.0,5,0,0.0,0.5,逃げ,0,5頭展開,0.19999999999999996,0.19999999999999996,0.5,0.19999999999999996,0.37578,B,05,202608101805,0,1,0.4,0.0,0,3330,B,37.578,18,1
1-3-6,0,0,2026-08-10,0.19999999999999996,5,0,0.0,0.5,逃げ,0,5頭展開,0.0,0.0,0.5,0.0,0.33694,B,07,202608101807,0,1,0.4,0.0,0,2340,B,33.694,18,1
1-3-2,0,0,2026-08-10,0.4,5,0,0.0,0.5,逃げ,0,5頭展開,0.39999999999999997,0.19999999999999996,0.5,0.6,0.31594,B,12,202608101812,0,1,0.19999999999999996,0.0,0,1050,B,31.594,18,1
5-4-2,1,1,2026-08-10,0.8,5,1,0.0,0.5,まくり,1,5頭展開,0.7333333333333333,1.0,0.19999999999999996,1.0,0.7023233333333334,S,05,202608102305,1200,1,0.8,0.0,0,1200,S,70.23233333333334,23,5
4-6-1,0,0,2026-08-10,0.0,5,0,0.0,0.5,まくり,0,5頭展開,0.4666666666666667,0.4,0.4,0.6,0.3466966666666667,B,10,202608102410,0,1,0.19999999999999996,-0.5,0,12090,B,34.66966666666667,24,4
1-2-4,0,0,2026-08-10,0.19999999999999996,5,0,0.0,0.5,逃げ,0,5頭展開,0.3333333333333333,0.8,0.0,0.19999999999999996,0.4347633333333334,B,11,202608102411,0,1,0.0,0.0,0,680,B,43.476333333333336,24,1
3-4-6,1,0,2026-08-11,0.6,3,1,-1.498,0.1255,差し,0,3まくり,0.7333333333333333,1.0,0.6,0.6,0.6243666666666666,A,09,202608110509,4650,1,0.6,0.0,-0.21,4650,A,60.72866666666666,05,3
3-1-5,1,1,2026-08-11,0.8,3,1,0.291,0.5726,差し,0,3まくり,0.6,0.6,0.6,0.6,0.7637,S,07,202608110707,1420,1,1.0,0.0,-0.21,1420,S,76.45100000000001,07,3
1-3-4,1,1,2026-08-11,1.0,3,0,1.752,0.9379,逃げ,0,3まくり,0.8,0.6,1.0,0.8,0.7737,S,09,202608110709,0,1,0.4,0.0,-0.21,490,S,78.912,07,1
1-3-2,1,0,2026-08-11,0.6,3,0,1.791,0.9478,逃げ,0,3まくり,0.9,0.8,0.5,1.0,0.61015,A,11,202608111311,0,1,0.6,0.0,-0.21,2260,A,62.596,13,1
1-6-2,0,0,2026-08-11,0.6,3,0,0.291,0.5726,逃げ,0,3まくり,0.19999999999999998,0.0,0.0,0.6,0.37365,B,03,202608111903,0,1,0.6,0.0,-0.21,67240,B,37.44599999999999,19,1
1-6-3,1,0,2026-08-11,0.8,3,0,0.16,0.54,逃げ,0,3まくり差し,0.6666666666666666,1.0,0.19999999999999996,0.8,0.64245,A,04,202608110104,0,1,0.0,0.0,-0.05,17050,A,64.35499999999999,01,1
1-3-6,0,0,2026-08-11,0.6,4,0,-1.628,0.093,逃げ,0,4カドまくり,0.39999999999999997,0.4,0.6,0.19999999999999996,0.3960000000000001,B,10,202608110110,0,1,0.0,-0.5,-1.19,4840,B,36.78200000000001,01,1
4-1-5,1,1,2026-08-11,1.0,4,1,0.047,0.5116,まくり,1,4カドまくり,0.8,1.0,1.0,0.4,0.87845,S,08,202608110408,920,1,0.8,-0.5,-1.19,920,S,86.702,04,4
4-3-1,0,0,2026-08-11,0.8,4,1,1.579,0.8947,まくり,1,4カドまくり,0.4666666666666667,0.8,0.0,0.6,0.49868333333333337,B,05,202608110505,11460,1,0.6,0.0,-0.04,11460,B,51.40733333333334,05,4
1-2-4,1,1,2026-08-11,0.6,4,0,-1.781,0.0547,逃げ,0,4カドまくり,0.7333333333333333,0.19999999999999996,1.0,1.0,0.8159666666666667,S,08,202608110608,0,1,1.0,0.0,-0.04,3320,S,79.77566666666667,06,1
5-4-1,0,0,2026-08-11,0.6,4,0,0.047,0.5116,まくり差し,0,4カドまくり,0.26666666666666666,0.4,0.19999999999999996,0.19999999999999996,0.5313333333333333,B,08,202608110708,0,1,0.8,0.0,-0.04,3080,B,53.14033333333333,07,5
5-6-4,0,0,2026-08-11,0.19999999999999996,4,0,-1.918,0.0205,まくり差し,0,4カドまくり,0.09999999999999998,0.0,0.5,0.19999999999999996,0.31805000000000005,B,03,202608111303,0,1,0.4,0.0,-0.04,3230,B,29.84700000000001,13,5
1-4-6,0,0,2026-08-11,0.6,4,0,-1.573,0.1067,逃げ,0,4カドまくり,0.26666666666666666,0.6,0.0,0.19999999999999996,0.45158333333333334,B,02,202608112102,0,1,0.8,0.0,-0.04,710,B,43.54533333333333,21,1
4-1-6,1,1,2026-08-11,1.0,4,1,0.211,0.5527,差し,0,4カドまくり,1.0,1.0,1.0,1.0,0.7339000000000001,S,05,202608112305,810,1,0.19999999999999996,0.5,3.0,810,S,76.60100000000001,23,4
5-3-1,0,0,2026-08-11,0.4,5,1,0.0,0.5,まくり差し,1,5頭展開,0.4,0.4,0.0,0.8,0.53767,B,11,202608110111,58150,1,0.4,0.0,0,58150,B,53.766999999999996,01,5
2-6-5,1,0,2026-08-11,1.0,5,0,0.0,0.5,差し,0,5頭展開,0.6,0.6,0.4,0.8,0.6656700000000002,A,12,202608110412,0,1,0.4,0.0,0,54620,A,66.56700000000002,04,2
5-4-1,1,0,2026-08-11,0.8,5,1,0.0,0.5,まくり差し,1,5頭展開,0.6,0.6,0.8,0.4,0.5993200000000001,A,08,202608110708,3080,1,0.6,0.0,0,3080,A,59.93200000000001,07,5
5-6-4,0,0,2026-08-11,1.0,5,1,0.0,0.5,まくり差し,1,5頭展開,0.4,0.8,0.5,0.0,0.4545100000000001,B,03,202608111303,3230,1,0.6,0.0,0,3230,B,45.45100000000001,13,5
1-3-4,0,0,2026-08-11,0.4,5,0,0.0,0.5,逃げ,0,5頭展開,0.2,0.0,0.5,0.4,0.41111,B,10,202608111310,0,1,1.0,0.0,0,7750,B,41.111,13,1
1-4-3,0,0,2026-08-11,0.8,5,0,0.0,0.5,逃げ,0,5頭展開,0.4,0.4,0.0,0.8,0.5002300000000001,B,04,202608111604,0,1,0.8,-0.5,0,2080,B,50.023,16,1
3-1-6,0,0,2026-08-11,0.0,5,0,0.0,0.5,まくり,0,5頭展開,0.6666666666666666,1.0,1.0,0.0,0.33632666666666666,B,11,202608111911,0,1,0.19999999999999996,0.0,0,57600,B,33.632666666666665,19,3
2-1-5,0,0,2026-08-11,0.4,5,0,0.0,0.5,差し,0,5頭展開,0.6666666666666666,0.6,0.4,1.0,0.5438666666666667,B,10,202608112010,0,1,0.4,0.5,0,4880,B,54.38666666666667,20,2
1-5-6,0,0,2026-08-11,0.6,5,0,0.0,0.5,逃げ,0,5頭展開,0.26666666666666666,0.19999999999999996,0.6,0.0,0.3878266666666666,B,11,202608112011,0,1,0.19999999999999996,0.0,0,5140,B,38.78266666666666,20,1
1-3-2,0,0,2026-08-11,0.19999999999999996,5,0,0.0,0.5,逃げ,0,5頭展開,0.8666666666666667,1.0,0.8,0.8,0.48510666666666674,B,12,202608112112,0,1,0.6,-0.5,0,1850,B,48.51066666666667,21,1
2-4-6,1,1,2026-08-12,0.6,3,0,-1.08,0.2299,差し,0,3まくり,0.5,0.5,0.5,0.5,0.6855,S,01,202608120301,0,1,1.0,0.5,0.1,14800,S,67.57,03,2
5-1-6,0,0,2026-08-12,0.19999999999999996,3,0,1.233,0.8082,まくり差し,0,3まくり,0.6666666666666666,1.0,0.4,0.6,0.43313333333333337,B,05,202608120605,0,1,0.6,-0.5,-0.05,6630,B,44.49633333333334,06,5
3-2-6,1,0,2026-08-12,0.8,3,1,0.443,0.6107,まくり差し,0,3まくり,0.6666666666666666,1.0,0.4,0.6,0.5630333333333335,A,04,202608120704,5880,1,0.4,-0.5,-0.05,5880,A,56.69633333333335,07,3
6-5-3,1,0,2026-08-12,0.6,3,0,1.938,0.9845,まくり差し,0,3まくり,0.8,1.0,0.5,0.6,0.5931500000000001,A,06,202608121306,0,1,0.6,-0.5,-0.05,8990,A,61.20300000000001,13,6
3-1-6,1,0,2026-08-12,0.6,3,1,0.838,0.7094,まくり差し,0,3まくり,0.0,0.0,0.5,0.0,0.56915,A,08,202608121308,960,1,1.0,-0.5,-0.05,960,A,57.70300000000001,13,3
5-1-6,0,0,2026-08-12,0.19999999999999996,3,0,0.702,0.6756,まくり差し,0,3まくり,0.5,0.6,0.5,0.4,0.37415000000000004,B,12,202608121312,0,1,0.4,0.0,-0.21,11240,B,37.907000000000004,13,5
1-4-5,1,1,2026-08-12,0.8,3,0,-0.939,0.2652,逃げ,0,3まくり,0.4666666666666666,0.19999999999999996,1.0,0.19999999999999996,0.6949833333333334,S,05,202608121905,0,1,0.6,-0.5,-0.05,4700,S,68.50933333333334,19,1
3-1-5,1,1,2026-08-12,0.5,3,1,-1.667,0.0832,抜き,0,3まくり,0.6666666666666667,0.8,0.8,0.4,0.7129833333333335,S,09,202608121909,1300,1,1.0,-0.5,-0.05,1300,S,69.58133333333335,19,3
3-1-4,1,1,2026-08-12,1.0,3,1,0.291,0.5726,まくり差し,0,3まくり,0.7333333333333333,0.6,1.0,0.6,0.9151666666666667,S,10,202608122410,3570,1,1.0,0.0,-0.21,3570,S,91.59766666666667,24,3
5-1-2,0,0,2026-08-12,0.4,4,0,1.825,0.9562,恵まれ,0,4カドまくり,0.3333333333333333,0.19999999999999996,0.8,0.0,0.3726666666666667,B,05,202608120105,0,1,0.0,0.0,-0.04,2580,B,39.05166666666668,01,5
4-6-2,1,0,2026-08-12,0.4,4,1,0.254,0.5636,まくり差し,0,4カドまくり,0.7333333333333333,0.6,1.0,0.6,0.6431166666666667,A,09,202608120409,3400,1,0.6,0.0,-0.04,3400,A,64.52566666666667,04,4
2-1-3,1,0,2026-08-12,0.8,4,0,-1.491,0.1272,差し,0,4カドまくり,0.7,0.6,0.5,0.8,0.64405,A,01,202608121301,0,1,0.6,0.0,-0.04,16940,A,62.874,13,2
1-2-6,1,0,2026-08-12,0.5,4,0,-1.546,0.1135,逃げ,0,4カドまくり,0.5,0.6,0.5,0.4,0.5820500000000001,A,02,202608121302,0,1,0.8,0.0,-0.04,9030,A,56.61900000000001,13,1
1-4-6,0,0,2026-08-12,0.6,4,0,-1.338,0.1655,逃げ,0,4カドまくり,0.6666666666666666,0.8,0.19999999999999996,1.0,0.46713333333333334,B,02,202608121602,0,1,0.4,0.0,-0.04,1330,B,45.33533333333333,16,1
1-4-2,1,0,2026-08-12,1.0,4,0,-1.923,0.0192,逃げ,0,4カドまくり,0.3333333333333333,0.19999999999999996,0.6,0.19999999999999996,0.5949166666666666,A,05,202608122105,0,1,0.4,0.0,-0.04,770,A,57.528666666666666,21,1
1-5-6,1,0,2026-08-12,0.19999999999999996,4,0,-1.984,0.0041,逃げ,0,4カドまくり,0.6,0.8,0.8,0.19999999999999996,0.57225,A,06,202608122106,0,1,0.8,0.0,-0.04,9890,A,55.201,21,1
4-1-5,0,0,2026-08-12,0.6,4,1,0.889,0.7223,差し,0,4カドまくり,0.5333333333333333,0.4,0.4,0.8,0.4729166666666667,B,09,202608122109,5290,1,0.4,0.0,-0.04,5290,B,48.140666666666675,21,4
4-3-5,0,0,2026-08-12,0.0,4,1,-1.748,0.0629,まくり差し,0,4カドまくり,0.19999999999999998,0.4,0.19999999999999996,0.0,0.26125,B,04,202608122404,3610,1,0.6,0.0,-0.04,3610,B,24.337,24,4
2-4-3,0,0,2026-08-12,0.0,5,0,0.0,0.5,まくり,0,5頭展開,0.5,0.5,0.5,0.5,0.42169,B,04,202608120304,0,1,0.0,1.0,0,4770,B,42.169000000000004,03,2
1-2-4,0,0,2026-08-12,0.19999999999999996,5,0,0.0,0.5,逃げ,0,5頭展開,0.5,0.5,0.5,0.5,0.53277,B,07,202608120307,0,1,0.19999999999999996,0.0,0,770,B,53.276999999999994,03,1
1-4-6,0,0,2026-08-12,0.8,5,0,0.0,0.5,逃げ,0,5頭展開,0.26666666666666666,0.0,0.8,0.0,0.4095166666666667,B,08,202608120608,0,1,0.4,-0.5,0,4830,B,40.95166666666667,06,1
2-1-3,1,0,2026-08-12,0.6,5,0,0.0,0.5,差し,0,5頭展開,0.6000000000000001,0.8,0.5,0.4,0.56535,A,01,202608121301,0,1,0.0,0.0,0,16940,A,56.535000000000004,13,2
1-2-4,0,0,2026-08-12,0.0,5,0,0.0,0.5,逃げ,0,5頭展開,0.0,0.0,0.5,0.0,0.33611,B,07,202608121307,0,1,0.19999999999999996,0.0,0,660,B,33.611000000000004,13,1
4-3-6,0,0,2026-08-12,0.6,5,0,0.0,0.5,まくり差し,0,5頭展開,0.39999999999999997,0.19999999999999996,0.4,0.6,0.31950999999999996,B,04,202608121604,0,1,0.0,0.0,0,44770,B,31.950999999999997,16,4
1-2-3,1,0,2026-08-12,0.8,5,0,0.0,0.5,逃げ,0,5頭展開,0.4666666666666667,0.4,0.19999999999999996,0.8,0.6215466666666667,A,12,202608122012,0,1,0.0,0.0,0,930,A,62.15466666666667,20,1
1-5-6,1,0,2026-08-12,1.0,5,0,0.0,0.5,逃げ,0,5頭展開,0.4666666666666666,0.19999999999999996,0.19999999999999996,1.0,0.5795866666666666,A,06,202608122106,0,1,0.0,0.0,0,9890,A,57.95866666666666,21,1
3-1-4,0,0,2026-08-13,0.5,3,1,0.544,0.6361,まくり差し,0,3まくり,0.5,0.5,0.5,0.5,0.525,B,02,202608130202,1280,1,0.5,0,-0.21,1280,B,52.833999999999996,02,3
3-4-2,0,0,2026-08-13,0.5,3,1,0.99,0.7475,まくり,1,3まくり,0.5,0.5,0.5,0.5,0.525,B,09,202608130209,3470,1,0.5,0,-0.21,3470,B,53.28,02,3
4-6-1,0,0,2026-08-13,0.5,3,0,0.516,0.6291,まくり,0,3まくり,0.5,0.5,0.5,0.5,0.5175000000000001,B,10,202608130310,0,1,0.5,0,-0.21,24070,B,52.056000000000004,03,4
3-4-5,0,0,2026-08-13,0.5,3,1,0.855,0.7137,まくり,1,3まくり,0.5,0.5,0.5,0.5,0.4828,B,02,202608130602,2750,1,0.5,0,-0.21,2750,B,48.925,06,3
1-4-2,0,0,2026-08-13,0.5,4,0,0.84,0.71,逃げ,0,4カドまくり,0.5,0.5,0.5,0.5,0.507,B,05,202608130205,0,1,0.5,0,-0.04,1440,B,51.50000000000001,02,1
1-2-6,0,0,2026-08-13,0.5,4,0,1.874,0.9685,逃げ,0,4カドまくり,0.5,0.5,0.5,0.5,0.507,B,10,202608130210,0,1,0.5,0,-0.04,8620,B,52.534000000000006,02,1
1-3-2,0,0,2026-08-13,0.5,4,0,-1.114,0.2216,逃げ,0,4カドまくり,0.5,0.5,0.5,0.5,0.5183,B,12,202608130312,0,1,0.5,0,-0.04,1350,B,50.676,03,1
5-6-4,0,0,2026-08-13,0.5,4,0,0.889,0.7223,抜き,0,4カドまくり,0.5,0.5,0.5,0.5,0.4983,B,08,202608130608,0,1,0.5,0,-0.04,22710,B,50.67900000000001,06,5
2-1-4,0,0,2026-08-13,0.5,4,0,-1.201,0.1997,差し,0,4カドまくり,0.5,0.5,0.5,0.5,0.525,B,06,202608130706,0,1,0.5,0,-0.04,960,B,51.259,07,2
5-4-3,0,0,2026-08-13,0.5,5,1,0.0,0.5,まくり差し,1,5頭展開,0.5,0.5,0.5,0.5,0.51115,B,05,202608130105,17270,1,0.5,0,0,17270,B,51.115,01,5
5-4-1,0,0,2026-08-13,0.5,5,1,0.0,0.5,まくり,1,5頭展開,0.5,0.5,0.5,0.5,0.51115,B,08,202608130108,940,1,0.5,0,0,940,B,51.115,01,5
1-4-2,0,0,2026-08-13,0.5,5,0,0.0,0.5,逃げ,0,5頭展開,0.5,0.5,0.5,0.5,0.5138499999999999,B,05,202608130205,0,1,0.5,0,0,1440,B,51.38499999999999,02,1
1-2-6,0,0,2026-08-13,0.5,5,0,0.0,0.5,逃げ,0,5頭展開,0.5,0.5,0.5,0.5,0.5138499999999999,B,10,202608130210,0,1,0.5,0,0,8620,B,51.38499999999999,02,1
3-1-5,0,0,2026-08-13,0.5,5,0,0.0,0.5,差し,0,5頭展開,0.5,0.5,0.5,0.5,0.49815,B,05,202608130305,0,1,0.5,0,0,4860,B,49.815,03,3
1-3-2,0,0,2026-08-13,0.5,5,0,0.0,0.5,逃げ,0,5頭展開,0.5,0.5,0.5,0.5,0.49815,B,12,202608130312,0,1,0.5,0,0,1350,B,49.815,03,1
4-1-5,0,0,2026-08-13,0.5,5,0,0.0,0.5,まくり差し,0,5頭展開,0.5,0.5,0.5,0.5,0.525,B,08,202608130708,0,1,0.5,0,0,1050,B,52.5,07,4
4-5-1,0,0,2026-08-13,0.4,5,0,0.0,0.5,まくり差し,0,5頭展開,0.6,0.4,1.0,0.4,0.42324,B,12,202608130712,0,1,1.0,-0.5,0,39790,B,42.324,07,4
5-1-4,0,0,2026-08-13,0.5,5,1,0.0,0.5,まくり差し,1,5頭展開,0.5,0.5,0.5,0.5,0.49355,B,06,202608131206,6270,1,0.5,0,0,6270,B,49.355,12,5
1-3-5,0,0,2026-08-13,0.19999999999999996,5,0,0.0,0.5,逃げ,0,5頭展開,0.6,0.19999999999999996,0.5,1.0,0.45937000000000006,B,12,202608131212,0,1,0.6,-0.5,0,1040,B,45.937000000000005,12,1
1-2-3,0,0,2026-08-13,0.5,5,0,0.0,0.5,逃げ,0,5頭展開,0.5,0.5,0.5,0.5,0.49844999999999995,B,08,202608131308,0,1,0.5,0,0,1370,B,49.84499999999999,13,1
1-5-2,0,0,2026-08-13,0.5,5,0,0.0,0.5,逃げ,0,5頭展開,0.5,0.5,0.5,0.5,0.4931,B,03,202608131903,0,1,0.5,0,0,1210,B,49.309999999999995,19,1
1-5-3,0,0,2026-08-13,0.5,5,0,0.0,0.5,逃げ,0,5頭展開,0.5,0.5,0.5,0.5,0.4931,B,05,202608131905,0,1,0.5,0,0,2310,B,49.309999999999995,19,1
1-5-2,0,0,2026-08-13,0.5,5,0,0.0,0.5,逃げ,0,5頭展開,0.5,0.5,0.5,0.5,0.47719999999999996,B,02,202608132202,0,1,0.5,0,0,1480,B,47.72,22,1
1-3-2,1,0,2026-08-14,0.6,3,0,0.291,0.5726,逃げ,0,3まくり,0.5,0.5,0.5,0.5,0.6295,A,03,202608140303,0,1,0.8,0.5,0.1,1510,A,63.340999999999994,03,1
1-3-5,0,0,2026-08-14,0.6,3,0,0.291,0.5726,逃げ,0,3まくり,0.6666666666666666,1.0,0.4,0.6,0.4891333333333334,B,01,202608140601,0,1,0.4,-0.5,-0.05,1340,B,49.15433333333334,06,1
6-4-3,1,0,2026-08-14,0.19999999999999996,3,0,0.291,0.5726,まくり差し,0,3まくり,0.8,1.0,0.4,1.0,0.5678000000000001,A,02,202608140602,0,1,1.0,0.0,-0.21,6900,A,56.861000000000004,06,6
1-3-5,0,0,2026-08-14,0.0,3,0,0.291,0.5726,逃げ,0,3まくり,0.8,1.0,0.4,1.0,0.4375,B,05,202608141005,0,1,0.6,-0.5,-0.05,790,B,43.991,10,1
1-4-5,0,0,2026-08-14,0.19999999999999996,3,0,0.291,0.5726,逃げ,0,3まくり,0.6000000000000001,0.8,0.5,0.4,0.39115000000000005,B,05,202608141305,0,1,0.4,-0.5,-0.05,1130,B,39.356,13,1
1-5-3,1,0,2026-08-14,0.6,3,0,0.291,0.5726,逃げ,0,3まくり,0.3,0.0,0.5,0.6,0.6201500000000001,A,08,202608141308,0,1,1.0,0.0,-0.21,2660,A,62.096000000000004,13,1
1-3-4,0,0,2026-08-14,0.5,3,0,-1.735,0.0663,逃げ,0,3まくり,0.3333333333333333,0.19999999999999996,0.4,0.4,0.4003166666666667,B,12,202608141912,0,1,0.4,0.0,-0.21,610,B,38.08666666666667,19,1
3-1-2,0,0,2026-08-14,0.8,3,1,0.291,0.5726,まくり,1,3まくり,0.26666666666666666,0.4,0.0,0.4,0.2798333333333334,B,08,202608142408,2780,1,0.0,0.0,-0.21,2780,B,28.064333333333337,24,3
4-1-3,0,0,2026-08-14,0.8,4,1,-1.201,0.1997,まくり差し,0,4カドまくり,0.7,0.6,0.5,0.8,0.54015,B,10,202608141210,3140,1,0.19999999999999996,-0.5,-1.19,3140,B,51.624,12,4
2-4-3,0,0,2026-08-14,0.5,4,0,0.047,0.5116,まくり,0,4カドまくり,0.4,0.4,0.5,0.4,0.50905,B,02,202608141302,0,1,0.6,0.0,-0.04,13880,B,50.912,13,2
1-2-4,1,0,2026-08-14,0.6,4,0,1.513,0.8782,逃げ,0,4カドまくり,0.09999999999999998,0.0,0.5,0.19999999999999996,0.54205,B,07,202608141307,0,1,0.8,0.0,-0.04,700,A,55.678000000000004,13,1
4-2-1,0,0,2026-08-14,0.19999999999999996,5,0,0.0,0.5,まくり,0,5頭展開,0.5,0.5,0.5,0.5,0.45977,B,06,202608140306,0,1,0.6,0.5,0,3230,B,45.977000000000004,03,4
1-2-6,0,0,2026-08-14,0.19999999999999996,5,0,0.0,0.5,逃げ,0,5頭展開,0.6,0.8,0.4,0.6,0.49272000000000005,B,12,202608140712,0,1,0.8,0.0,0,3810,B,49.272000000000006,07,1
1-2-3,0,0,2026-08-14,0.0,5,0,0.0,0.5,逃げ,0,5頭展開,0.5,0.5,0.5,0.5,0.30773,B,12,202608140812,0,1,0.4,0.0,0,450,B,30.773,08,1
4-1-3,1,0,2026-08-14,0.4,5,0,0.0,0.5,まくり差し,0,5頭展開,0.9,0.8,0.5,1.0,0.62041,A,10,202608141210,0,1,0.6,-0.5,0,3140,A,62.041000000000004,12,4
2-4-3,0,0,2026-08-14,0.5,5,0,0.0,0.5,まくり,0,5頭展開,0.5,0.8,0.5,0.19999999999999996,0.50079,B,02,202608141302,0,1,0.4,0.0,0,13880,B,50.07899999999999,13,2
1-2-3,0,0,2026-08-14,0.6,5,0,0.0,0.5,逃げ,0,5頭展開,0.0,0.0,0.5,0.0,0.37255000000000005,B,04,202608141304,0,1,0.4,0.0,0,900,B,37.255,13,1
1-3-5,0,0,2026-08-14,0.6,5,0,0.0,0.5,逃げ,0,5頭展開,0.6,0.6,0.6,0.6,0.4350800000000001,B,04,202608142204,0,1,0.8,0.0,0,1670,B,43.50800000000001,22,1
3-1-2,0,0,2026-08-14,0.19999999999999996,5,0,0.0,0.5,まくり差し,0,5頭展開,0.39999999999999997,0.6,0.4,0.19999999999999996,0.52779,B,12,202608142312,0,1,0.4,0.0,0,7190,B,52.778999999999996,23,3
1-3-5,1,1,2026-08-15,1.0,3,0,1.408,0.8519,抜き,0,3まくり,0.4666666666666667,0.4,1.0,0.0,0.7230333333333333,S,06,202608150506,0,1,0.4,0.0,-0.21,1420,S,73.50133333333333,05,1
3-5-2,1,0,2026-08-15,1.0,3,1,0.291,0.5726,まくり,1,3まくり,0.4666666666666667,1.0,0.0,0.4,0.5590333333333334,A,09,202608150509,46720,1,0.6,0.0,-0.21,46720,A,55.98433333333333,05,3
1-4-6,0,0,2026-08-15,0.4,3,0,0.561,0.6403,逃げ,0,3まくり,0.6,1.0,0.0,0.8,0.48350000000000004,B,07,202608151007,0,1,0.8,-0.5,-0.05,2910,B,48.861000000000004,10,1
4-1-6,0,0,2026-08-15,0.19999999999999996,3,0,0.702,0.6756,まくり差し,0,3まくり,0.6666666666666666,0.8,0.6,0.6,0.5311833333333335,B,06,202608151706,0,1,0.8,0.0,-0.21,1890,B,53.610333333333344,17,4
1-2-3,1,0,2026-08-15,0.0,3,0,-1.364,0.159,逃げ,0,3まくり差し,0.5333333333333333,0.4,0.19999999999999996,1.0,0.6030000000000001,A,05,202608152405,0,2,0.8,0.0,-0.05,2450,A,58.88600000000002,24,1
6-1-3,0,0,2026-08-15,0.19999999999999996,4,0,-1.097,0.2257,恵まれ,0,4カドまくり,0.06666666666666665,0.0,0.19999999999999996,0.0,0.1953333333333333,B,12,202608150112,0,1,0.19999999999999996,-0.5,-1.19,51870,B,17.24633333333333,01,6
5-4-1,1,1,2026-08-15,1.0,4,0,0.862,0.7155,抜き,0,4カドまくり,0.5,0.5,0.5,0.5,0.7983,S,02,202608150302,0,1,1.0,1.0,0.59,13990,S,81.282,03,5
1-3-5,0,0,2026-08-15,0.5,4,0,1.688,0.922,逃げ,0,4カドまくり,0.0,0.0,0.5,0.0,0.32445,B,04,202608151804,0,1,0.19999999999999996,0.0,-0.04,1990,B,34.093,18,1
1-2-4,0,0,2026-08-15,0.4,5,0,0.0,0.5,抜き,0,5頭展開,0.39999999999999997,0.19999999999999996,0.6,0.4,0.43712000000000006,B,11,202608150911,0,1,1.0,0.0,0,440,B,43.712,09,1
1-4-2,0,0,2026-08-15,0.6,5,0,0.0,0.5,逃げ,0,5頭展開,0.8,1.0,0.6,0.8,0.54769,B,08,202608151108,0,1,0.8,0.0,0,1240,B,54.769,11,1
2-3-5,1,1,2026-08-15,0.4,5,0,0.0,0.5,抜き,0,5頭展開,0.9333333333333333,1.0,0.8,1.0,0.6838033333333334,S,04,202608151704,0,1,0.8,-0.5,0,3230,S,68.38033333333334,17,2
1-2-6,0,0,2026-08-15,0.0,5,0,0.0,0.5,逃げ,0,5頭展開,0.13333333333333333,0.0,0.0,0.4,0.23143333333333335,B,03,202608151903,0,1,0.4,-0.5,0,1000,B,23.143333333333334,19,1
5-6-3,0,0,2026-08-15,0.8,5,1,0.0,0.5,まくり差し,1,5頭展開,0.5333333333333333,0.4,0.6,0.6,0.35781333333333337,B,12,202608152112,85570,1,0.19999999999999996,0.0,0,85570,B,35.781333333333336,21,5
2-5-1,0,0,2026-08-16,1.0,3,0,-0.561,0.3597,差し,0,3まくり,0.19999999999999998,0.4,0.0,0.19999999999999996,0.47600000000000003,B,03,202608160403,0,1,0.4,0.0,-0.21,7910,B,46.829,04,2
4-6-1,0,0,2026-08-16,0.0,3,0,0.415,0.6037,抜き,0,3まくり,0.26666666666666666,0.6,0.0,0.19999999999999996,0.28558333333333336,B,03,202608160903,0,1,0.8,0.5,0.1,43550,B,29.073333333333338,09,4
5-6-2,0,0,2026-08-16,0.19999999999999996,3,0,-1.306,0.1735,差し,0,3まくり,0.26666666666666666,0.19999999999999996,0.4,0.19999999999999996,0.43263333333333337,B,02,202608161102,0,1,0.8,0.0,-0.21,61650,B,41.74733333333334,11,5
1-5-4,0,0,2026-08-16,0.0,3,0,-1.989,0.0028,逃げ,0,3まくり,0.39999999999999997,0.6,0.5,0.19999999999999996,0.42700000000000005,B,06,202608161806,0,1,0.8,0.0,-0.21,4210,B,40.501000000000005,18,1
4-3-1,1,0,2026-08-16,0.6,4,1,-0.676,0.3311,差し,0,4カドまくり,0.8666666666666667,1.0,0.6,1.0,0.5913333333333334,A,02,202608160202,4150,1,0.4,0.0,-0.04,4150,A,58.41733333333334,02,4
3-2-4,0,0,2026-08-16,0.4,4,0,-1.338,0.1655,まくり,0,4カドまくり,0.5333333333333333,0.8,0.19999999999999996,0.6,0.5451166666666666,B,04,202608160404,0,1,1.0,0.0,-0.04,7540,B,53.133666666666656,04,3
2-4-6,1,1,2026-08-16,0.8,4,0,1.584,0.896,抜き,0,4カドまくり,0.7333333333333333,0.6,1.0,0.6,0.8779166666666667,S,04,202608160904,0,1,1.0,0.0,-0.04,1580,S,89.33566666666667,09,2
1-2-4,1,0,2026-08-16,0.4,4,0,1.234,0.8085,逃げ,0,4カドまくり,1.0,1.0,1.0,1.0,0.6274500000000001,A,01,202608161001,0,1,0.4,-0.5,-1.19,400,A,62.78900000000001,10,1
2-4-5,0,0,2026-08-16,0.0,4,0,0.047,0.5116,差し,0,4カドまくり,0.7333333333333334,0.8,0.6,0.8,0.5126666666666667,B,11,202608161411,0,1,0.8,0.0,-0.04,13970,B,51.27366666666667,14,2
4-5-6,0,0,2026-08-16,0.19999999999999996,5,0,0.0,0.5,まくり,0,5頭展開,0.5333333333333333,0.6,0.6,0.4,0.42890333333333336,B,12,202608160212,0,1,0.4,0.0,0,10580,B,42.89033333333334,02,4
3-2-4,0,0,2026-08-16,0.0,5,0,0.0,0.5,まくり,0,5頭展開,0.3333333333333333,0.6,0.0,0.4,0.5018433333333334,B,04,202608160404,0,1,0.8,0.0,0,7540,B,50.18433333333334,04,3
1-4-3,1,1,2026-08-16,1.0,5,0,0.0,0.5,逃げ,0,5頭展開,0.6666666666666667,0.8,0.4,0.8,0.8106566666666667,S,09,202608160409,0,1,0.8,0.0,0,1540,S,81.06566666666667,04,1
1-2-3,0,0,2026-08-16,0.0,5,0,0.0,0.5,逃げ,0,5頭展開,0.3333333333333333,0.0,1.0,0.0,0.25509333333333334,B,11,202608160911,0,1,0.4,0.0,0,2730,B,25.509333333333334,09,1
1-5-2,0,0,2026-08-16,1.0,5,0,0.0,0.5,逃げ,0,5頭展開,0.39999999999999997,0.19999999999999996,0.8,0.19999999999999996,0.47225000000000006,B,10,202608161110,0,1,1.0,0.0,0,1380,B,47.22500000000001,11,1
1-4-3,1,0,2026-08-16,0.8,5,0,0.0,0.5,逃げ,0,5頭展開,0.4,0.4,0.0,0.8,0.5680900000000001,A,11,202608161111,0,1,0.8,0.5,0,850,A,56.80900000000001,11,1
1-3-6,1,0,2026-08-16,0.8,5,0,0.0,0.5,逃げ,0,5頭展開,0.3,0.19999999999999996,0.5,0.4,0.5789,A,12,202608161812,0,1,0.0,-0.5,0,3970,A,57.89,18,1
3-2-4,0,0,2026-08-16,0.5,5,0,0.0,0.5,まくり,0,5頭展開,0.19999999999999998,0.19999999999999996,0.4,0.0,0.35242,B,10,202608161910,0,1,0.4,-0.5,0,6770,B,35.242000000000004,19,3
1-4-5,1,0,2026-08-16,0.8,5,0,0.0,0.5,逃げ,0,5頭展開,0.9333333333333333,1.0,0.8,1.0,0.5676933333333334,A,04,202608162204,0,1,0.4,0.0,0,770,A,56.769333333333336,22,1
2-1-5,0,0,2026-08-16,0.4,5,0,0.0,0.5,差し,0,5頭展開,0.5333333333333333,0.8,0.19999999999999996,0.6,0.5286433333333334,B,09,202608162409,0,1,1.0,0.0,0,2670,B,52.864333333333335,24,2
3-2-5,0,0,2026-08-17,0.0,3,1,-0.815,0.2962,抜き,0,3まくり,0.4666666666666666,0.19999999999999996,0.19999999999999996,1.0,0.3973333333333333,B,09,202608170209,10300,1,0.8,0.0,-0.21,10300,B,38.708333333333336,02,3
3-4-1,0,0,2026-08-17,0.6,3,1,-1.656,0.086,まくり差し,0,3まくり,0.26666666666666666,0.0,0.6,0.19999999999999996,0.4330333333333333,B,07,202608170507,2680,1,0.19999999999999996,0.0,-0.21,2680,B,41.437333333333335,05,3
2-4-1,1,0,2026-08-17,0.4,4,0,-1.524,0.119,差し,0,4カドまくり,0.3,0.19999999999999996,0.5,0.4,0.5841500000000001,A,08,202608171208,0,1,1.0,-0.5,-1.19,9690,A,55.70100000000001,12,2
1-2-6,1,0,2026-08-17,1.0,4,0,0.047,0.5116,逃げ,0,4カドまくり,0.7333333333333334,0.8,0.6,0.8,0.6602166666666667,A,05,202608172005,0,1,0.4,0.0,-0.04,2240,A,66.02866666666665,20,1
3-4-5,1,0,2026-08-17,0.6,5,0,0.0,0.5,まくり差し,0,5頭展開,0.5333333333333333,0.8,0.0,0.8,0.5576633333333334,A,11,202608170211,0,1,0.6,0.0,0,15090,A,55.76633333333334,02,3
4-1-6,1,0,2026-08-17,0.8,5,0,0.0,0.5,まくり,0,5頭展開,0.4666666666666667,0.6,0.0,0.8,0.5933966666666668,A,12,202608170512,0,1,0.8,0.0,0,2290,A,59.33966666666668,05,4
2-3-6,0,0,2026-08-17,1.0,5,0,0.0,0.5,まくり,0,5頭展開,0.5333333333333333,0.6,0.6,0.4,0.48401333333333335,B,02,202608170902,0,1,0.19999999999999996,0.0,0,18950,B,48.40133333333333,09,2
4-5-2,0,0,2026-08-17,0.8,5,0,0.0,0.5,まくり,0,5頭展開,0.4,0.4,0.8,0.0,0.53812,B,07,202608170907,0,1,0.6,0.5,0,840,B,53.812000000000005,09,4
2-4-1,1,0,2026-08-17,0.8,5,0,0.0,0.5,差し,0,5頭展開,0.6,0.6,0.5,0.6,0.60837,A,08,202608171208,0,1,0.4,-0.5,0,9690,A,60.836999999999996,12,2
1-2-3,0,0,2026-08-17,0.19999999999999996,5,0,0.0,0.5,逃げ,0,5頭展開,0.5,0.4,0.5,0.6,0.45049,B,12,202608171212,0,1,0.8,-0.5,0,940,B,45.049,12,1
2-1-3,0,0,2026-08-17,0.6,5,0,0.0,0.5,差し,0,5頭展開,0.5333333333333333,0.19999999999999996,0.6,0.8,0.46132333333333336,B,12,202608171512,0,1,0.4,0.0,0,6300,B,46.132333333333335,15,2
2-1-4,0,0,2026-08-18,0.19999999999999996,3,0,0.48,0.6199,差し,0,3まくり差し,0.8666666666666667,1.0,1.0,0.6,0.4805,B,01,202608180501,0,2,0.0,-0.5,-0.23,6460,B,48.3,05,2
5-1-6,1,0,2026-08-18,0.0,3,0,0.889,0.7221,抜き,0,3まくり,0.7333333333333334,0.4,0.8,1.0,0.6123666666666667,A,06,202608180506,0,1,1.0,0.0,-0.21,8020,A,61.915666666666674,05,5
1-2-3,0,0,2026-08-18,0.6,3,0,0.381,0.5952,逃げ,0,3まくり,0.39999999999999997,0.6,0.0,0.6,0.37970000000000004,B,07,202608180507,0,1,0.4,0.0,-0.21,1730,B,38.141000000000005,05,1
3-2-5,0,0,2026-08-18,0.6,3,1,-1.375,0.1562,差し,0,3まくり差し,0.5333333333333333,0.6,0.4,0.6,0.50575,B,01,202608181101,4080,2,0.19999999999999996,-0.5,-0.23,4080,B,48.970000000000006,11,3
3-5-4,0,0,2026-08-18,0.0,3,1,1.097,0.7743,まくり,1,3まくり,0.7333333333333334,0.8,0.8,0.6,0.4319666666666667,B,03,202608181103,2260,1,0.4,0.5,0.1,2260,B,44.393666666666675,11,3
6-5-1,0,0,2026-08-18,0.4,3,0,1.047,0.7616,まくり差し,0,3まくり,0.5,0.6,0.5,0.4,0.43015000000000003,B,07,202608181307,0,1,0.4,0.0,-0.21,6970,B,43.852,13,6
1-3-2,1,0,2026-08-18,0.6,3,0,-1.622,0.0945,逃げ,0,3まくり,0.6,0.6,0.5,0.6,0.67115,S,09,202608181309,0,1,1.0,-0.5,-0.05,2540,A,65.44300000000001,13,1
3-1-6,0,0,2026-08-18,0.0,3,1,-1.374,0.1566,まくり,1,3まくり,0.8,1.0,0.6,0.8,0.2808,B,07,202608181507,830,1,0.0,0.0,-0.21,830,B,26.496,15,3
3-1-6,1,0,2026-08-18,0.8,3,1,0.291,0.5726,まくり,1,3まくり,0.8,0.8,0.8,0.8,0.6515500000000001,A,06,202608181606,1260,1,0.4,0.0,-0.21,1260,A,65.236,16,3
6-3-2,0,0,2026-08-18,0.0,3,0,1.267,0.8166,まくり差し,0,3まくり,0.4,0.4,0.0,0.8,0.35155000000000003,B,08,202608181608,0,1,1.0,-0.5,-0.05,6710,B,36.37200000000001,16,6
3-1-6,1,1,2026-08-18,1.0,3,1,1.865,0.9661,まくり,1,3まくり,0.7333333333333334,1.0,0.4,0.8,0.6784166666666668,S,01,202608182001,680,1,0.6,0.0,-0.21,680,S,69.49666666666668,20,3
1-2-4,1,0,2026-08-18,1.0,4,0,0.698,0.6744,逃げ,0,4カドまくり,0.6,1.0,0.19999999999999996,0.6,0.5571,A,05,202608181105,0,1,0.4,0.0,-0.04,820,A,56.368,11,1
1-4-5,0,0,2026-08-18,0.19999999999999996,4,0,-1.092,0.2271,逃げ,0,4カドまくり,0.6000000000000001,0.4,0.5,0.8,0.46715000000000007,B,04,202608181204,0,1,0.6,-0.5,-1.19,1710,B,44.43300000000001,12,1
4-6-1,1,1,2026-08-18,0.6,4,1,1.601,0.9001,まくり,1,4カドまくり,0.7,0.8,0.5,0.6,0.7000500000000001,S,12,202608181312,2310,1,1.0,0.5,3.0,2310,S,74.60600000000001,13,4
1-4-5,1,0,2026-08-18,1.0,5,0,0.0,0.5,逃げ,0,5頭展開,0.5,0.6,0.5,0.4,0.5751700000000001,A,04,202608181204,0,1,1.0,0.5,0,1710,A,57.51700000000001,12,1
1-6-4,0,0,2026-08-18,0.6,5,0,0.0,0.5,逃げ,0,5頭展開,0.26666666666666666,0.0,0.8,0.0,0.37666666666666665,B,06,202608182006,0,1,0.8,0.0,0,5060,B,37.666666666666664,20,1
1-5-6,0,0,2026-08-18,0.4,5,0,0.0,0.5,逃げ,0,5頭展開,0.5333333333333333,0.4,0.4,0.8,0.28237333333333337,B,10,202608182010,0,1,0.0,0.0,0,1610,B,28.237333333333336,20,1
1-4-5,1,0,2026-08-18,1.0,5,0,0.0,0.5,逃げ,0,5頭展開,0.7333333333333334,0.8,0.6,0.8,0.5655333333333332,A,11,202608182011,0,1,0.6,0.0,0,1170,A,56.55333333333332,20,1
4-2-5,1,1,2026-08-19,0.8,3,0,1.329,0.8322,差し,0,3まくり,0.6,1.0,0.8,0.0,0.7017,S,09,202608190509,0,1,0.6,-0.5,-0.05,40070,S,71.449,05,4
1-6-5,1,0,2026-08-19,1.0,3,0,0.922,0.7306,逃げ,0,3まくり,0.8,0.8,1.0,0.6,0.65225,A,09,202608190909,0,1,0.0,0.0,-0.21,2000,A,65.937,09,1
1-2-5,1,0,2026-08-19,0.8,3,0,1.238,0.8096,逃げ,0,3まくり,0.26666666666666666,0.0,0.8,0.0,0.6028333333333334,A,08,202608191008,0,1,0.4,0.0,-0.21,1220,A,61.311333333333344,10,1
1-3-6,1,0,2026-08-19,1.0,3,0,1.684,0.921,逃げ,0,3まくり,0.4666666666666667,0.6,0.0,0.8,0.6026333333333334,A,05,202608191105,0,1,0.8,0.0,-0.21,480,A,61.73733333333333,11,1
3-6-1,1,1,2026-08-19,0.6,3,1,1.836,0.9591,まくり,1,3まくり,0.8,0.8,0.5,0.8,0.70515,S,02,202608191302,3380,1,1.0,0.5,0.1,3380,S,72.451,13,3
3-4-5,0,0,2026-08-19,0.5,3,1,-0.601,0.3498,差し,0,3まくり,0.4666666666666667,0.6,0.4,0.4,0.5441333333333335,B,03,202608191503,1980,1,0.8,0.0,-0.21,1980,B,53.60233333333335,15,3
3-1-6,0,0,2026-08-19,0.0,3,1,-1.898,0.0254,まくり,1,3まくり,0.19999999999999996,0.19999999999999996,0.5,0.19999999999999996,0.22499999999999998,B,05,202608191805,870,1,0.19999999999999996,-0.5,-0.05,870,B,20.551999999999996,18,3
1-3-5,1,1,2026-08-19,0.8,3,0,1.176,0.7941,逃げ,0,3まくり,0.7333333333333334,1.0,0.4,0.8,0.6784166666666668,S,07,202608192007,0,1,0.8,0.0,-0.21,810,S,68.80766666666669,20,1
4-5-2,0,0,2026-08-19,0.6,4,1,1.748,0.9371,恵まれ,0,4カドまくり,0.4666666666666666,0.6,0.19999999999999996,0.6,0.30478333333333335,B,04,202608191004,700,1,0.0,0.0,-0.04,700,B,32.18633333333334,10,4
1-2-4,1,0,2026-08-19,0.6,4,0,-1.157,0.2107,逃げ,0,4カドまくり,0.5333333333333333,0.6,0.4,0.6,0.5841166666666666,A,07,202608191007,0,1,0.8,-0.5,-1.19,910,A,56.06466666666667,10,1
4-2-1,0,0,2026-08-19,0.4,4,1,-1.332,0.1669,まくり,1,4カドまくり,0.0,0.0,0.0,0.0,0.13110000000000002,B,03,202608191103,7200,1,0.0,0.5,3.0,7200,B,14.778000000000002,11,4
1-5-4,0,0,2026-08-19,0.8,4,0,-1.174,0.2066,逃げ,0,4カドまくり,0.4666666666666666,1.0,0.19999999999999996,0.19999999999999996,0.4784333333333334,B,04,202608191104,0,1,0.4,0.0,-0.04,2740,B,46.62933333333334,11,1
1-4-3,1,1,2026-08-19,0.8,4,0,1.956,0.9891,逃げ,0,4カドまくり,1.0,1.0,0.5,1.0,0.7510500000000001,S,06,202608191306,0,1,0.8,0.0,-0.04,2100,S,77.021,13,1
1-3-4,0,0,2026-08-19,0.19999999999999996,4,0,0.468,0.617,逃げ,0,4カドまくり,0.6000000000000001,0.8,0.5,0.4,0.51505,B,11,202608191311,0,1,0.8,0.0,-0.04,2490,B,51.93300000000001,13,1
1-2-6,0,0,2026-08-19,0.19999999999999996,4,0,0.047,0.5116,逃げ,0,4カドまくり,0.8,1.0,0.6,0.8,0.39125,B,01,202608191901,0,1,0.19999999999999996,0.0,-0.04,6990,B,39.132,19,1
4-5-6,0,0,2026-08-19,0.4,5,0,0.0,0.5,まくり,0,5頭展開,0.6,0.6,0.6,0.6,0.49861000000000005,B,05,202608190505,0,1,0.8,0.0,0,2890,B,49.861000000000004,05,4
1-2-4,0,0,2026-08-19,1.0,5,0,0.0,0.5,逃げ,0,5頭展開,0.4,0.4,0.8,0.0,0.51848,B,06,202608190906,0,1,0.8,0.0,0,680,B,51.848000000000006,09,1
4-5-2,0,0,2026-08-19,1.0,5,0,0.0,0.5,恵まれ,0,5頭展開,0.7333333333333334,0.8,1.0,0.4,0.5308633333333334,B,04,202608191004,0,1,0.8,2.0,0,700,B,53.086333333333336,10,4
1-5-4,0,0,2026-08-19,0.6,5,0,0.0,0.5,逃げ,0,5頭展開,0.5333333333333333,0.4,0.6,0.6,0.48958333333333337,B,04,202608191104,0,1,0.19999999999999996,-0.5,0,2740,B,48.958333333333336,11,1
1-4-3,0,0,2026-08-19,0.5,5,0,0.0,0.5,逃げ,0,5頭展開,0.6666666666666666,0.8,0.6,0.6,0.48825666666666667,B,02,202608191502,0,1,1.0,0.0,0,18160,B,48.82566666666667,15,1
5-1-4,1,1,2026-08-19,0.8,5,1,0.0,0.5,抜き,1,5頭展開,0.39999999999999997,0.19999999999999996,0.5,0.6,0.67102,S,02,202608191802,3300,1,0.8,0.0,0,3300,S,67.10199999999999,18,5
1-2-4,0,0,2026-08-19,0.4,5,0,0.0,0.5,逃げ,0,5頭展開,0.0,0.0,0.0,0.0,0.36410000000000003,B,05,202608191905,0,1,0.4,0.0,0,710,B,36.410000000000004,19,1
3-4-5,0,0,2026-08-19,0.0,5,0,0.0,0.5,まくり,0,5頭展開,0.6666666666666666,0.6,0.4,1.0,0.4386666666666667,B,03,202608192003,0,1,0.0,-0.5,0,4860,B,43.86666666666667,20,3
1-3-5,1,1,2026-08-20,0.8,3,0,-1.205,0.1989,逃げ,0,3まくり,0.6,0.6,0.6,0.6,0.7573,S,05,202608201105,0,1,1.0,-0.5,-0.05,450,S,74.47500000000001,11,1
3-5-2,1,0,2026-08-20,0.6,3,1,1.774,0.9436,まくり差し,0,3まくり,0.4,0.4,0.5,0.4,0.6371500000000001,A,01,202608201301,1610,2,1.0,0.0,-0.21,1610,A,65.27900000000001,13,3
3-4-2,0,0,2026-08-20,0.8,3,1,-0.663,0.3343,まくり,1,3まくり,0.26666666666666666,0.0,0.6,0.19999999999999996,0.46088333333333337,B,08,202608201608,6850,1,0.19999999999999996,-0.5,-0.05,6850,B,45.375333333333344,16,3
3-2-4,1,0,2026-08-20,1.0,3,1,-0.855,0.2863,差し,0,3まくり,0.26666666666666666,0.0,0.8,0.0,0.5608833333333334,A,09,202608201609,13640,1,0.19999999999999996,-0.5,-0.05,13640,A,55.183333333333344,16,3
1-3-6,0,0,2026-08-20,0.4,3,0,-1.707,0.0733,逃げ,0,3まくり,0.26666666666666666,0.0,0.19999999999999996,0.6,0.2609833333333333,B,02,202608201902,0,1,0.19999999999999996,0.0,-0.21,1290,B,24.181333333333328,19,1
3-1-6,0,0,2026-08-20,0.4,3,1,0.291,0.5726,逃げ,0,3まくり,0.6666666666666666,1.0,0.8,0.19999999999999996,0.47673333333333334,B,07,202608202307,1540,1,0.19999999999999996,-0.5,-0.05,1540,B,47.91433333333333,23,3
3-4-6,0,0,2026-08-20,0.8,3,1,-1.338,0.1656,差し,0,3まくり差し,0.39999999999999997,0.0,0.6,0.6,0.503,B,02,202608202402,350,1,0.6,0.0,-0.05,350,B,48.912,24,3
4-1-5,1,0,2026-08-20,0.4,4,1,0.047,0.5116,まくり,1,4カドまくり,1.0,1.0,1.0,1.0,0.6324500000000001,A,08,202608200408,1820,1,0.4,-0.5,-1.19,1820,A,62.102000000000004,04,4
1-3-4,0,0,2026-08-20,0.0,4,0,-0.856,0.2859,逃げ,0,4カドまくり,0.4666666666666667,0.4,0.19999999999999996,0.8,0.25443333333333334,B,06,202608201106,0,1,0.4,-0.5,-1.19,1050,B,23.397333333333332,11,1
1-4-2,0,0,2026-08-20,0.4,4,0,1.415,0.8536,逃げ,0,4カドまくり,0.39999999999999997,0.6,0.5,0.19999999999999996,0.31305000000000005,B,07,202608201307,0,1,0.0,0.0,-0.04,420,B,32.68000000000001,13,1
5-1-2,1,0,2026-08-20,0.4,4,0,1.852,0.9631,まくり,0,4カドまくり,0.6666666666666666,0.8,0.6,0.6,0.6111333333333335,A,04,202608201604,0,1,0.8,0.0,-0.04,5360,A,62.92533333333335,16,5
2-1-4,1,1,2026-08-20,1.0,4,0,1.912,0.9781,差し,0,4カドまくり,0.8666666666666667,0.6,1.0,1.0,0.9388833333333333,S,05,202608202005,0,1,1.0,0.0,-0.04,1740,S,95.76033333333334,20,2
5-6-2,1,0,2026-08-20,1.0,4,0,0.047,0.5116,まくり,0,4カドまくり,0.8,1.0,1.0,0.4,0.6439,A,11,202608202311,0,1,0.0,0.0,-0.04,95740,A,64.39699999999999,23,5
2-1-3,0,0,2026-08-20,0.19999999999999996,5,0,0.0,0.5,差し,0,5頭展開,0.39999999999999997,0.4,0.6,0.19999999999999996,0.4339200000000001,B,12,202608200912,0,1,0.6,0.0,0,5260,B,43.39200000000001,09,2
3-5-1,0,0,2026-08-20,0.0,5,0,0.0,0.5,まくり,0,5頭展開,0.6666666666666667,0.8,0.8,0.4,0.5433166666666667,B,10,202608201110,0,1,0.19999999999999996,0.0,0,106480,B,54.33166666666666,11,3
4-6-5,0,0,2026-08-20,0.0,5,0,0.0,0.5,まくり,0,5頭展開,0.4,0.4,0.5,0.4,0.38483,B,05,202608201305,0,1,0.6,0.0,0,5220,B,38.483000000000004,13,4
1-2-4,0,0,2026-08-20,0.19999999999999996,5,0,0.0,0.5,逃げ,0,5頭展開,0.3333333333333333,0.6,0.0,0.4,0.37308333333333327,B,12,202608201612,0,1,0.6,-0.5,0,650,B,37.30833333333333,16,1
1-2-5,1,0,2026-08-20,1.0,5,0,0.0,0.5,逃げ,0,5頭展開,0.6,0.6,0.5,0.6,0.5669,A,03,202608201803,0,1,1.0,0.0,0,630,A,56.69,18,1
1-2-4,0,0,2026-08-20,0.4,5,0,0.0,0.5,逃げ,0,5頭展開,0.39999999999999997,0.4,0.19999999999999996,0.6,0.45810000000000006,B,06,202608201906,0,1,0.8,0.5,0,1180,B,45.81000000000001,19,1
1-2-3,0,0,2026-08-20,0.0,5,0,0.0,0.5,逃げ,0,5頭展開,0.06666666666666665,0.19999999999999996,0.0,0.0,0.23202666666666666,B,12,202608202012,0,1,0.6,0.0,0,3130,B,23.202666666666666,20,1
3-4-5,1,0,2026-08-21,0.4,3,1,0.291,0.5726,まくり,1,3まくり,0.4,0.4,0.8,0.0,0.5878000000000001,A,05,202608210605,1180,1,0.8,0.0,-0.21,1180,A,58.861000000000004,06,3
1-3-4,0,0,2026-08-21,0.4,3,0,0.291,0.5726,逃げ,0,3まくり,0.4,0.4,0.0,0.8,0.37370000000000003,B,07,202608210707,0,1,0.6,0.0,-0.21,430,B,37.451,07,1
3-1-2,1,1,2026-08-21,0.4,3,1,1.08,0.7701,まくり差し,0,3まくり,0.9,0.8,0.5,1.0,0.66615,A,01,202608211301,2150,1,1.0,-0.5,-0.05,2150,S,67.64500000000001,13,3
1-4-3,1,1,2026-08-21,1.0,3,0,-1.295,0.1763,逃げ,0,3まくり,0.5333333333333333,0.6,0.4,0.6,0.7020666666666666,S,03,202608212303,0,1,0.8,0.0,-0.21,2440,S,68.70166666666667,23,1
3-1-4,1,1,2026-08-21,1.0,3,1,1.227,0.8068,まくり,1,3まくり,0.7333333333333334,0.8,0.8,0.6,0.8800666666666668,S,10,202608212310,1630,1,1.0,-0.5,-0.05,1630,S,89.18366666666668,23,3
3-4-2,0,0,2026-08-21,0.19999999999999996,3,1,0.476,0.619,差し,0,3まくり差し,0.19999999999999996,0.19999999999999996,0.19999999999999996,0.19999999999999996,0.21499999999999997,B,09,202608212409,1700,1,0.19999999999999996,0.0,-0.05,1700,B,21.925999999999995,24,3
6-3-4,1,0,2026-08-21,1.0,4,0,-1.278,0.1806,まくり,0,4カドまくり,0.8,1.0,0.4,1.0,0.5920000000000001,A,05,202608210205,0,1,0.19999999999999996,0.0,-0.04,11990,A,57.88200000000001,02,6
5-2-4,0,0,2026-08-21,0.8,4,0,0.047,0.5116,まくり差し,0,4カドまくり,0.4,0.8,0.0,0.4,0.42730000000000007,B,08,202608210608,0,1,0.4,0.0,-0.04,25850,B,42.737,06,5
4-6-1,1,1,2026-08-21,1.0,4,1,0.047,0.5116,まくり,1,4カドまくり,0.4666666666666667,0.6,0.8,0.0,0.8093333333333335,S,06,202608210706,1770,1,0.8,0.5,3.0,1770,S,83.98033333333335,07,4
1-2-5,0,0,2026-08-21,0.0,4,0,-1.343,0.1642,逃げ,0,4カドまくり,0.3333333333333333,0.4,0.0,0.6,0.3104666666666667,B,01,202608211601,0,1,0.8,-0.5,-1.19,13840,B,28.513666666666673,16,1
3-6-5,1,0,2026-08-21,0.8,4,0,1.196,0.7989,まくり,0,4カドまくり,0.13333333333333333,0.0,0.4,0.0,0.6289166666666667,A,06,202608212106,0,1,1.0,0.0,-0.04,14490,A,64.04766666666666,21,3
1-6-2,0,0,2026-08-21,0.0,5,0,0.0,0.5,逃げ,0,5頭展開,0.3333333333333333,0.6,0.19999999999999996,0.19999999999999996,0.4274233333333333,B,11,202608210211,0,1,0.4,0.0,0,1890,B,42.742333333333335,02,1
5-3-1,0,0,2026-08-21,0.6,5,1,0.0,0.5,まくり差し,1,5頭展開,0.5,0.5,0.5,0.5,0.5382100000000001,B,10,202608210310,17490,1,0.6,1.5,0,17490,B,53.821000000000005,03,5
4-3-5,0,0,2026-08-21,0.6,5,0,0.0,0.5,まくり,0,5頭展開,0.4,0.4,0.5,0.4,0.45202999999999993,B,11,202608211311,0,1,0.0,-0.5,0,70070,B,45.202999999999996,13,4
3-6-5,1,0,2026-08-21,0.0,5,0,0.0,0.5,まくり,0,5頭展開,0.6666666666666666,0.6,0.6,0.8,0.6137866666666667,A,06,202608212106,0,1,0.6,0.0,0,14490,A,61.37866666666667,21,3
5-2-4,1,0,2026-08-21,0.8,5,1,0.0,0.5,まくり,1,5頭展開,0.6,0.4,0.8,0.6,0.6253900000000002,A,08,202608212308,7440,1,0.6,0.0,0,7440,A,62.53900000000002,23,5
3-2-6,0,0,2026-08-22,0.0,3,1,1.03,0.7574,まくり,1,3まくり,0.7333333333333334,0.8,0.4,1.0,0.3186666666666667,B,06,202608220406,15490,1,0.19999999999999996,0.5,0.1,15490,B,32.99666666666667,04,3
1-5-3,1,1,2026-08-22,1.0,3,0,1.938,0.9845,逃げ,0,3まくり,0.4666666666666667,0.4,0.4,0.6,0.6653333333333334,A,07,202608220407,0,1,0.6,0.0,-0.21,10150,S,68.26133333333335,04,1
3-2-5,1,1,2026-08-22,0.8,3,1,0.291,0.5726,差し,0,3まくり,0.8666666666666667,0.8,0.8,1.0,0.7653333333333334,S,02,202608222202,5190,1,0.6,0.0,-0.21,5190,S,76.61433333333335,22,3
1-3-6,1,1,2026-08-22,1.0,3,0,1.74,0.9351,逃げ,0,3まくり,0.6,0.19999999999999996,1.0,0.6,0.8925,S,06,202608222406,0,1,1.0,0.0,-0.21,620,S,90.78,24,1
1-2-6,0,0,2026-08-22,0.6,4,0,-1.332,0.1669,逃げ,0,4カドまくり,0.5,0.5,0.5,0.5,0.40630000000000005,B,06,202608220306,0,1,0.0,1.0,0.59,10010,B,39.888000000000005,03,1
1-6-2,1,0,2026-08-22,0.4,4,0,0.276,0.5691,逃げ,0,4カドまくり,0.5,0.5,0.5,0.5,0.5183,B,09,202608220309,0,1,0.6,0.5,3.0,1580,A,55.106,03,1
1-2-6,1,0,2026-08-22,0.4,4,0,-1.568,0.1081,抜き,0,4カドまくり,0.5,0.5,0.5,0.5,0.6303,A,12,202608220312,0,1,1.0,0.0,-0.04,1510,A,61.422,03,1
1-6-4,1,1,2026-08-22,0.8,4,0,-1.103,0.2244,逃げ,0,4カドまくり,0.8666666666666667,1.0,0.8,0.8,0.7337833333333333,S,04,202608220404,0,1,0.6,-0.5,-1.19,1740,S,71.08533333333334,04,1
5-3-6,1,1,2026-08-22,0.8,4,0,1.398,0.8495,まくり差し,0,4カドまくり,0.6,0.8,0.6,0.4,0.676,S,11,202608220711,0,1,0.6,0.0,-0.04,121970,S,68.958,07,5
1-3-4,1,0,2026-08-22,0.8,4,0,0.047,0.5116,逃げ,0,4カドまくり,0.5,0.5,0.5,0.5,0.5645,A,07,202608220807,0,1,0.4,-0.5,-1.19,15250,A,55.307,08,1
5-4-1,1,0,2026-08-22,0.8,4,0,1.097,0.7743,まくり差し,0,4カドまくり,0.7333333333333334,0.6,0.8,0.8,0.6509166666666668,A,02,202608222102,0,1,0.4,0.0,-0.04,6750,A,66.14866666666667,21,5
4-1-2,0,0,2026-08-22,1.0,4,1,0.118,0.5294,まくり差し,0,4カドまくり,0.5333333333333333,1.0,0.19999999999999996,0.4,0.5345666666666666,B,06,202608222306,1760,1,0.4,0.0,-0.04,1760,B,53.534666666666666,23,4
4-5-6,0,0,2026-08-22,0.6,5,0,0.0,0.5,まくり,0,5頭展開,0.19999999999999998,0.0,0.0,0.6,0.46188999999999997,B,05,202608220205,0,1,0.6,0.0,0,7830,B,46.189,02,4
4-5-6,1,0,2026-08-22,1.0,5,0,0.0,0.5,差し,0,5頭展開,0.8666666666666667,1.0,0.8,0.8,0.6581566666666667,A,06,202608220206,0,1,0.19999999999999996,0.0,0,930,A,65.81566666666667,02,4
5-2-1,0,0,2026-08-22,0.4,5,1,0.0,0.5,まくり,1,5頭展開,0.6666666666666666,0.6,0.8,0.6,0.5057366666666666,B,01,202608220401,2950,1,1.0,0.0,0,2950,B,50.57366666666666,04,5
1-3-4,0,0,2026-08-22,0.0,5,0,0.0,0.5,逃げ,0,5頭展開,0.5,0.5,0.5,0.5,0.43797,B,07,202608220807,0,1,0.19999999999999996,-0.5,0,15250,B,43.797000000000004,08,1
1-4-3,0,0,2026-08-22,0.0,5,0,0.0,0.5,逃げ,0,5頭展開,0.3333333333333333,0.19999999999999996,0.0,0.8,0.32440333333333327,B,05,202608221605,0,1,0.6,-0.5,0,1610,B,32.44033333333333,16,1
1-3-4,0,0,2026-08-22,0.19999999999999996,5,0,0.0,0.5,逃げ,0,5頭展開,0.6666666666666666,0.6,0.8,0.6,0.3608666666666666,B,12,202608222012,0,1,0.8,0.0,0,1220,B,36.08666666666666,20,1
4-6-1,0,0,2026-08-22,0.6,5,0,0.0,0.5,まくり,0,5頭展開,0.5333333333333333,0.4,1.0,0.19999999999999996,0.39953333333333335,B,12,202608222212,0,1,0.6,0.0,0,8170,B,39.95333333333333,22,4
4-1-2,1,0,2026-08-22,0.19999999999999996,5,0,0.0,0.5,まくり差し,0,5頭展開,0.6,0.6,0.6,0.6,0.56171,A,06,202608222306,0,1,1.0,0.0,0,1760,A,56.17100000000001,23,4
3-1-5,1,1,2026-08-23,0.6,3,1,0.81,0.7024,まくり差し,0,3まくり,0.5,0.5,0.5,0.5,0.6855,S,03,202608230303,1780,1,1.0,0.5,0.1,1780,S,69.46,03,3
4-1-6,0,0,2026-08-23,0.0,3,0,-1.865,0.0339,まくり,0,3まくり,0.4666666666666667,0.4,0.0,1.0,0.25088333333333335,B,10,202608231610,0,1,0.6,-0.5,-0.05,4660,B,23.173333333333336,16,4
3-4-1,1,0,2026-08-23,1.0,3,1,0.291,0.5726,まくり,1,3まくり,0.5,0.6,0.5,0.4,0.612,A,11,202608231811,8530,1,0.4,0.0,-0.21,8530,A,61.28099999999999,18,3
3-1-2,1,1,2026-08-23,0.6,3,1,1.329,0.8322,まくり,1,3まくり,0.7333333333333334,0.8,0.8,0.6,0.7753166666666668,S,01,202608232101,2360,1,1.0,0.0,-0.21,2360,S,78.65066666666668,21,3
3-1-6,0,0,2026-08-23,0.6,3,1,-0.86,0.2849,差し,0,3まくり,0.5333333333333333,0.6,0.4,0.6,0.5413166666666667,B,12,202608232112,4750,1,0.6,-0.5,-0.05,4750,B,53.22166666666667,21,3
1-3-4,1,0,2026-08-23,0.8,3,0,1.673,0.9182,逃げ,0,3まくり,0.5333333333333333,0.4,0.6,0.6,0.6086666666666668,A,07,202608232207,0,1,0.4,0.0,-0.21,1780,A,62.32966666666668,22,1
2-5-4,1,0,2026-08-23,0.6,4,0,1.562,0.8906,差し,0,4カドまくり,0.5333333333333333,0.19999999999999996,0.6,0.8,0.5771166666666666,A,05,202608230405,0,1,0.6,0.0,-0.04,2990,A,59.23366666666666,04,2
4-3-1,0,0,2026-08-23,0.6,4,1,1.513,0.8782,抜き,0,4カドまくり,0.4666666666666666,0.6,0.6,0.19999999999999996,0.40263333333333334,B,04,202608230604,16970,1,0.0,-0.5,-1.19,16970,B,40.586333333333336,06,4
1-2-3,0,0,2026-08-23,0.4,4,0,0.659,0.6648,逃げ,0,4カドまくり,0.26666666666666666,0.0,0.19999999999999996,0.6,0.4965833333333333,B,03,202608232403,0,1,1.0,0.0,-0.04,770,B,50.27733333333333,24,1
4-5-3,0,0,2026-08-23,0.0,4,1,0.085,0.5212,差し,0,4カドまくり,0.25,0.0,0.0,0.75,0.12775000000000003,B,08,202608232408,16650,1,0.25,0.0,-0.04,16650,B,12.820000000000004,24,4
3-5-4,0,0,2026-08-23,0.4,5,0,0.0,0.5,差し,0,5頭展開,0.5,0.6,0.5,0.4,0.32578000000000007,B,04,202608231804,0,1,0.4,0.0,0,109410,B,32.57800000000001,18,3
1-2-5,0,0,2026-08-23,0.8,5,0,0.0,0.5,逃げ,0,5頭展開,0.4666666666666667,0.8,0.19999999999999996,0.4,0.4788466666666667,B,11,202608231911,0,1,0.6,0.5,0,1140,B,47.88466666666667,19,1
1-2-3,0,0,2026-08-24,0.0,3,0,0.465,0.6164,逃げ,0,3まくり,0.7333333333333333,0.6,0.6,1.0,0.3943666666666667,B,11,202608240711,0,1,0.4,0.0,-0.21,720,B,39.69166666666667,07,1
1-4-3,0,0,2026-08-24,0.19999999999999996,3,0,0.291,0.5726,逃げ,0,3まくり,0.39999999999999997,0.19999999999999996,1.0,0.0,0.3568,B,04,202608241504,0,1,0.0,0.0,-0.21,810,B,35.760999999999996,15,1
3-2-6,1,1,2026-08-24,1.0,3,1,-0.793,0.3018,まくり,1,3まくり,0.39999999999999997,0.6,0.5,0.19999999999999996,0.763,S,03,202608241803,7410,1,1.0,-0.5,-0.05,7410,S,75.457,18,3
3-1-2,1,0,2026-08-24,0.6,3,1,-0.798,0.3004,抜き,0,3まくり,0.8,0.8,0.5,0.8,0.663,A,10,202608241810,3590,1,0.8,0.0,-0.21,3590,A,65.292,18,3
1-5-3,0,0,2026-08-24,0.4,3,0,-1.441,0.1396,逃げ,0,3まくり,0.39999999999999997,0.19999999999999996,0.19999999999999996,0.8,0.30665000000000003,B,11,202608242111,0,1,0.19999999999999996,0.0,-0.21,3010,B,29.014000000000003,21,1
4-5-6,1,1,2026-08-24,0.8,4,1,0.96,0.7401,まくり,1,4カドまくり,0.39999999999999997,0.6,0.4,0.19999999999999996,0.71,S,06,202608240706,1270,1,1.0,0.0,-0.04,1270,S,71.91999999999999,07,4
1-4-5,0,0,2026-08-24,0.0,4,0,0.047,0.5116,逃げ,0,4カドまくり,0.4,0.4,0.5,0.4,0.31305000000000005,B,11,202608241311,0,1,0.4,0.5,3.0,2940,B,34.352000000000004,13,1
4-6-5,1,1,2026-08-24,0.8,4,1,0.681,0.6703,まくり,1,4カドまくり,0.6000000000000001,0.4,0.5,0.8,0.7344499999999999,S,08,202608241808,5290,1,1.0,0.0,-0.04,5290,S,74.08599999999998,18,4
1-6-4,0,0,2026-08-24,0.8,4,0,1.458,0.8646,逃げ,0,4カドまくり,0.26666666666666666,0.6,0.19999999999999996,0.0,0.38088333333333335,B,07,202608242007,0,1,0.19999999999999996,0.0,-0.04,10750,B,39.50633333333334,20,1
6-4-2,1,0,2026-08-24,1.0,4,0,1.103,0.7756,まくり差し,0,4カドまくり,0.39999999999999997,0.19999999999999996,0.4,0.6,0.61555,A,09,202608242009,0,1,0.6,0.0,-0.04,6600,A,62.61800000000001,20,6
1-3-5,0,0,2026-08-24,0.0,5,0,0.0,0.5,逃げ,0,5頭展開,0.13333333333333333,0.0,0.4,0.0,0.20325333333333334,B,12,202608240712,0,1,0.19999999999999996,0.0,0,5600,B,20.325333333333333,07,1
2-1-3,0,0,2026-08-24,1.0,5,0,0.0,0.5,差し,0,5頭展開,0.5333333333333333,0.4,0.6,0.6,0.4299433333333333,B,01,202608241001,0,1,0.0,-0.5,0,6820,B,42.99433333333333,10,2
1-4-5,0,0,2026-08-24,0.19999999999999996,5,0,0.0,0.5,逃げ,0,5頭展開,0.09999999999999998,0.19999999999999996,0.5,0.0,0.29115,B,11,202608241311,0,1,1.0,2.0,0,2940,B,29.115000000000002,13,1
4-1-6,0,0,2026-08-24,0.0,5,0,0.0,0.5,まくり差し,0,5頭展開,0.6,1.0,0.8,0.0,0.33538999999999997,B,02,202608241502,0,1,0.6,0.0,0,4930,B,33.538999999999994,15,4
1-2-4,1,0,2026-08-24,1.0,5,0,0.0,0.5,逃げ,0,5頭展開,0.4666666666666666,0.19999999999999996,0.19999999999999996,1.0,0.6445366666666666,A,05,202608241505,0,1,0.4,0.0,0,3080,A,64.45366666666666,15,1
4-1-5,1,1,2026-08-24,0.4,5,0,0.0,0.5,まくり,0,5頭展開,0.9,1.0,0.5,0.8,0.6961400000000001,S,06,202608241806,0,1,0.8,0.0,0,1590,S,69.614,18,4
3-2-5,1,0,2026-08-24,0.8,5,0,0.0,0.5,まくり,0,5頭展開,0.6,0.6,0.4,0.8,0.57466,A,11,202608241911,0,1,1.0,0.0,0,17080,A,57.465999999999994,19,3
6-4-2,0,0,2026-08-24,0.19999999999999996,5,0,0.0,0.5,まくり差し,0,5頭展開,0.3333333333333333,0.4,0.19999999999999996,0.4,0.4825333333333333,B,09,202608242009,0,1,0.4,0.0,0,6600,B,48.25333333333333,20,6
1-3-5,1,0,2026-08-24,1.0,5,0,0.0,0.5,逃げ,0,5頭展開,0.6666666666666666,0.6,0.8,0.6,0.5735866666666667,A,09,202608242109,0,1,0.19999999999999996,0.0,0,1520,A,57.35866666666667,21,1
1-6-5,0,0,2026-08-24,0.19999999999999996,5,0,0.0,0.5,逃げ,0,5頭展開,0.26666666666666666,0.0,0.6,0.19999999999999996,0.2901066666666666,B,05,202608242205,0,1,0.8,0.0,0,6260,B,29.010666666666662,22,1
4-3-5,0,0,2026-08-25,0.4,3,0,-1.131,0.2172,まくり,0,3まくり,0.7333333333333333,1.0,0.19999999999999996,1.0,0.5501666666666667,A,09,202608251009,0,1,0.8,-0.5,-0.05,2610,B,53.83566666666667,10,4
3-1-4,0,0,2026-08-25,0.19999999999999996,3,1,-1.622,0.0945,まくり差し,0,3まくり,0.2,0.0,0.5,0.4,0.43515000000000004,B,01,202608251301,1140,1,0.8,-0.5,-0.05,1140,B,41.843,13,3
6-2-1,0,0,2026-08-25,0.5,3,0,0.437,0.6093,差し,0,3まくり,0.3,0.0,0.5,0.6,0.48015,B,04,202608251304,0,1,0.6,0.0,-0.21,18670,B,48.242,13,6
4-3-5,0,0,2026-08-25,0.6,3,0,-1.379,0.1551,まくり差し,0,3まくり,0.5,0.4,0.5,0.6,0.44400000000000006,B,10,202608251810,0,1,0.19999999999999996,0.0,-0.21,8910,B,42.81100000000001,18,4
1-2-4,0,0,2026-08-25,0.6,4,0,0.118,0.5294,逃げ,0,4カドまくり,0.8,0.8,0.5,0.8,0.49305000000000004,B,05,202608251305,0,1,0.19999999999999996,0.0,-0.04,630,B,49.38300000000001,13,1
3-1-5,1,1,2026-08-25,0.8,4,0,1.415,0.8536,まくり,0,4カドまくり,1.0,1.0,0.5,1.0,0.80705,S,06,202608251306,0,1,1.0,-0.5,-1.19,49910,S,80.93,13,3
5-1-4,1,1,2026-08-25,1.0,4,0,0.189,0.5472,まくり差し,0,4カドまくり,0.3333333333333333,0.0,0.4,0.6,0.7343666666666666,S,05,202608251505,0,1,1.0,0.0,-0.04,3150,S,73.58566666666665,15,5
1-2-6,0,0,2026-08-25,0.19999999999999996,4,0,1.256,0.814,逃げ,0,4カドまくり,0.8,1.0,0.6,0.8,0.3724,B,07,202608251707,0,1,0.0,0.0,-0.04,4450,B,38.456,17,1
1-4-2,0,0,2026-08-25,0.19999999999999996,4,0,0.047,0.5116,逃げ,0,4カドまくり,0.4666666666666667,0.4,0.6,0.4,0.4277333333333334,B,08,202608251708,0,1,0.4,0.0,-0.04,1300,B,42.78033333333334,17,1
1-2-3,0,0,2026-08-25,0.4,4,0,0.386,0.5964,逃げ,0,4カドまくり,0.06666666666666665,0.0,0.19999999999999996,0.0,0.3468833333333333,B,05,202608252005,0,1,0.6,0.0,-0.04,600,B,35.034333333333336,20,1
3-1-5,0,0,2026-08-25,0.0,5,0,0.0,0.5,まくり差し,0,5頭展開,0.5333333333333333,0.6,0.19999999999999996,0.8,0.5346833333333334,B,07,202608250107,0,1,0.19999999999999996,-0.5,0,9820,B,53.46833333333334,01,3
6-1-2,1,0,2026-08-25,0.4,5,0,0.0,0.5,まくり差し,0,5頭展開,0.5333333333333333,0.19999999999999996,0.6,0.8,0.6030233333333335,A,05,202608250605,0,1,1.0,-0.5,0,8670,A,60.302333333333344,06,6
3-1-2,0,0,2026-08-25,0.5,5,0,0.0,0.5,まくり,0,5頭展開,0.26666666666666666,0.0,0.6,0.19999999999999996,0.3340266666666667,B,03,202608250903,0,1,0.19999999999999996,0.0,0,6610,B,33.40266666666667,09,3
1-2-5,0,0,2026-08-25,0.4,5,0,0.0,0.5,逃げ,0,5頭展開,0.09999999999999998,0.19999999999999996,0.5,0.0,0.23051,B,11,202608251311,0,1,0.6,0.0,0,950,B,23.051,13,1
5-1-4,1,0,2026-08-25,0.6,5,1,0.0,0.5,まくり差し,1,5頭展開,0.7333333333333333,1.0,1.0,0.19999999999999996,0.6686833333333333,A,05,202608251505,3150,1,0.4,0.0,0,3150,A,66.86833333333333,15,5
1-3-4,0,0,2026-08-25,0.6,5,0,0.0,0.5,逃げ,0,5頭展開,0.26666666666666666,0.0,0.4,0.4,0.4270966666666667,B,11,202608251511,0,1,0.19999999999999996,0.0,0,1410,B,42.70966666666667,15,1
1-3-4,1,1,2026-08-26,1.0,3,0,1.594,0.8984,逃げ,0,3まくり,0.7333333333333334,0.8,0.6,0.8,0.7684666666666667,S,06,202608260606,0,1,0.8,0.0,-0.21,1290,S,78.23066666666668,06,1
3-4-2,1,1,2026-08-26,0.8,3,1,0.593,0.6482,抜き,0,3まくり差し,0.6666666666666666,1.0,0.19999999999999996,0.8,0.8422,S,04,202608260904,4720,2,1.0,-0.5,-0.23,4720,S,84.583,09,3
5-4-3,1,0,2026-08-26,0.0,3,0,0.291,0.5726,まくり差し,0,3まくり,0.7333333333333334,0.8,1.0,0.4,0.5879666666666667,A,02,202608261102,0,1,0.8,-0.5,-0.05,5740,A,59.037666666666674,11,5
4-5-3,0,0,2026-08-26,0.6,3,0,-0.561,0.3597,まくり,0,3まくり,0.3333333333333333,0.4,0.4,0.19999999999999996,0.33196666666666663,B,06,202608261106,0,1,0.0,0.0,-0.21,4510,B,32.425666666666665,11,4
2-1-3,1,1,2026-08-26,1.0,3,0,2.0,1.0,差し,0,3まくり,0.7,0.6,0.5,0.8,0.68815,S,01,202608261301,0,1,0.6,0.0,-0.21,7690,S,70.605,13,2
3-2-4,1,1,2026-08-26,0.6,3,1,-1.351,0.1622,まくり,1,3まくり,0.6,0.6,0.5,0.6,0.685,S,06,202608261806,10940,1,1.0,-0.5,-0.05,10940,S,67.099,18,3
1-6-2,0,0,2026-08-26,0.0,4,0,-1.212,0.197,逃げ,0,4カドまくり,0.4,0.8,0.0,0.4,0.37725000000000003,B,02,202608260902,0,1,1.0,-0.5,-1.19,2220,B,35.323,09,1
4-6-3,1,1,2026-08-26,0.8,4,1,1.907,0.9767,まくり,1,4カドまくり,0.8666666666666667,1.0,0.8,0.8,0.8005833333333334,S,05,202608260905,3890,1,0.8,-0.5,-1.19,3890,S,80.77533333333334,09,4
4-1-3,0,0,2026-08-26,0.6,4,1,1.557,0.8892,抜き,0,4カドまくり,0.4666666666666667,0.4,0.6,0.4,0.5047833333333334,B,10,202608261010,19890,1,0.4,-0.5,-1.19,19890,B,50.84533333333334,10,4
1-5-4,0,0,2026-08-26,0.19999999999999996,4,0,0.047,0.5116,逃げ,0,4カドまくり,0.19999999999999998,0.0,0.6,0.0,0.47800000000000004,B,03,202608261403,0,1,0.8,0.0,-0.04,620,B,47.807,14,1
1-5-4,1,1,2026-08-26,0.6,5,0,0.0,0.5,逃げ,0,5頭展開,0.6666666666666666,1.0,0.0,1.0,0.7126566666666667,S,03,202608261403,0,1,1.0,0.0,0,620,S,71.26566666666668,14,1
1-2-4,0,0,2026-08-26,0.8,5,0,0.0,0.5,逃げ,0,5頭展開,0.4,0.4,0.4,0.4,0.48519,B,12,202608261512,0,1,0.19999999999999996,0.0,0,1330,B,48.519,15,1
1-3-5,0,0,2026-08-26,0.19999999999999996,5,0,0.0,0.5,逃げ,0,5頭展開,0.6000000000000001,0.4,0.5,0.8,0.51742,B,09,202608261809,0,1,0.6,0.0,0,2210,B,51.742,18,1
1-2-5,1,0,2026-08-27,1.0,3,0,-0.759,0.3103,逃げ,0,3まくり,0.5,0.5,0.5,0.5,0.65375,A,09,202608270809,0,1,0.6,0.0,-0.21,3520,A,64.406,08,1
1-3-6,1,1,2026-08-27,0.6,3,0,1.769,0.9422,逃げ,0,3まくり,0.6666666666666666,0.6,1.0,0.4,0.6855833333333333,S,09,202608270909,0,1,0.6,-0.5,-0.05,790,S,70.27733333333335,09,1
3-1-6,1,0,2026-08-27,0.19999999999999996,3,1,-0.561,0.3597,まくり差し,0,3まくり,0.8,0.8,1.0,0.6,0.5962500000000001,A,10,202608270910,600,1,0.6,-0.5,-0.05,600,A,59.01400000000001,09,3
1-5-3,1,0,2026-08-27,0.6,3,0,-0.922,0.2694,逃げ,0,3まくり,0.7333333333333333,0.6,0.6,1.0,0.5619166666666667,A,12,202608271412,0,1,0.4,0.0,-0.21,1000,A,55.05966666666667,14,1
1-6-4,0,0,2026-08-27,0.8,4,0,0.161,0.5404,逃げ,0,4カドまくり,0.4666666666666667,0.4,0.0,1.0,0.5570333333333335,A,05,202608271505,0,1,0.8,-0.5,-1.19,2360,B,54.67433333333335,15,1
5-1-4,1,0,2026-08-27,0.5,4,0,0.413,0.6033,まくり差し,0,4カドまくり,0.6666666666666666,0.4,0.6,1.0,0.6390333333333333,A,06,202608271506,0,1,0.8,-0.5,-1.19,36810,A,63.126333333333335,15,5
1-4-5,1,0,2026-08-27,0.6,5,0,0.0,0.5,逃げ,0,5頭展開,0.8,1.0,0.8,0.6,0.6110300000000001,A,12,202608270412,0,1,0.6,0.0,0,1730,A,61.10300000000001,04,1
4-2-3,0,0,2026-08-27,1.0,5,0,0.0,0.5,まくり,0,5頭展開,0.4666666666666666,0.19999999999999996,0.6,0.6,0.43137666666666663,B,07,202608271507,0,1,0.19999999999999996,0.0,0,14960,B,43.13766666666666,15,4
4-6-1,0,0,2026-08-27,0.19999999999999996,5,0,0.0,0.5,まくり,0,5頭展開,0.06666666666666665,0.0,0.0,0.19999999999999996,0.4540566666666666,B,04,202608271704,0,1,0.8,-0.5,0,1960,B,45.40566666666666,17,4
1-5-4,0,0,2026-08-27,0.4,5,0,0.0,0.5,逃げ,0,5頭展開,0.19999999999999998,0.0,0.6,0.0,0.37535999999999997,B,12,202608272212,0,1,0.8,0.0,0,7810,B,37.535999999999994,22,1
1-4-3,0,0,2026-08-28,0.19999999999999996,3,0,0.291,0.5726,逃げ,0,3まくり,0.7333333333333334,0.8,0.6,0.8,0.5123666666666666,B,06,202608280506,0,1,0.6,0.0,-0.21,1610,B,51.31766666666666,05,1
3-5-6,1,0,2026-08-28,0.6,3,1,1.966,0.9915,まくり差し,0,3まくり,0.6666666666666666,0.6,0.6,0.8,0.5415833333333334,B,03,202608280903,3510,1,0.4,0.0,-0.21,3510,A,55.91433333333334,09,3
3-4-6,0,0,2026-08-28,0.6,3,1,-0.889,0.2779,まくり,1,3まくり,0.4,0.4,0.4,0.4,0.4255,B,03,202608281003,7730,1,0.19999999999999996,-0.5,-0.05,7730,B,41.611,10,3
1-2-4,0,0,2026-08-28,0.0,3,0,-0.911,0.2722,逃げ,0,3まくり,0.26666666666666666,0.19999999999999996,0.6,0.0,0.44683333333333336,B,04,202608281004,0,1,0.8,-0.5,-0.05,3530,B,43.72233333333334,10,1
1-6-3,1,0,2026-08-28,0.4,3,0,1.047,0.7616,逃げ,0,3まくり,0.8,0.8,1.0,0.6,0.5695,A,07,202608281007,0,1,0.19999999999999996,-0.5,-0.05,1590,A,57.947,10,1
1-4-5,0,0,2026-08-28,0.0,3,0,0.657,0.6643,逃げ,0,3まくり,0.8666666666666667,0.8,1.0,0.8,0.4426333333333333,B,03,202608281103,0,1,0.19999999999999996,0.0,-0.21,2600,B,44.71033333333333,11,1
6-1-3,1,0,2026-08-28,1.0,3,0,-0.877,0.2807,まくり,0,3まくり,0.39999999999999997,0.19999999999999996,0.6,0.4,0.6673000000000001,A,11,202608281111,0,1,0.6,0.0,-0.21,20530,A,65.64300000000003,11,6
1-6-3,0,0,2026-08-28,0.6,3,0,-1.622,0.0945,逃げ,0,3まくり,0.5,0.6,0.5,0.4,0.48615,B,02,202608281302,0,1,0.4,0.0,-0.21,5320,B,46.783,13,1
1-6-5,1,0,2026-08-28,0.4,3,0,1.317,0.8293,逃げ,0,3まくり,0.6,1.0,0.6,0.19999999999999996,0.5952500000000001,A,04,202608281404,0,1,0.8,0.0,-0.21,21290,A,60.632000000000005,14,1
1-2-3,0,0,2026-08-28,0.6,3,0,-1.639,0.0903,逃げ,0,3まくり,0.6,0.8,0.0,1.0,0.2828,B,05,202608281505,0,1,0.0,0.0,-0.21,590,B,26.431,15,1
1-5-3,1,1,2026-08-28,0.8,3,0,-1.498,0.1255,逃げ,0,3まくり,0.8,0.8,0.6,1.0,0.7914,S,02,202608282302,0,1,1.0,0.0,-0.21,1380,S,77.432,23,1
1-2-3,0,0,2026-08-28,0.19999999999999996,3,0,0.291,0.5726,逃げ,0,3まくり,0.8666666666666667,0.8,1.0,0.8,0.4427333333333333,B,03,202608282303,0,1,0.0,0.0,-0.21,840,B,44.35433333333333,23,1
1-6-3,0,0,2026-08-28,0.4,3,0,0.8,0.6999,逃げ,0,3まくり差し,0.3333333333333333,0.0,0.4,0.6,0.38820000000000005,B,04,202608280704,0,1,0.4,0.0,-0.05,2900,B,39.57000000000001,07,1
2-1-4,1,1,2026-08-28,1.0,4,0,1.021,0.7551,差し,0,4カドまくり,0.9333333333333333,1.0,0.8,1.0,0.8571166666666666,S,01,202608280401,0,1,0.8,0.0,-0.04,1110,S,86.69266666666665,04,2
1-4-2,0,0,2026-08-28,0.8,4,0,0.047,0.5116,逃げ,0,4カドまくり,0.3333333333333333,0.4,0.4,0.19999999999999996,0.5080166666666668,B,09,202608280509,0,1,0.4,0.0,-0.04,1080,B,50.808666666666674,05,1
1-4-5,0,0,2026-08-28,0.0,4,0,-1.332,0.1669,逃げ,0,4カドまくり,0.26666666666666666,0.4,0.4,0.0,0.4633333333333334,B,08,202608280708,0,1,1.0,0.0,-0.04,560,B,44.961333333333336,07,1
1-5-2,0,0,2026-08-28,0.0,4,0,-1.606,0.0985,逃げ,0,4カドまくり,0.4666666666666666,0.6,0.19999999999999996,0.6,0.26458333333333334,B,01,202608280901,0,1,0.4,-0.5,-1.19,1450,B,23.66233333333333,09,1
2-4-5,0,0,2026-08-28,0.0,4,0,1.825,0.9562,抜き,0,4カドまくり,0.7333333333333334,1.0,0.8,0.4,0.49791666666666673,B,12,202608280912,0,1,0.6,-0.5,-1.19,1800,B,50.42666666666668,09,2
6-1-3,1,1,2026-08-28,0.8,4,0,1.847,0.9617,まくり差し,0,4カドまくり,1.0,1.0,0.5,1.0,0.7510500000000001,S,04,202608281304,0,1,0.8,0.0,-0.04,16430,S,76.91199999999999,13,6
1-3-4,1,0,2026-08-28,1.0,4,0,2.0,1.0,逃げ,0,4カドまくり,0.7,0.6,0.5,0.8,0.53205,B,06,202608281306,0,1,0.0,0.0,-0.04,1540,A,55.165000000000006,13,1
5-6-2,1,0,2026-08-28,0.6,4,0,0.687,0.6717,まくり差し,0,4カドまくり,0.5,0.4,0.5,0.6,0.61005,A,07,202608281307,0,1,0.8,0.0,-0.04,75240,A,61.651999999999994,13,5
1-2-4,0,0,2026-08-28,0.6,5,0,0.0,0.5,逃げ,0,5頭展開,0.3333333333333333,0.19999999999999996,0.6,0.19999999999999996,0.5188933333333333,B,09,202608280709,0,1,0.0,-0.5,0,530,B,51.88933333333333,07,1
1-2-4,1,0,2026-08-28,0.19999999999999996,5,0,0.0,0.5,逃げ,0,5頭展開,0.5333333333333333,0.6,0.4,0.6,0.5703733333333334,A,11,202608280711,0,1,0.0,0.0,0,1380,A,57.037333333333336,07,1
1-2-5,1,0,2026-08-28,0.6,5,0,0.0,0.5,逃げ,0,5頭展開,0.7333333333333334,0.8,1.0,0.4,0.6406633333333333,A,01,202608281001,0,1,0.4,-0.5,0,810,A,64.06633333333332,10,1
4-5-2,0,0,2026-08-28,0.8,5,0,0.0,0.5,差し,0,5頭展開,0.6,0.8,0.4,0.6,0.49901000000000006,B,06,202608281106,0,1,1.0,0.0,0,10440,B,49.901,11,4
5-6-2,1,0,2026-08-28,0.0,5,1,0.0,0.5,まくり差し,1,5頭展開,0.8,0.8,0.5,0.8,0.59035,A,07,202608281307,75240,1,0.4,-0.5,0,75240,A,59.035000000000004,13,5
1-6-5,0,0,2026-08-28,0.8,5,0,0.0,0.5,逃げ,0,5頭展開,0.09999999999999998,0.0,0.5,0.19999999999999996,0.47331,B,09,202608281309,0,1,1.0,-0.5,0,1340,B,47.331,13,1
2-1-5,0,0,2026-08-28,0.0,5,0,0.0,0.5,差し,0,5頭展開,0.3333333333333333,0.8,0.19999999999999996,0.0,0.5364033333333333,B,06,202608281406,0,1,0.6,0.0,0,1280,B,53.64033333333333,14,2
2-1-4,1,1,2026-08-28,0.0,5,0,0.0,0.5,差し,0,5頭展開,0.4666666666666667,0.4,0.0,1.0,0.6748966666666667,S,08,202608281408,0,1,0.4,0.0,0,960,S,67.48966666666666,14,2
1-3-5,0,0,2026-08-29,0.0,3,0,0.556,0.6389,逃げ,0,3まくり,0.7333333333333334,0.8,0.6,0.8,0.45636666666666675,B,12,202608290512,0,1,0.6,0.0,-0.21,1050,B,45.982666666666674,05,1
,0,0,2026-08-29,0.6,3,0,0.539,0.6347,,0,3まくり,0.19999999999999998,0.19999999999999996,0.4,0.0,0.36529999999999996,B,10,202608291110,0,1,0.19999999999999996,0.0,-0.21,0,B,36.858999999999995,11,0
,0,0,2026-08-29,0.19999999999999996,3,0,0.708,0.677,,0,3まくり,0.6000000000000001,0.8,0.5,0.4,0.44715000000000005,B,09,202608291309,0,1,0.6,0.0,-0.21,0,B,45.213,13,0
,1,1,2026-08-29,1.0,3,0,1.408,0.8519,,0,3まくり,1.0,1.0,1.0,1.0,0.7318500000000001,S,07,202608291707,0,1,0.19999999999999996,0.0,-0.21,0,S,74.38300000000002,17,0
,1,1,2026-08-29,1.0,4,0,1.907,0.9767,,0,4カドまくり,0.8,0.8,1.0,0.6,0.82245,S,08,202608290408,0,1,0.6,0.0,-0.04,0,S,84.112,04,0
,0,0,2026-08-29,0.19999999999999996,4,0,-1.486,0.1286,,0,4カドまくり,0.3,0.4,0.5,0.19999999999999996,0.40805,B,05,202608291305,0,1,0.6,0.0,-0.04,0,B,39.279,13,0
,0,0,2026-08-29,0.19999999999999996,4,0,-0.725,0.3187,,0,4カドまくり,0.8,0.8,0.5,0.8,0.54905,B,10,202608291310,0,1,0.8,0.0,-0.04,0,B,54.14,13,0
,1,0,2026-08-29,0.4,4,0,-1.502,0.1245,,0,4カドまくり,0.26666666666666666,0.0,0.6,0.19999999999999996,0.6177333333333334,A,04,202608291704,0,1,1.0,-0.5,-1.19,0,A,59.08133333333333,17,0
1-3-2,1,0,2026-08-29,0.8,4,0,0.047,0.5116,逃げ,0,4カドまくり,0.4,0.4,0.4,0.4,0.55925,A,05,202608291905,0,1,0.6,0.0,-0.04,1380,A,55.932,19,1
,0,0,2026-08-29,0.4,5,0,0.0,0.5,,0,5頭展開,0.6,0.8,0.0,1.0,0.5320300000000001,B,09,202608290409,0,1,0.8,0.0,0,0,B,53.20300000000001,04,0
5-4-6,1,0,2026-08-29,1.0,5,1,0.0,0.5,まくり差し,1,5頭展開,0.4666666666666666,0.19999999999999996,0.19999999999999996,1.0,0.6135166666666667,A,11,202608290511,3470,1,0.6,-0.5,0,3470,A,61.351666666666674,05,5
1-3-5,1,0,2026-08-29,1.0,5,0,0.0,0.5,逃げ,0,5頭展開,0.6666666666666666,0.19999999999999996,0.8,1.0,0.6021566666666667,A,12,202608290512,0,1,0.0,0.0,0,1050,A,60.215666666666664,05,1
3-5-4,0,0,2026-08-29,1.0,5,0,0.0,0.5,まくり,0,5頭展開,0.6666666666666666,0.8,1.0,0.19999999999999996,0.48902666666666667,B,11,202608290711,0,1,0.0,0.0,0,127700,B,48.90266666666667,07,3
,0,0,2026-08-29,0.4,5,0,0.0,0.5,,0,5頭展開,0.2,0.0,0.5,0.4,0.40623,B,10,202608291310,0,1,0.4,-0.5,0,0,B,40.623,13,0
,0,0,2026-08-29,0.0,5,0,0.0,0.5,,0,5頭展開,0.3333333333333333,0.4,0.0,0.6,0.4637233333333333,B,07,202608291607,0,1,0.6,0.0,0,0,B,46.37233333333333,16,0
3-1-6,0,0,2026-08-30,0.6,3,1,0.291,0.5726,まくり差し,0,3まくり,0.5,0.5,0.5,0.5,0.42975,B,10,202608300810,3330,1,0.19999999999999996,0.0,-0.21,3330,B,43.056,08,3
1-3-2,0,0,2026-08-30,0.19999999999999996,3,0,-1.678,0.0804,逃げ,0,3まくり,0.7333333333333333,1.0,0.19999999999999996,1.0,0.41791666666666666,B,11,202608301411,0,1,0.6,0.0,-0.21,500,B,39.903666666666666,14,1
3-5-1,0,0,2026-08-30,0.19999999999999996,3,1,-1.915,0.0212,まくり,1,3まくり,0.13333333333333333,0.0,0.0,0.4,0.08221666666666666,B,05,202608301605,6630,1,0.0,0.0,-0.21,6630,B,6.096666666666666,16,3
3-2-5,1,1,2026-08-30,0.6,3,1,0.291,0.5726,まくり,1,3まくり,0.5333333333333333,0.6,0.8,0.19999999999999996,0.7413166666666667,S,03,202608302103,11760,1,1.0,-0.5,-0.05,11760,S,74.37266666666667,21,3
2-4-6,0,0,2026-08-30,0.19999999999999996,3,0,-1.498,0.1255,まくり,0,3まくり,0.3333333333333333,0.4,0.0,0.6,0.19531666666666667,B,05,202608302105,0,1,0.19999999999999996,0.0,-0.21,29360,B,17.823666666666664,21,2
1-3-5,0,0,2026-08-30,0.4,3,0,-0.612,0.347,逃げ,0,3まくり,0.4666666666666667,0.4,1.0,0.0,0.5427333333333334,B,04,202608302304,0,1,0.4,0.0,-0.21,2920,B,53.45133333333334,23,1
1-2-3,0,0,2026-08-30,1.0,4,0,1.305,0.8263,逃げ,0,4カドまくり,0.26666666666666666,0.19999999999999996,0.19999999999999996,0.4,0.5086833333333334,B,11,202608300511,0,1,0.4,-0.5,-1.19,1790,B,50.98333333333334,05,1
4-1-2,0,0,2026-08-30,0.19999999999999996,4,1,0.047,0.5116,まくり差し,0,4カドまくり,0.26666666666666666,0.0,0.19999999999999996,0.6,0.2806333333333333,B,08,202608300608,2160,1,0.4,-0.5,-1.19,2160,B,26.92033333333333,06,4
4-1-6,0,0,2026-08-30,0.0,4,1,0.047,0.5116,まくり,1,4カドまくり,0.7333333333333334,0.6,0.8,0.8,0.5479666666666667,B,11,202608300611,5860,1,0.8,-0.5,-1.19,5860,B,53.65366666666667,06,4
1-6-3,0,0,2026-08-30,0.19999999999999996,4,0,-1.951,0.0123,逃げ,0,4カドまくり,0.4666666666666667,0.0,0.6,0.8,0.4091333333333334,B,09,202608301609,0,1,0.4,0.0,-0.04,43310,B,38.92233333333334,16,1
4-5-2,1,0,2026-08-30,0.6,4,1,1.524,0.881,まくり,1,4カドまくり,0.6,0.6,0.4,0.8,0.64925,A,05,202608301905,13850,1,1.0,0.0,-0.04,13850,A,66.40899999999999,19,4
4-5-2,0,0,2026-08-30,0.19999999999999996,4,1,0.047,0.5116,まくり,1,4カドまくり,0.8,0.8,0.8,0.8,0.49425,B,06,202608302106,3360,1,0.4,0.0,-0.04,3360,B,49.432,21,4
6-3-5,0,0,2026-08-30,0.5,5,0,0.0,0.5,まくり,0,5頭展開,0.5,0.5,0.5,0.5,0.40915,B,08,202608300508,0,1,1.0,0.5,0,14370,B,40.915,05,6
1-2-3,1,0,2026-08-30,0.0,5,0,0.0,0.5,逃げ,0,5頭展開,0.8,0.8,0.6,1.0,0.59033,A,11,202608300511,0,1,0.6,0.0,0,1790,A,59.033,05,1
3-4-5,1,0,2026-08-30,1.0,5,0,0.0,0.5,まくり,0,5頭展開,0.8,1.0,0.4,1.0,0.5831600000000001,A,03,202608300703,0,1,0.19999999999999996,0.0,0,950,A,58.31600000000001,07,3
1-4-3,1,0,2026-08-30,0.8,5,0,0.0,0.5,逃げ,0,5頭展開,0.8,0.8,0.8,0.8,0.6569200000000001,A,10,202608300710,0,1,0.8,-0.5,0,1840,A,65.69200000000001,07,1
2-4-5,1,1,2026-08-30,0.8,5,0,0.0,0.5,まくり,0,5頭展開,0.6666666666666667,0.8,0.4,0.8,0.6855266666666666,S,02,202608301902,0,1,0.8,0.0,0,6340,S,68.55266666666667,19,2
4-5-2,1,1,2026-08-30,1.0,5,0,0.0,0.5,まくり,0,5頭展開,1.0,1.0,1.0,1.0,0.7269999999999999,S,06,202608302106,0,1,0.8,0.0,0,3360,S,72.69999999999999,21,4
5-4-3,0,0,2026-08-31,1.0,3,0,0.629,0.6573,まくり,0,3まくり,0.3333333333333333,0.4,0.6,0.0,0.5186666666666667,B,03,202608310403,0,2,0.0,-0.5,-0.05,6730,B,52.445666666666675,04,5
3-1-4,0,0,2026-08-31,1.0,3,1,1.645,0.9111,まくり差し,0,3まくり,0.19999999999999998,0.0,0.19999999999999996,0.4,0.44570000000000004,B,06,202608310506,1300,1,0.19999999999999996,0.0,-0.21,1300,B,46.00500000000001,05,3
3-1-6,1,1,2026-08-31,0.8,3,1,-1.12,0.22,まくり差し,0,3まくり,0.7333333333333333,0.6,1.0,0.6,0.7444666666666667,S,09,202608310609,2130,1,0.6,-0.5,-0.05,2130,S,73.27666666666667,06,3
3-6-1,0,0,2026-08-31,0.4,3,1,-1.583,0.1044,まくり,1,3まくり,0.3333333333333333,0.8,0.0,0.19999999999999996,0.1764666666666667,B,10,202608310610,2160,1,0.0,-0.5,-0.05,2160,B,16.01366666666667,06,3
4-1-3,0,0,2026-08-31,0.6,3,0,-1.171,0.2073,抜き,0,3まくり,0.5333333333333333,0.4,0.8,0.4,0.5163666666666666,B,06,202608310706,0,1,0.19999999999999996,0.0,-0.21,1590,B,50.25566666666666,07,4
1-3-2,0,0,2026-08-31,0.4,3,0,-1.622,0.0945,逃げ,0,3まくり,0.39999999999999997,0.6,0.19999999999999996,0.4,0.24330000000000002,B,05,202608311105,0,1,0.0,0.0,-0.21,780,B,22.498,11,1
1-3-2,0,0,2026-08-31,0.4,3,0,-0.708,0.323,逃げ,0,3まくり,0.6,0.8,0.0,1.0,0.21755000000000002,B,09,202608311609,0,1,0.0,-0.5,-0.05,3860,B,20.997000000000003,16,1
1-4-3,0,0,2026-08-31,0.4,4,0,0.09,0.5226,逃げ,0,4カドまくり,0.19999999999999998,0.19999999999999996,0.0,0.4,0.38845000000000013,B,09,202608310409,0,1,0.8,0.0,-0.04,2660,B,38.89500000000002,04,1
1-4-6,0,0,2026-08-31,0.4,4,0,1.71,0.9275,逃げ,0,4カドまくり,0.8,1.0,1.0,0.4,0.518,B,05,202608310705,0,1,0.0,0.0,-0.04,790,B,53.470000000000006,07,1
4-5-1,1,1,2026-08-31,1.0,4,1,0.993,0.7483,まくり,1,4カドまくり,0.5,0.5,0.5,0.5,0.7885,S,04,202608310804,2290,1,1.0,0.0,-0.04,2290,S,79.80299999999998,08,4
1-4-2,0,0,2026-08-31,0.4,4,0,0.391,0.5978,逃げ,0,4カドまくり,0.8,0.8,0.8,0.8,0.43525,B,03,202608311903,0,1,0.0,0.0,-0.04,3030,B,43.876000000000005,19,1
1-5-4,1,0,2026-08-31,0.8,4,0,0.211,0.5527,逃げ,0,4カドまくり,0.3333333333333333,0.4,0.6,0.0,0.6479166666666667,A,11,202608311911,0,1,0.8,0.0,-0.04,3430,A,64.96266666666666,19,1
1-5-2,1,0,2026-08-31,0.6,4,0,0.047,0.5116,逃げ,0,4カドまくり,0.8,0.8,0.8,0.8,0.65955,A,10,202608312010,0,1,0.6,-0.5,-1.19,2160,A,64.812,20,1
5-1-2,0,0,2026-08-31,0.6,4,0,-1.075,0.2312,まくり差し,0,4カドまくり,0.6,0.4,0.6,0.8,0.52825,B,09,202608312109,0,1,0.4,0.0,-0.04,3210,B,51.71,21,5
1-4-3,0,0,2026-08-31,0.19999999999999996,5,0,0.0,0.5,逃げ,0,5頭展開,0.26666666666666666,0.4,0.19999999999999996,0.19999999999999996,0.3477366666666667,B,09,202608310409,0,1,0.19999999999999996,0.0,0,2660,B,34.77366666666667,04,1
4-5-1,1,1,2026-08-31,0.8,5,0,0.0,0.5,まくり,0,5頭展開,0.5,0.5,0.5,0.5,0.6727299999999999,S,04,202608310804,0,1,0.4,0.0,0,2290,S,67.273,08,4
5-4-1,1,0,2026-08-31,0.8,5,1,0.0,0.5,まくり,1,5頭展開,0.5,0.5,0.5,0.5,0.5778500000000001,A,06,202608310806,4730,1,1.0,0.0,0,4730,A,57.78500000000001,08,5
1-3-2,0,0,2026-08-31,0.0,5,0,0.0,0.5,逃げ,0,5頭展開,0.3333333333333333,0.19999999999999996,0.4,0.4,0.20364333333333334,B,12,202608311612,0,1,0.19999999999999996,-0.5,0,570,B,20.364333333333335,16,1
1-2-3,0,0,2026-08-31,0.4,5,0,0.0,0.5,逃げ,0,5頭展開,0.19999999999999996,0.19999999999999996,0.5,0.19999999999999996,0.48938000000000004,B,12,202608311812,0,1,0.0,0.0,0,1090,B,48.938,18,1
1-4-2,0,0,2026-08-31,0.19999999999999996,5,0,0.0,0.5,逃げ,0,5頭展開,0.8666666666666667,1.0,0.6,1.0,0.5469266666666667,B,03,202608311903,0,1,0.4,0.0,0,3030,B,54.69266666666667,19,1
5-1-2,1,1,2026-08-31,1.0,5,1,0.0,0.5,まくり差し,1,5頭展開,0.9333333333333333,0.8,1.0,1.0,0.7080533333333333,S,09,202608312109,3210,1,0.6,-0.5,0,3210,S,70.80533333333334,21,5
4-5-6,0,0,2026-09-01,0.0,3,0,-1.667,0.0832,まくり,0,3まくり,0.4666666666666666,0.6,0.19999999999999996,0.6,0.26703333333333334,B,05,202609010505,0,1,0.4,0.0,-0.21,2060,B,24.82633333333333,05,4
1-3-2,0,0,2026-09-01,1.0,3,0,0.59,0.6474,逃げ,0,3まくり,0.26666666666666666,0.19999999999999996,0.6,0.0,0.5450333333333334,B,07,202609010507,0,1,0.19999999999999996,0.0,-0.21,2520,B,54.88333333333334,05,1
3-1-2,1,0,2026-09-01,0.4,3,1,-1.171,0.2073,差し,0,3まくり,0.5333333333333333,0.4,0.6,0.6,0.5664666666666668,A,05,202609010605,2000,1,0.8,-0.5,-0.05,2000,A,55.42566666666668,06,3
3-4-5,0,0,2026-09-01,0.6,3,1,0.291,0.5726,まくり,1,3まくり,1.0,1.0,0.5,1.0,0.54535,B,03,202609011203,3680,1,0.19999999999999996,-0.5,-0.05,3680,B,54.775999999999996,12,3
1-2-4,1,0,2026-09-01,0.8,3,0,-1.543,0.1142,逃げ,0,3まくり,0.39999999999999997,0.19999999999999996,0.4,0.6,0.67775,S,12,202609012012,0,1,1.0,0.0,-0.21,1480,A,66.02199999999999,20,1
3-1-5,1,1,2026-09-01,1.0,3,1,0.291,0.5726,まくり差し,0,3まくり,0.6,0.8,0.4,0.6,0.7605,S,05,202609012405,2710,1,1.0,0.0,-0.21,2710,S,76.131,24,3
3-5-6,1,0,2026-09-01,1.0,3,1,1.198,0.7996,まくり,0,3まくり差し,0.5333333333333333,0.6,0.6,0.4,0.6034,A,02,202609010602,1730,1,0.6,-0.5,-0.23,1730,A,61.30800000000001,06,3
2-1-4,1,0,2026-09-01,1.0,4,0,0.364,0.591,差し,0,4カドまくり,0.4666666666666667,0.4,0.0,1.0,0.6626333333333334,A,03,202609010603,0,1,1.0,0.0,-0.04,1620,A,66.58733333333333,06,2
4-2-3,1,1,2026-09-01,1.0,4,1,1.245,0.8112,まくり差し,0,4カドまくり,0.5,0.5,0.5,0.5,0.7324999999999999,S,02,202609010802,5460,1,0.8,-0.5,-1.19,5460,S,73.305,08,4
1-4-5,1,0,2026-09-01,0.19999999999999996,4,0,0.758,0.6895,逃げ,0,4カドまくり,0.5,0.5,0.5,0.5,0.5645,A,04,202609010804,0,1,1.0,0.5,3.0,820,A,60.208000000000006,08,1
1-4-5,0,0,2026-09-01,0.19999999999999996,4,0,1.622,0.9056,逃げ,0,4カドまくり,0.4666666666666667,0.4,0.4,0.6,0.45888333333333337,B,03,202609012003,0,1,0.8,0.0,-0.04,2840,B,47.470333333333336,20,1
6-2-3,0,0,2026-09-01,0.19999999999999996,4,0,-1.715,0.0711,まくり差し,0,4カドまくり,0.4666666666666667,0.4,0.4,0.6,0.23758333333333337,B,01,202609012101,0,1,0.0,0.0,-0.04,152730,B,22.003333333333337,21,6
4-5-2,0,0,2026-09-01,0.4,5,0,0.0,0.5,まくり,0,5頭展開,0.3333333333333333,0.0,0.4,0.6,0.31081333333333333,B,02,202609010702,0,1,0.0,0.0,0,6080,B,31.081333333333333,07,4
1-4-5,0,0,2026-09-01,0.4,5,0,0.0,0.5,逃げ,0,5頭展開,0.5,0.5,0.5,0.5,0.5168900000000001,B,04,202609010804,0,1,0.4,0.0,0,820,B,51.68900000000001,08,1
1-4-2,0,0,2026-09-01,0.8,5,0,0.0,0.5,逃げ,0,5頭展開,0.5,0.5,0.5,0.5,0.45677000000000006,B,06,202609010806,0,1,0.0,0.0,0,2500,B,45.67700000000001,08,1
1-2-4,0,0,2026-09-01,0.8,5,0,0.0,0.5,逃げ,0,5頭展開,0.5,0.5,0.5,0.5,0.45477000000000006,B,12,202609010812,0,1,0.6,-0.5,0,560,B,45.477000000000004,08,1
2-1-3,0,0,2026-09-01,0.4,5,0,0.0,0.5,差し,0,5頭展開,0.55,0.5,0.5,0.6,0.46477,B,11,202609011211,0,1,1.0,-0.5,0,4710,B,46.477000000000004,12,2
2-4-1,0,0,2026-09-01,0.5,5,0,0.0,0.5,抜き,0,5頭展開,0.2,0.4,0.5,0.0,0.30491,B,03,202609011303,0,1,0.0,0.0,0,2150,B,30.491,13,2
4-2-5,0,0,2026-09-01,0.6,5,0,0.0,0.5,まくり差し,0,5頭展開,0.26666666666666666,0.0,0.19999999999999996,0.6,0.45781666666666665,B,04,202609011604,0,1,0.4,0.0,0,4580,B,45.781666666666666,16,4
1-5-3,1,0,2026-09-01,0.19999999999999996,5,0,0.0,0.5,逃げ,0,5頭展開,0.6,0.8,0.19999999999999996,0.8,0.6213400000000001,A,07,202609011907,0,1,0.8,0.0,0,2910,A,62.134000000000015,19,1
1-5-3,0,0,2026-09-01,0.0,5,0,0.0,0.5,逃げ,0,5頭展開,0.1333333333333333,0.19999999999999996,0.0,0.19999999999999996,0.3049133333333333,B,09,202609011909,0,1,0.19999999999999996,0.0,0,3220,B,30.49133333333333,19,1
3-4-1,0,0,2026-09-02,0.6,3,1,1.188,0.7969,まくり差し,0,3まくり,0.13333333333333333,0.0,0.0,0.4,0.4463666666666667,B,06,202609020506,1890,1,0.8,-0.5,-0.05,1890,B,45.774666666666675,05,3
1-5-2,0,0,2026-09-02,0.6,3,0,0.291,0.5726,逃げ,0,3まくり,0.4666666666666666,0.6,0.19999999999999996,0.6,0.35318333333333335,B,04,202609021704,0,1,0.19999999999999996,0.0,-0.21,1500,B,35.39933333333333,17,1
1-5-2,1,1,2026-09-02,1.0,4,0,1.415,0.8536,逃げ,0,4カドまくり,0.7333333333333333,0.6,1.0,0.6,0.9279666666666667,S,08,202609020608,0,1,1.0,0.0,-0.04,10630,S,94.17166666666667,06,1
5-4-1,0,0,2026-09-02,0.19999999999999996,4,0,-1.212,0.197,まくり差し,0,4カドまくり,0.5,0.5,0.5,0.5,0.5085000000000001,B,03,202609020803,0,1,0.8,0.0,-0.04,3150,B,49.598000000000006,08,5
4-2-1,0,0,2026-09-02,0.8,4,1,-1.508,0.1231,まくり,1,4カドまくり,0.5,0.5,0.5,0.5,0.5645,A,09,202609020809,9980,1,0.4,-0.5,-1.19,9980,B,53.752,08,4
4-5-2,0,0,2026-09-02,0.5,4,1,1.491,0.8728,差し,0,4カドまくり,0.7,0.6,0.5,0.8,0.51215,B,04,202609021204,1990,1,0.4,-0.5,-1.19,1990,B,51.516,12,4
1-2-3,1,0,2026-09-02,0.19999999999999996,4,0,1.847,0.9617,逃げ,0,4カドまくり,0.6,0.6,0.5,0.6,0.56645,A,03,202609021803,0,1,1.0,0.0,-0.04,4390,A,58.452000000000005,18,1
1-3-4,0,0,2026-09-02,0.6,4,0,0.047,0.5116,逃げ,0,4カドまくり,0.26666666666666666,0.0,0.8,0.0,0.45968333333333333,B,06,202609022206,0,1,0.19999999999999996,0.0,-0.04,1320,B,45.97533333333333,22,1
1-4-6,0,0,2026-09-02,0.6,4,0,0.047,0.5116,逃げ,0,4カドまくり,0.39999999999999997,0.6,0.4,0.19999999999999996,0.39435,B,07,202609022207,0,1,0.19999999999999996,0.0,-0.04,2950,B,39.44199999999999,22,1
2-5-1,1,0,2026-09-02,0.6,5,0,0.0,0.5,まくり,0,5頭展開,0.6,0.6,1.0,0.19999999999999996,0.65109,A,10,202609020510,0,1,0.8,-0.5,0,12770,A,65.109,05,2
5-4-1,0,0,2026-09-02,0.4,5,1,0.0,0.5,まくり差し,1,5頭展開,0.5,0.5,0.5,0.5,0.5372500000000001,B,03,202609020803,3150,1,1.0,0.0,0,3150,B,53.72500000000001,08,5
4-2-5,0,0,2026-09-02,0.8,5,0,0.0,0.5,まくり差し,0,5頭展開,0.5,0.5,0.5,0.5,0.4621300000000001,B,04,202609020804,0,1,0.8,0.5,0,2720,B,46.21300000000001,08,4
4-6-5,0,0,2026-09-02,0.6,5,0,0.0,0.5,まくり,0,5頭展開,0.39999999999999997,0.6,0.5,0.19999999999999996,0.49475,B,06,202609021306,0,1,0.6,0.0,0,18420,B,49.475,13,4
5-4-6,1,1,2026-09-02,0.8,5,1,0.0,0.5,まくり差し,1,5頭展開,0.7333333333333333,0.6,0.6,1.0,0.7702433333333335,S,03,202609021603,1200,1,1.0,-0.5,0,1200,S,77.02433333333335,16,5
1-2-3,0,0,2026-09-02,0.4,5,0,0.0,0.5,逃げ,0,5頭展開,0.2,0.0,0.5,0.4,0.4569,B,03,202609021803,0,1,0.8,0.0,0,4390,B,45.69,18,1
