grade,model,tickets_n,candidate_races,head_hits,head_rate_pct,ticket_hits,overall_hit_rate_pct,coverage_given_head_pct,equal_stake_roi_pct,avg_hit_payout_yen,odds_races,odds_coverage_pct,avg_composite_odds,median_composite_odds,avg_odds_lead_min
A,3まくり,1,602,208,34.5514950166113,30,4.983388704318937,14.423076923076923,78.08970099667773,1567,97,16.11295681063123,27.508247422680412,19.3,9.197213344329898
A,3まくり,2,602,208,34.5514950166113,54,8.970099667774086,25.96153846153846,65.64784053156146,1463.7037037037037,97,16.11295681063123,13.581636471050336,9.566433566433567,9.197213344329898
A,3まくり,3,602,208,34.5514950166113,78,12.956810631229235,37.5,67.76301218161683,1568.974358974359,97,16.11295681063123,9.12465598733983,7.208586912675166,9.197213344329898
A,3まくり,4,602,208,34.5514950166113,90,14.950166112956811,43.26923076923077,65.71428571428571,1758.2222222222222,97,16.11295681063123,7.49551463101361,6.427873518581105,9.197213344329898
A,3まくり,5,602,208,34.5514950166113,105,17.441860465116278,50.48076923076923,64.75415282392026,1856.2857142857142,97,16.11295681063123,6.48487707617997,5.221174149314437,9.197213344329898
A,3まくり,6,602,208,34.5514950166113,118,19.601328903654483,56.73076923076923,61.611295681063126,1885.9322033898304,97,16.11295681063123,5.52687439190469,4.558155713299753,9.197213344329898
A,3まくり,7,602,208,34.5514950166113,133,22.093023255813954,63.94230769230769,67.74323682961557,2146.3909774436092,97,16.11295681063123,5.0592962237573476,4.214480486919684,9.197213344329898
A,3まくり,8,602,208,34.5514950166113,142,23.588039867109636,68.26923076923077,64.27948504983388,2180.0704225352115,97,16.11295681063123,4.679345975654181,3.993158142741009,9.197213344329898
A,3まくり,9,602,208,34.5514950166113,150,24.916943521594686,72.11538461538461,63.98855666297527,2311.266666666667,97,16.11295681063123,4.415560150982238,3.674753901269602,9.197213344329898
A,3まくり,10,602,208,34.5514950166113,157,26.079734219269103,75.48076923076923,59.99501661129568,2300.4458598726114,97,16.11295681063123,4.125694017959502,3.423986747248414,9.197213344329898
A,3まくり,11,602,208,34.5514950166113,165,27.408637873754152,79.32692307692308,61.39987919057687,2464.181818181818,97,16.11295681063123,3.966128898348866,3.173557305830084,9.197213344329898
A,3まくり,12,602,208,34.5514950166113,169,28.07308970099668,81.25,58.3250276854928,2493.1360946745563,97,16.11295681063123,3.77983131796062,3.1212177814252247,9.197213344329898
A,3まくり,13,602,208,34.5514950166113,175,29.069767441860463,84.13461538461539,59.5514950166113,2663.1428571428573,97,16.11295681063123,3.6739947760537968,3.0211057374801995,9.197213344329898
A,3まくり,14,602,208,34.5514950166113,181,30.06644518272425,87.01923076923077,60.01423825344091,2794.475138121547,97,16.11295681063123,3.5450081193056775,2.913081083554968,9.197213344329898
A,3まくり,15,602,208,34.5514950166113,187,31.06312292358804,89.90384615384616,60.0,2897.3262032085563,97,16.11295681063123,3.441798120881819,2.7987425083695383,9.197213344329898
A,3まくり,16,602,208,34.5514950166113,193,32.05980066445183,92.78846153846153,65.00726744186046,3244.300518134715,97,16.11295681063123,3.3612673606585015,2.7539690626714846,9.197213344329898
A,3まくり,17,602,208,34.5514950166113,198,32.89036544850498,95.1923076923077,64.16064100058628,3316.2626262626263,97,16.11295681063123,3.2824118371625746,2.684841276499838,9.197213344329898
A,3まくり,18,602,208,34.5514950166113,201,33.388704318936874,96.63461538461539,63.44407530454042,3420.2985074626868,97,16.11295681063123,3.223137620995971,2.674297861983672,9.197213344329898
A,3まくり,19,602,208,34.5514950166113,206,34.21926910299003,99.03846153846153,68.44290959958035,3800.242718446602,97,16.11295681063123,3.167982775870873,2.6233296969468567,9.197213344329898
A,3まくり,20,602,208,34.5514950166113,208,34.5514950166113,100.0,66.1985049833887,3831.875,97,16.11295681063123,3.121571154792889,2.5816834101196426,9.197213344329898
A,3まくり差し,1,53,23,43.39622641509434,1,1.8867924528301887,4.3478260869565215,25.09433962264151,1330,12,22.641509433962263,28.0,24.0,8.772505686111112
A,3まくり差し,2,53,23,43.39622641509434,4,7.547169811320755,17.391304347826086,41.509433962264154,1100,12,22.641509433962263,16.192916935930697,10.025009081626642,8.772505686111112
A,3まくり差し,3,53,23,43.39622641509434,8,15.09433962264151,34.78260869565217,54.15094339622642,1076.25,12,22.641509433962263,7.398322435151094,7.112609509912151,8.772505686111112
A,3まくり差し,4,53,23,43.39622641509434,8,15.09433962264151,34.78260869565217,40.613207547169814,1076.25,12,22.641509433962263,5.77121456165321,5.942657768879313,8.772505686111112
A,3まくり差し,5,53,23,43.39622641509434,11,20.754716981132077,47.82608695652174,53.20754716981132,1281.8181818181818,12,22.641509433962263,4.951023315958388,5.313762894084474,8.772505686111112
A,3まくり差し,6,53,23,43.39622641509434,13,24.528301886792452,56.52173913043478,53.83647798742138,1316.923076923077,12,22.641509433962263,4.304616195091749,4.245337718796123,8.772505686111112
A,3まくり差し,7,53,23,43.39622641509434,15,28.30188679245283,65.21739130434783,83.77358490566037,2072,12,22.641509433962263,3.8650887446423545,3.4918145253534414,8.772505686111112
A,3まくり差し,8,53,23,43.39622641509434,15,28.30188679245283,65.21739130434783,73.30188679245283,2072,12,22.641509433962263,3.521810279799794,3.411745816178059,8.772505686111112
A,3まくり差し,9,53,23,43.39622641509434,15,28.30188679245283,65.21739130434783,65.15723270440252,2072,12,22.641509433962263,3.2038982204324395,3.128707209770936,8.772505686111112
A,3まくり差し,10,53,23,43.39622641509434,15,28.30188679245283,65.21739130434783,58.64150943396226,2072,12,22.641509433962263,2.942531389181111,2.8208329395193488,8.772505686111112
A,3まくり差し,11,53,23,43.39622641509434,15,28.30188679245283,65.21739130434783,53.310463121783876,2072,12,22.641509433962263,2.753157457778558,2.6552622182119237,8.772505686111112
A,3まくり差し,12,53,23,43.39622641509434,15,28.30188679245283,65.21739130434783,48.867924528301884,2072,12,22.641509433962263,2.602632295239342,2.6152595575447606,8.772505686111112
A,3まくり差し,13,53,23,43.39622641509434,15,28.30188679245283,65.21739130434783,45.1088534107402,2072,12,22.641509433962263,2.4631346157723772,2.41044320383845,8.772505686111112
A,3まくり差し,14,53,23,43.39622641509434,15,28.30188679245283,65.21739130434783,41.886792452830186,2072,12,22.641509433962263,2.350371798448025,2.339571687139607,8.772505686111112
A,3まくり差し,15,53,23,43.39622641509434,17,32.075471698113205,73.91304347826087,45.081761006289305,2108.235294117647,12,22.641509433962263,2.260908566324335,2.236013547314284,8.772505686111112
A,3まくり差し,16,53,23,43.39622641509434,19,35.84905660377358,82.6086956521739,51.485849056603776,2297.8947368421054,12,22.641509433962263,2.1618838144614747,2.055694503568125,8.772505686111112
A,3まくり差し,17,53,23,43.39622641509434,20,37.735849056603776,86.95652173913044,53.69589345172031,2419,12,22.641509433962263,2.1014108809626375,2.0091446144814324,8.772505686111112
A,3まくり差し,18,53,23,43.39622641509434,22,41.509433962264154,95.65217391304348,56.299790356394126,2441.3636363636365,12,22.641509433962263,2.046164707001381,1.9487388927059093,8.772505686111112
A,3まくり差し,19,53,23,43.39622641509434,22,41.509433962264154,95.65217391304348,53.336643495531284,2441.3636363636365,12,22.641509433962263,1.9987676235881489,1.8867234010062344,8.772505686111112
A,3まくり差し,20,53,23,43.39622641509434,23,43.39622641509434,100.0,64.24528301886792,2960.8695652173915,12,22.641509433962263,1.951836663689237,1.8569418459210596,8.772505686111112
A,4カドまくり,1,528,148,28.03030303030303,17,3.2196969696969697,11.486486486486486,50.928030303030305,1581.764705882353,96,18.181818181818183,25.994791666666668,19.8,9.08183504201389
A,4カドまくり,2,528,148,28.03030303030303,32,6.0606060606060606,21.62162162162162,52.24431818181818,1724.0625,96,18.181818181818183,14.104898949042115,10.383277610404878,9.08183504201389
A,4カドまくり,3,528,148,28.03030303030303,55,10.416666666666666,37.16216216216216,66.16161616161617,1905.4545454545455,96,18.181818181818183,9.74535431676231,7.671066626618609,9.08183504201389
A,4カドまくり,4,528,148,28.03030303030303,64,12.121212121212121,43.24324324324324,60.58238636363637,1999.21875,96,18.181818181818183,8.244814376629098,6.437820365912097,9.08183504201389
A,4カドまくり,5,528,148,28.03030303030303,70,13.257575757575758,47.2972972972973,60.25757575757576,2272.5714285714284,95,17.992424242424242,7.121796787803448,5.548104237999025,9.086301174561404
A,4カドまくり,6,528,148,28.03030303030303,81,15.340909090909092,54.729729729729726,59.84848484848485,2340.740740740741,95,17.992424242424242,6.324613170043774,5.0738937189865805,9.086301174561404
A,4カドまくり,7,528,148,28.03030303030303,95,17.992424242424242,64.1891891891892,78.08441558441558,3037.8947368421054,95,17.992424242424242,5.833539518797769,4.8238847454322995,9.086301174561404
A,4カドまくり,8,528,148,28.03030303030303,104,19.696969696969695,70.27027027027027,77.04782196969697,3129.326923076923,95,17.992424242424242,5.318525033631883,4.349790537225457,9.086301174561404
A,4カドまくり,9,528,148,28.03030303030303,112,21.21212121212121,75.67567567567568,83.52272727272727,3543.75,95,17.992424242424242,5.033592315956156,4.180780147595075,9.086301174561404
A,4カドまくり,10,528,148,28.03030303030303,118,22.348484848484848,79.72972972972973,79.36931818181819,3551.4406779661017,95,17.992424242424242,4.75323418391047,3.8793195153298488,9.086301174561404
A,4カドまくり,11,528,148,28.03030303030303,122,23.106060606060606,82.43243243243244,77.99931129476585,3713.27868852459,95,17.992424242424242,4.574137746459656,3.7282109724880117,9.086301174561404
A,4カドまくり,12,528,148,28.03030303030303,125,23.674242424242426,84.45945945945945,74.60227272727273,3781.44,95,17.992424242424242,4.37833416981673,3.5445983598931745,9.086301174561404
A,4カドまくり,13,528,148,28.03030303030303,130,24.62121212121212,87.83783783783784,73.74271561771562,3893.6153846153848,95,17.992424242424242,4.213187439977281,3.452717746811185,9.086301174561404
A,4カドまくり,14,528,148,28.03030303030303,135,25.568181818181817,91.21621621621621,72.67316017316017,3979.259259259259,95,17.992424242424242,4.094721428670618,3.361276737340201,9.086301174561404
A,4カドまくり,15,528,148,28.03030303030303,138,26.136363636363637,93.24324324324324,70.78282828282828,4062.31884057971,95,17.992424242424242,3.991932875265032,3.212322828335618,9.086301174561404
A,4カドまくり,16,528,148,28.03030303030303,142,26.893939393939394,95.94594594594595,68.72632575757575,4088.7323943661972,95,17.992424242424242,3.889481473136534,3.123528303776557,9.086301174561404
A,4カドまくり,17,528,148,28.03030303030303,143,27.083333333333332,96.62162162162163,65.36430481283422,4102.867132867133,95,17.992424242424242,3.80356575802252,3.082103868881418,9.086301174561404
A,4カドまくり,18,528,148,28.03030303030303,147,27.84090909090909,99.32432432432432,70.1199494949495,4533.469387755102,95,17.992424242424242,3.7326224092964337,3.030999625595714,9.086301174561404
A,4カドまくり,19,528,148,28.03030303030303,148,28.03030303030303,100.0,68.20374800637958,4623.108108108108,95,17.992424242424242,3.6770379933511403,3.010045926291803,9.086301174561404
A,4カドまくり,20,528,148,28.03030303030303,148,28.03030303030303,100.0,64.79356060606061,4623.108108108108,95,17.992424242424242,3.627212382411557,2.998640762768447,9.086301174561404
A,5頭展開,1,911,99,10.867178924259056,13,1.4270032930845225,13.131313131313131,57.12403951701427,4003.076923076923,134,14.709110867178925,99.20522388059702,59.35000000000001,9.007294116293533
A,5頭展開,2,911,99,10.867178924259056,30,3.293084522502744,30.303030303030305,89.30845225027443,5424,134,14.709110867178925,50.9455182489966,30.018882810469876,9.007294116293533
A,5頭展開,3,911,99,10.867178924259056,40,4.390779363336993,40.4040404040404,75.78485181119649,5178,134,14.709110867178925,34.007086218044904,21.463053899545358,9.007294116293533
A,5頭展開,4,911,99,10.867178924259056,47,5.159165751920966,47.474747474747474,76.0675082327113,5897.659574468085,134,14.709110867178925,26.834494497247437,17.82318291616324,9.007294116293533
A,5頭展開,5,911,99,10.867178924259056,52,5.70801317233809,52.525252525252526,76.09659714599341,6665.7692307692305,134,14.709110867178925,22.388978361504986,15.591338715146296,9.007294116293533
A,5頭展開,6,911,99,10.867178924259056,59,6.476399560922063,59.5959595959596,87.03622392974754,8063.389830508475,134,14.709110867178925,19.317854536296803,13.54808187225607,9.007294116293533
A,5頭展開,7,911,99,10.867178924259056,66,7.244785949506038,66.66666666666667,92.65485337933197,8952.424242424242,134,14.709110867178925,17.255723510352574,12.403687237272912,9.007294116293533
A,5頭展開,8,911,99,10.867178924259056,67,7.3545554335894625,67.67676767676768,83.39050493962678,9070.89552238806,134,14.709110867178925,15.608647511049055,11.454058710707628,9.007294116293533
A,5頭展開,9,911,99,10.867178924259056,71,7.793633369923161,71.71717171717172,80.30613489449932,9273.661971830987,134,14.709110867178925,14.290132801347902,10.583709400981817,9.007294116293533
A,5頭展開,10,911,99,10.867178924259056,78,8.562019758507136,78.78787878787878,81.66190998902306,9537.692307692309,134,14.709110867178925,13.255042158373438,10.010048084042719,9.007294116293533
A,5頭展開,11,911,99,10.867178924259056,80,8.781558726673985,80.8080808080808,80.40714499550943,10072,134,14.709110867178925,12.513896890347175,9.690167590408915,9.007294116293533
A,5頭展開,12,911,99,10.867178924259056,82,9.001097694840833,82.82828282828282,78.20801317233808,10426.463414634147,134,14.709110867178925,11.871963100835726,9.256257827574723,9.007294116293533
A,5頭展開,13,911,99,10.867178924259056,87,9.549945115257959,87.87878787878788,88.60930507472769,12062.068965517241,134,14.709110867178925,11.353702603077068,8.930486350861475,9.007294116293533
A,5頭展開,14,911,99,10.867178924259056,88,9.659714599341383,88.88888888888889,88.17939469970206,12780,134,14.709110867178925,10.808030904658247,8.566480904402237,9.007294116293533
A,5頭展開,15,911,99,10.867178924259056,93,10.208562019758507,93.93939393939394,89.3523600439078,13129.032258064517,134,14.709110867178925,10.384201602763651,8.427802057205284,9.007294116293533
A,5頭展開,16,911,99,10.867178924259056,95,10.428100987925356,95.95959595959596,85.8397365532382,13170.526315789473,134,14.709110867178925,10.06683381955067,8.228236956340886,9.007294116293533
A,5頭展開,17,911,99,10.867178924259056,96,10.537870472008782,96.96969696969697,82.12048815135275,13247.916666666666,134,14.709110867178925,9.707523623355318,8.067138806637217,9.007294116293533
A,5頭展開,18,911,99,10.867178924259056,96,10.537870472008782,96.96969696969697,77.55823880961093,13247.916666666666,134,14.709110867178925,9.451635179686182,7.854199212448146,9.007294116293533
A,5頭展開,19,911,99,10.867178924259056,96,10.537870472008782,96.96969696969697,73.47622624068404,13247.916666666666,134,14.709110867178925,9.214624291968887,7.740673185386969,9.007294116293533
A,5頭展開,20,911,99,10.867178924259056,99,10.867178924259056,100.0,75.94511525795829,13976.969696969696,134,14.709110867178925,9.014967789505217,7.624846303390317,9.007294116293533
S,3まくり,1,301,121,40.199335548172755,20,6.644518272425249,16.52892561983471,106.61129568106313,1604.5,44,14.617940199335548,19.62727272727273,15.9,9.203713449621212
S,3まくり,2,301,121,40.199335548172755,36,11.960132890365449,29.75206611570248,90.68106312292359,1516.388888888889,44,14.617940199335548,10.829845236507078,9.520969308469308,9.203713449621212
S,3まくり,3,301,121,40.199335548172755,49,16.27906976744186,40.49586776859504,85.5703211517165,1576.938775510204,44,14.617940199335548,7.024459561993278,6.110455592628192,9.203713449621212
S,3まくり,4,301,121,40.199335548172755,54,17.940199335548172,44.62809917355372,75.9468438538206,1693.3333333333333,44,14.617940199335548,5.91593764184683,4.976895583673218,9.203713449621212
S,3まくり,5,301,121,40.199335548172755,62,20.59800664451827,51.239669421487605,69.51495016611295,1687.4193548387098,44,14.617940199335548,5.019739366407678,4.279825405557969,9.203713449621212
S,3まくり,6,301,121,40.199335548172755,72,23.920265780730897,59.50413223140496,70.73643410852713,1774.3055555555557,44,14.617940199335548,4.37258559648766,3.7864612734715704,9.203713449621212
S,3まくり,7,301,121,40.199335548172755,82,27.242524916943523,67.76859504132231,83.87280493592786,2155.121951219512,44,14.617940199335548,4.051118446622194,3.3130433080739925,9.203713449621212
S,3まくり,8,301,121,40.199335548172755,86,28.571428571428573,71.07438016528926,77.0390365448505,2157.093023255814,44,14.617940199335548,3.7368478738805346,3.034378153791914,9.203713449621212
S,3まくり,9,301,121,40.199335548172755,93,30.897009966777407,76.85950413223141,80.265780730897,2338.064516129032,44,14.617940199335548,3.499763087051897,2.910586703495036,9.203713449621212
S,3まくり,10,301,121,40.199335548172755,96,31.893687707641195,79.33884297520662,74.10631229235881,2323.5416666666665,44,14.617940199335548,3.301393046966108,2.7600948129561695,9.203713449621212
S,3まくり,11,301,121,40.199335548172755,100,33.222591362126245,82.64462809917356,76.7109634551495,2539.9,44,14.617940199335548,3.1791334847912864,2.6329662069690496,9.203713449621212
S,3まくり,12,301,121,40.199335548172755,102,33.88704318936877,84.29752066115702,72.22591362126246,2557.6470588235293,44,14.617940199335548,3.050562342956425,2.5517094372095266,9.203713449621212
S,3まくり,13,301,121,40.199335548172755,106,35.21594684385382,87.60330578512396,75.95706618962433,2803.9622641509436,44,14.617940199335548,2.9631491153470777,2.4691052927967965,9.203713449621212
S,3まくり,14,301,121,40.199335548172755,110,36.54485049833887,90.9090909090909,74.2453725676317,2844.2727272727275,44,14.617940199335548,2.8704150726051227,2.4320325702395094,9.203713449621212
S,3まくり,15,301,121,40.199335548172755,112,37.2093023255814,92.56198347107438,72.8172757475083,2935.4464285714284,44,14.617940199335548,2.7879234486734665,2.4062333598492875,9.203713449621212
S,3まくり,16,301,121,40.199335548172755,116,38.538205980066444,95.86776859504133,80.15573089700996,3327.844827586207,44,14.617940199335548,2.7245337858445886,2.376796449896995,9.203713449621212
S,3まくり,17,301,121,40.199335548172755,118,39.20265780730897,97.52066115702479,78.46394371702169,3402.5423728813557,44,14.617940199335548,2.676349338377012,2.347411770324018,9.203713449621212
S,3まくり,18,301,121,40.199335548172755,119,39.53488372093023,98.34710743801652,75.48172757475083,3436.638655462185,44,14.617940199335548,2.6342060572380466,2.326865741486662,9.203713449621212
S,3まくり,19,301,121,40.199335548172755,120,39.8671096345515,99.17355371900827,71.95663577548522,3429.3333333333335,44,14.617940199335548,2.593875871985315,2.3025168595099554,9.203713449621212
S,3まくり,20,301,121,40.199335548172755,121,40.199335548172755,100.0,69.17275747508306,3441.4876033057853,44,14.617940199335548,2.5618423620576727,2.286480458064475,9.203713449621212
S,3まくり差し,1,26,11,42.30769230769231,0,0.0,0.0,0.0,0,7,26.923076923076923,17.042857142857144,15.1,8.80869329047619
S,3まくり差し,2,26,11,42.30769230769231,2,7.6923076923076925,18.181818181818183,52.30769230769231,1360,7,26.923076923076923,8.931250295110738,7.566371681415929,8.80869329047619
S,3まくり差し,3,26,11,42.30769230769231,5,19.23076923076923,45.45454545454545,70.76923076923077,1104,7,26.923076923076923,6.400860028666856,5.862618405213565,8.80869329047619
S,3まくり差し,4,26,11,42.30769230769231,5,19.23076923076923,45.45454545454545,53.07692307692308,1104,7,26.923076923076923,5.319987295187618,4.378749269010354,8.80869329047619
S,3まくり差し,5,26,11,42.30769230769231,5,19.23076923076923,45.45454545454545,42.46153846153846,1104,7,26.923076923076923,4.484736997134046,3.5515499694134025,8.80869329047619
S,3まくり差し,6,26,11,42.30769230769231,7,26.923076923076923,63.63636363636363,54.743589743589745,1220,7,26.923076923076923,3.923747157706154,3.4139253772548432,8.80869329047619
S,3まくり差し,7,26,11,42.30769230769231,8,30.76923076923077,72.72727272727273,54.67032967032967,1243.75,7,26.923076923076923,3.5823667647385973,3.2247654363794145,8.80869329047619
S,3まくり差し,8,26,11,42.30769230769231,8,30.76923076923077,72.72727272727273,47.83653846153846,1243.75,7,26.923076923076923,3.2574052198560968,2.7371112039944365,8.80869329047619
S,3まくり差し,9,26,11,42.30769230769231,8,30.76923076923077,72.72727272727273,42.52136752136752,1243.75,7,26.923076923076923,2.9136114939910778,2.4160869916339296,8.80869329047619
S,3まくり差し,10,26,11,42.30769230769231,8,30.76923076923077,72.72727272727273,38.26923076923077,1243.75,7,26.923076923076923,2.6622622092931025,2.3572510051710194,8.80869329047619
S,3まくり差し,11,26,11,42.30769230769231,8,30.76923076923077,72.72727272727273,34.79020979020979,1243.75,7,26.923076923076923,2.4485378223861423,2.2875816994796847,8.80869329047619
S,3まくり差し,12,26,11,42.30769230769231,8,30.76923076923077,72.72727272727273,31.891025641025642,1243.75,7,26.923076923076923,2.3325642825591393,2.2370149556650434,8.80869329047619
S,3まくり差し,13,26,11,42.30769230769231,8,30.76923076923077,72.72727272727273,29.437869822485208,1243.75,7,26.923076923076923,2.2300778569334643,2.051239511722742,8.80869329047619
S,3まくり差し,14,26,11,42.30769230769231,8,30.76923076923077,72.72727272727273,27.335164835164836,1243.75,7,26.923076923076923,2.1495704554195783,2.0053029904482083,8.80869329047619
S,3まくり差し,15,26,11,42.30769230769231,10,38.46153846153846,90.9090909090909,37.717948717948715,1471,7,26.923076923076923,2.0603260530949585,1.976945517217666,8.80869329047619
S,3まくり差し,16,26,11,42.30769230769231,10,38.46153846153846,90.9090909090909,35.36057692307692,1471,7,26.923076923076923,1.9765397621231668,1.9087101470743304,8.80869329047619
S,3まくり差し,17,26,11,42.30769230769231,11,42.30769230769231,100.0,43.959276018099544,1766.3636363636363,7,26.923076923076923,1.9395258024770035,1.8756531008510084,8.80869329047619
S,3まくり差し,18,26,11,42.30769230769231,11,42.30769230769231,100.0,41.51709401709402,1766.3636363636363,7,26.923076923076923,1.9042918999130676,1.8340070830270097,8.80869329047619
S,3まくり差し,19,26,11,42.30769230769231,11,42.30769230769231,100.0,39.33198380566802,1766.3636363636363,7,26.923076923076923,1.8540913920541913,1.729231075654656,8.80869329047619
S,3まくり差し,20,26,11,42.30769230769231,11,42.30769230769231,100.0,37.36538461538461,1766.3636363636363,7,26.923076923076923,1.8074705186516664,1.7082610547975283,8.80869329047619
S,4カドまくり,1,270,82,30.37037037037037,11,4.074074074074074,13.414634146341463,68.74074074074075,1687.2727272727273,46,17.037037037037038,22.130434782608695,16.4,9.1025536442029
S,4カドまくり,2,270,82,30.37037037037037,19,7.037037037037037,23.170731707317074,63.48148148148148,1804.2105263157894,46,17.037037037037038,12.756495554738438,8.861515580736544,9.1025536442029
S,4カドまくり,3,270,82,30.37037037037037,30,11.11111111111111,36.58536585365854,68.54320987654322,1850.6666666666667,46,17.037037037037038,8.654824180876892,6.45875454377165,9.1025536442029
S,4カドまくり,4,270,82,30.37037037037037,32,11.851851851851851,39.02439024390244,56.101851851851855,1893.4375,46,17.037037037037038,7.23558775345608,5.56420374543929,9.1025536442029
S,4カドまくり,5,270,82,30.37037037037037,36,13.333333333333334,43.90243902439025,60.77037037037037,2278.8888888888887,46,17.037037037037038,6.201304684104474,4.686464403905638,9.1025536442029
S,4カドまくり,6,270,82,30.37037037037037,43,15.925925925925926,52.4390243902439,60.148148148148145,2266.046511627907,46,17.037037037037038,5.593062831207157,4.004591279198954,9.1025536442029
S,4カドまくり,7,270,82,30.37037037037037,52,19.25925925925926,63.41463414634146,79.88359788359789,2903.4615384615386,46,17.037037037037038,5.1588246252173535,3.791265340525194,9.1025536442029
S,4カドまくり,8,270,82,30.37037037037037,58,21.48148148148148,70.73170731707317,82.33796296296296,3066.3793103448274,46,17.037037037037038,4.710759905429687,3.5956687616971177,9.1025536442029
S,4カドまくり,9,270,82,30.37037037037037,61,22.59259259259259,74.39024390243902,81.94650205761317,3264.4262295081967,46,17.037037037037038,4.440634380696475,3.301725008758507,9.1025536442029
S,4カドまくり,10,270,82,30.37037037037037,64,23.703703703703702,78.04878048780488,77.21111111111111,3257.34375,46,17.037037037037038,4.185642467538592,3.1649337355748,9.1025536442029
S,4カドまくり,11,270,82,30.37037037037037,67,24.814814814814813,81.70731707317073,80.03030303030303,3547.6119402985073,46,17.037037037037038,4.0103835142063495,3.031019137472698,9.1025536442029
S,4カドまくり,12,270,82,30.37037037037037,68,25.185185185185187,82.92682926829268,74.66666666666667,3557.6470588235293,46,17.037037037037038,3.85589112244362,2.9535257555938306,9.1025536442029
S,4カドまくり,13,270,82,30.37037037037037,73,27.037037037037038,89.02439024390245,78.46438746438747,3772.7397260273974,46,17.037037037037038,3.719202082044097,2.8640207530047075,9.1025536442029
S,4カドまくり,14,270,82,30.37037037037037,77,28.51851851851852,93.90243902439025,79.47619047619048,3901.5584415584417,46,17.037037037037038,3.6142179911213144,2.7989606279088624,9.1025536442029
S,4カドまくり,15,270,82,30.37037037037037,78,28.88888888888889,95.1219512195122,75.0246913580247,3895.5128205128203,46,17.037037037037038,3.519916779187596,2.7195459744313304,9.1025536442029
S,4カドまくり,16,270,82,30.37037037037037,79,29.25925925925926,96.34146341463415,71.21527777777777,3894.3037974683543,46,17.037037037037038,3.4341307739098776,2.683654413292473,9.1025536442029
S,4カドまくり,17,270,82,30.37037037037037,80,29.62962962962963,97.5609756097561,68.35729847494554,3922,46,17.037037037037038,3.3566880426059558,2.653276969676884,9.1025536442029
S,4カドまくり,18,270,82,30.37037037037037,82,30.37037037037037,100.0,67.97942386831275,4029.0243902439024,46,17.037037037037038,3.298088933560921,2.624309946478058,9.1025536442029
S,4カドまくり,19,270,82,30.37037037037037,82,30.37037037037037,100.0,64.40155945419103,4029.0243902439024,46,17.037037037037038,3.2491208868501484,2.5986498116789845,9.1025536442029
S,4カドまくり,20,270,82,30.37037037037037,82,30.37037037037037,100.0,61.181481481481484,4029.0243902439024,46,17.037037037037038,3.2076629893106245,2.578068386516426,9.1025536442029
S,5頭展開,1,350,46,13.142857142857142,7,2.0,15.217391304347826,96.11428571428571,4805.714285714285,44,12.571428571428571,65.61136363636363,41.5,9.05391498939394
S,5頭展開,2,350,46,13.142857142857142,16,4.571428571428571,34.78260869565217,99.84285714285714,4368.125,44,12.571428571428571,32.823273704644535,22.6908648922523,9.05391498939394
S,5頭展開,3,350,46,13.142857142857142,21,6.0,45.65217391304348,78.84761904761905,3942.3809523809523,44,12.571428571428571,22.019002857050122,13.733955130412518,9.05391498939394
S,5頭展開,4,350,46,13.142857142857142,23,6.571428571428571,50.0,81.02857142857142,4932.173913043478,44,12.571428571428571,17.73474030397704,11.644061944257743,9.05391498939394
S,5頭展開,5,350,46,13.142857142857142,26,7.428571428571429,56.52173913043478,77.57714285714286,5221.538461538462,44,12.571428571428571,15.072568372907881,10.587392031902905,9.05391498939394
S,5頭展開,6,350,46,13.142857142857142,30,8.571428571428571,65.21739130434783,109.47142857142858,7663,44,12.571428571428571,12.948936843408969,9.641796499983867,9.05391498939394
S,5頭展開,7,350,46,13.142857142857142,35,10.0,76.08695652173913,129.08163265306123,9035.714285714286,44,12.571428571428571,11.754718026134103,8.510925866256551,9.05391498939394
S,5頭展開,8,350,46,13.142857142857142,35,10.0,76.08695652173913,112.94642857142857,9035.714285714286,44,12.571428571428571,10.89071542586666,8.144828107216656,9.05391498939394
S,5頭展開,9,350,46,13.142857142857142,36,10.285714285714286,78.26086956521739,106.27619047619048,9299.166666666666,44,12.571428571428571,10.031200617134978,7.278827554829178,9.05391498939394
S,5頭展開,10,350,46,13.142857142857142,37,10.571428571428571,80.43478260869566,99.28571428571429,9391.891891891892,44,12.571428571428571,9.328724153988526,6.91516842753806,9.05391498939394
S,5頭展開,11,350,46,13.142857142857142,38,10.857142857142858,82.6086956521739,100.6051948051948,10192.894736842105,44,12.571428571428571,8.82604964991376,6.602898248208507,9.05391498939394
S,5頭展開,12,350,46,13.142857142857142,39,11.142857142857142,84.78260869565217,96.38333333333334,10379.74358974359,44,12.571428571428571,8.411193718754507,6.421906789206021,9.05391498939394
S,5頭展開,13,350,46,13.142857142857142,40,11.428571428571429,86.95652173913044,95.69450549450549,10885.25,44,12.571428571428571,8.13512085914736,6.255942410422584,9.05391498939394
S,5頭展開,14,350,46,13.142857142857142,40,11.428571428571429,86.95652173913044,88.85918367346939,10885.25,44,12.571428571428571,7.7748638800575005,6.09782922695962,9.05391498939394
S,5頭展開,15,350,46,13.142857142857142,43,12.285714285714286,93.47826086956522,99.24380952380952,12116.976744186046,44,12.571428571428571,7.487548033750878,6.018204803019472,9.05391498939394
S,5頭展開,16,350,46,13.142857142857142,44,12.571428571428571,95.65217391304348,97.15178571428571,12364.772727272728,44,12.571428571428571,7.29734582470274,5.932753567953525,9.05391498939394
S,5頭展開,17,350,46,13.142857142857142,45,12.857142857142858,97.82608695652173,94.89915966386555,12547.777777777777,44,12.571428571428571,7.088762895066562,5.824429976867785,9.05391498939394
S,5頭展開,18,350,46,13.142857142857142,45,12.857142857142858,97.82608695652173,89.62698412698413,12547.777777777777,44,12.571428571428571,6.9471564144574325,5.768257881477984,9.05391498939394
S,5頭展開,19,350,46,13.142857142857142,45,12.857142857142858,97.82608695652173,84.90977443609023,12547.777777777777,44,12.571428571428571,6.798866506430262,5.689837010548793,9.05391498939394
S,5頭展開,20,350,46,13.142857142857142,46,13.142857142857142,100.0,82.17857142857143,12505.434782608696,44,12.571428571428571,6.682157869563586,5.642464407225327,9.05391498939394
