combo,odds,pair_prob_model,second_prob,third_prob_cond,combo_prob,model_ev,stake,date,race_code,venue,race,score3,composite_odds,actual_combo,hit,payout100,return
3-4-5,5.3,0.09031048272694513,0.2836145216646732,0.3184268640296289,0.015078750799935694,0.07991737923965918,2900,2026-08-05,202608051709,17,09R,71.32,5.04,3-1-2,0,0,0
3-1-6,180.2,0.03214615367960102,0.21381391799604949,0.1503464039239717,0.0053673042804644085,0.9671882313396863,1100,2026-08-05,202608051709,17,09R,71.32,5.04,3-1-2,0,0,0
3-6-4,241.9,0.03083105287330914,0.08927916606602068,0.3453331189329212,0.0051477275853112426,1.2452353028867895,1000,2026-08-05,202608051709,17,09R,71.32,5.04,3-1-2,0,0,0
3-5-6,9.4,0.09214698060004883,0.25943293438781384,0.3551861324680649,0.015009710772191365,0.14109128125859885,2600,2026-08-06,202608061209,12,09R,70.27,5.07,5-3-4,0,0,0
3-1-5,11.0,0.08525378943223916,0.24124873694544935,0.35338543327386024,0.013886887158737095,0.15275575874610806,2400,2026-08-06,202608061209,12,09R,70.27,5.07,5-3-4,0,0,0
3-1-6,10.5,0.13159527621401773,0.4052830194003261,0.3246997034534821,0.020980814785795953,0.2202985552508575,2000,2026-08-06,202608061407,14,07R,69.61,5.2,3-6-1,0,0,0
3-1-2,20.7,0.0996916133394906,0.4052830194003261,0.24598023743259345,0.015894273224301616,0.3290114557430434,1600,2026-08-06,202608061407,14,07R,69.61,5.2,3-6-1,0,0,0
3-1-4,20.5,0.08943303824014703,0.4052830194003261,0.22066811082407534,0.014258703389899166,0.2923034194929329,1400,2026-08-06,202608061407,14,07R,69.61,5.2,3-6-1,0,0,0
3-1-6,12.9,0.13096576395649512,0.40174736603158173,0.32599034873622484,0.015450310634006365,0.1993090071786821,1500,2026-08-06,202608061703,17,03R,82.35,5.0,3-5-4,0,0,0
3-1-5,15.6,0.10629384909754469,0.40174736603158173,0.2645788325820382,0.012539712192163452,0.19561951019774984,1200,2026-08-06,202608061703,17,03R,82.35,5.0,3-5-4,0,0,0
3-1-4,29.3,0.0848888881552861,0.40174736603158173,0.2112991778734223,0.010014523275031438,0.29342553195842114,1000,2026-08-06,202608061703,17,03R,82.35,5.0,3-5-4,0,0,0
3-1-2,56.3,0.07959886482225585,0.40174736603158173,0.1981316408083146,0.009390447934367527,0.5286822187048917,900,2026-08-06,202608061703,17,03R,82.35,5.0,3-5-4,0,0,0
3-2-1,154.3,0.02821642115443548,0.10162285009143456,0.27765823462978967,0.0033287514129325705,0.5136263430154957,400,2026-08-06,202608061703,17,03R,82.35,5.0,3-5-4,0,0,0
3-2-4,19.1,0.12650600686340466,0.3100938675212008,0.40796036333983793,0.021950326115178418,0.41925122879990784,900,2026-08-07,202608071406,14,06R,73.69,5.01,3-2-5,0,0,0
3-4-2,18.8,0.11105648115875122,0.24357420893383291,0.45594515792482687,0.019269646075153576,0.36226934621288726,800,2026-08-07,202608071406,14,06R,73.69,5.01,3-2-5,0,0,0
3-1-2,37.7,0.10618608418330935,0.27437367536757035,0.38701265360481457,0.018424573144847897,0.6946064075607657,800,2026-08-07,202608071406,14,06R,73.69,5.01,3-2-5,0,0,0
3-2-6,69.0,0.08067274762198837,0.3100938675212008,0.26015589494517444,0.013997699894378528,0.9658412927121185,600,2026-08-07,202608071406,14,06R,73.69,5.01,3-2-5,0,0,0
3-1-4,34.4,0.07329834948390214,0.27437367536757035,0.2671478937828365,0.012718152400567128,0.4375044425795092,500,2026-08-07,202608071406,14,06R,73.69,5.01,3-2-5,0,0,0
3-4-6,91.4,0.062352534632140875,0.24357420893383291,0.2559898886875949,0.010818920802403183,0.988849361339651,500,2026-08-07,202608071406,14,06R,73.69,5.01,3-2-5,0,0,0
3-1-6,250.1,0.05606749555104692,0.27437367536757035,0.20434721179404308,0.009728390313794725,2.4330704174800606,400,2026-08-07,202608071406,14,06R,73.69,5.01,3-2-5,0,0,0
3-1-5,143.1,0.03882174614931192,0.27437367536757035,0.1414922408183058,0.006736043682559523,0.9639278509742678,300,2026-08-07,202608071406,14,06R,73.69,5.01,3-2-5,0,0,0
3-6-5,505.6,0.00873520664171268,0.10148508529537893,0.08607379711302694,0.0015156642694136926,0.7663198546155631,200,2026-08-07,202608071406,14,06R,73.69,5.01,3-2-5,0,0,0
3-1-4,12.5,0.1053924076197425,0.31601028898847844,0.33350941818095375,0.017645171814456306,0.22056464768070383,1600,2026-08-09,202608091605,16,05R,71.47,5.13,3-2-6,0,0,0
3-4-2,14.8,0.09938810019692758,0.28715386103548074,0.3461144483258304,0.016639909305560568,0.24627065772229642,1500,2026-08-09,202608091605,16,05R,71.47,5.13,3-2-6,0,0,0
3-1-2,24.6,0.08600835862845144,0.31601028898847844,0.2721694882269712,0.01439982537408238,0.35423570420242656,1400,2026-08-09,202608091605,16,05R,71.47,5.13,3-2-6,0,0,0
3-5-4,145.9,0.0286826250027269,0.09229907164893222,0.310757459314692,0.004802147115651716,0.7006332641735854,500,2026-08-09,202608091605,16,05R,71.47,5.13,3-2-6,0,0,0
3-5-4,7.1,0.1669930473800332,0.42927966782611865,0.38900758618662173,0.029429791376319334,0.20895151877186727,2900,2026-08-11,202608112310,23,10R,76.91,5.05,3-4-5,0,0,0
3-1-5,19.2,0.08856370697154178,0.17321266395938165,0.511300415033799,0.01560790380544665,0.29967175306457566,1600,2026-08-11,202608112310,23,10R,76.91,5.05,3-4-5,0,0,0
3-6-4,196.7,0.024563529552080347,0.07342617987371933,0.33453367170027754,0.004328920045028258,0.8514985728570583,500,2026-08-11,202608112310,23,10R,76.91,5.05,3-4-5,0,0,0
3-2-4,11.1,0.12639572740226623,0.30722997136316876,0.41140428728829015,0.02043639876580271,0.2268440263004101,1400,2026-08-14,202608140403,04,03R,70.09,5.07,2-3-1,0,0,0
3-1-2,26.2,0.10928936998849807,0.26872492959118977,0.4066960596278119,0.01767054307809025,0.46296822864596454,1300,2026-08-14,202608140403,04,03R,70.09,5.07,2-3-1,0,0,0
3-5-2,24.9,0.0921482651354601,0.18306798758711712,0.5033554274015779,0.01489906922163425,0.3709868236186928,1100,2026-08-14,202608140403,04,03R,70.09,5.07,2-3-1,0,0,0
3-1-5,46.5,0.0800523881094309,0.26872492959118977,0.2978971405117281,0.012943337240763414,0.6018651816954987,900,2026-08-14,202608140403,04,03R,70.09,5.07,2-3-1,0,0,0
3-2-6,136.1,0.022949826595178927,0.30722997136316876,0.07469917890286334,0.0037106618834703716,0.5050210823403175,300,2026-08-14,202608140403,04,03R,70.09,5.07,2-3-1,0,0,0
3-5-2,11.3,0.14603798824361594,0.35900976540507784,0.40677998850209096,0.02296165998720819,0.25946675785545253,2100,2026-08-15,202608150506,05,06R,69.23,5.0,1-3-5,0,0,0
3-1-5,10.2,0.12775178412803456,0.2673801827623098,0.4777907727050989,0.0200865067040896,0.2048823683817139,1800,2026-08-15,202608150506,05,06R,69.23,5.0,1-3-5,0,0,0
3-4-2,87.6,0.056269395613815255,0.17272870619586184,0.32576748157894403,0.008847278337022774,0.775021582323195,900,2026-08-15,202608150506,05,06R,69.23,5.0,1-3-5,0,0,0
3-6-1,490.7,0.007597643341006754,0.033040513551914584,0.22994931144363212,0.001194583034170904,0.5861818948676626,200,2026-08-15,202608150506,05,06R,69.23,5.0,1-3-5,0,0,0
3-1-5,28.1,0.1148543354232236,0.27828275089613913,0.4127253128458889,0.019252710224105317,0.5410011572973594,1000,2026-08-15,202608150602,06,02R,71.58,5.09,1-3-5,0,0,0
3-5-2,30.4,0.08542337485121922,0.26753541382894286,0.3192974478729658,0.014319280820487897,0.43530613694283204,800,2026-08-15,202608150602,06,02R,71.58,5.09,1-3-5,0,0,0
3-5-1,36.8,0.07213000826782792,0.26753541382894286,0.26960919765914243,0.012090951051395979,0.444946998691372,600,2026-08-15,202608150602,06,02R,71.58,5.09,1-3-5,0,0,0
3-5-4,20.4,0.06511172537152489,0.26753541382894286,0.24337609903545745,0.010914495967002226,0.2226557177268454,600,2026-08-15,202608150602,06,02R,71.58,5.09,1-3-5,0,0,0
3-1-2,85.6,0.06186505956356244,0.27828275089613913,0.22231007622406232,0.01037026648045406,0.8876948107268674,600,2026-08-15,202608150602,06,02R,71.58,5.09,1-3-5,0,0,0
3-4-2,78.5,0.060665099103061275,0.22504160974202195,0.2695728099910285,0.01016912047284988,0.7982759571187156,600,2026-08-15,202608150602,06,02R,71.58,5.09,1-3-5,0,0,0
3-4-1,40.5,0.05394963909854996,0.22504160974202195,0.2397318396379919,0.009043426740767366,0.36625878300107834,500,2026-08-15,202608150602,06,02R,71.58,5.09,1-3-5,0,0,0
3-6-1,370.3,0.02454873136844342,0.08915508014193506,0.2753486546068019,0.004115035010776612,1.5237974644905794,300,2026-08-15,202608150602,06,02R,71.58,5.09,1-3-5,0,0,0
3-4-6,18.8,0.2657140150967965,0.4847484149101299,0.5481482907913348,0.04589100034997625,0.8627508065795535,1400,2026-08-15,202608151904,19,04R,73.55,5.32,1-2-4,0,0,0
3-6-4,30.8,0.1325408226504278,0.2146235506938323,0.6175502279314246,0.022890892437198558,0.7050394870657156,800,2026-08-15,202608151904,19,04R,73.55,5.32,1-2-4,0,0,0
3-4-2,98.4,0.08612596430610413,0.4847484149101299,0.1776714717511175,0.014874663862475043,1.4636669240675442,500,2026-08-15,202608151904,19,04R,73.55,5.32,1-2-4,0,0,0
3-4-1,37.6,0.07711702593119406,0.4847484149101299,0.1590867005629945,0.013318745955904307,0.500784847942002,500,2026-08-15,202608151904,19,04R,73.55,5.32,1-2-4,0,0,0
3-1-4,54.4,0.06748913611577712,0.15454045453480292,0.4367085389966831,0.011655930034328334,0.6340825938674614,400,2026-08-15,202608151904,19,04R,73.55,5.32,1-2-4,0,0,0
3-4-5,125.7,0.05579140957603519,0.4847484149101299,0.11509353689455315,0.009635636251429205,1.211199476804651,400,2026-08-15,202608151904,19,04R,73.55,5.32,1-2-4,0,0,0
3-1-6,50.0,0.05020627530199851,0.15454045453480292,0.3248746449797191,0.008671037531142992,0.4335518765571496,400,2026-08-15,202608151904,19,04R,73.55,5.32,1-2-4,0,0,0
3-2-4,124.5,0.03864379267273169,0.0761508021509494,0.5074640263950247,0.006674101486226499,0.8309256350351991,300,2026-08-15,202608151904,19,04R,73.55,5.32,1-2-4,0,0,0
3-6-1,90.4,0.0349673952777142,0.2146235506938323,0.16292431638872829,0.00603915735623795,0.5459398250039107,300,2026-08-15,202608151904,19,04R,73.55,5.32,1-2-4,0,0,0
3-1-2,15.2,0.10363072664771954,0.3366534302274601,0.3078261420883232,0.018265832783229224,0.27764065830508416,1300,2026-08-15,202608152405,24,05R,74.79,5.22,1-2-3,0,0,0
3-1-6,29.0,0.09690517706093997,0.3366534302274601,0.287848476682581,0.017080395142277053,0.49533145912603455,1200,2026-08-15,202608152405,24,05R,74.79,5.22,1-2-3,0,0,0
3-1-5,31.4,0.07545030158099574,0.3366534302274601,0.2241186181587922,0.013298783446801308,0.41758180022956104,1000,2026-08-15,202608152405,24,05R,74.79,5.22,1-2-3,0,0,0
3-1-4,35.9,0.06066722493780487,0.3366534302274601,0.18020676307030353,0.010693135346850171,0.3838835589519211,800,2026-08-15,202608152405,24,05R,74.79,5.22,1-2-3,0,0,0
3-4-2,31.6,0.0541679549721081,0.16951043885982106,0.31955527539459094,0.00954758149186238,0.30170357514285123,700,2026-08-15,202608152405,24,05R,74.79,5.22,1-2-3,0,0,0
3-1-5,10.7,0.2170293287370878,0.4574662624030101,0.4744160314622138,0.034083127587753816,0.3646894651889658,1900,2026-08-16,202608160403,04,03R,69.21,5.0,2-5-1,0,0,0
3-1-2,16.2,0.11657410060344053,0.4574662624030101,0.25482556897440284,0.01830724892075721,0.29657743251626684,1000,2026-08-16,202608160403,04,03R,69.21,5.0,2-5-1,0,0,0
3-1-4,53.6,0.0807946038905254,0.4574662624030101,0.17661325114145457,0.012688297977176698,0.680092771576671,800,2026-08-16,202608160403,04,03R,69.21,5.0,2-5-1,0,0,0
3-5-4,65.9,0.04959674259973433,0.25620560800095293,0.19358179934745945,0.0077888648313128115,0.5132861923835144,500,2026-08-16,202608160403,04,03R,69.21,5.0,2-5-1,0,0,0
3-1-6,137.9,0.0430682291719564,0.4574662624030101,0.09414514842192875,0.006763601760131896,0.9327006827221885,400,2026-08-16,202608160403,04,03R,69.21,5.0,2-5-1,0,0,0
3-6-1,458.7,0.011786503848401094,0.03371704515616434,0.3495710787766412,0.0018509982812749512,0.8490529116208201,200,2026-08-16,202608160403,04,03R,69.21,5.0,2-5-1,0,0,0
3-6-5,704.5,0.008505451215047165,0.03371704515616434,0.2522596857361965,0.0013357290493445138,0.94102111526321,200,2026-08-16,202608160403,04,03R,69.21,5.0,2-5-1,0,0,0
3-1-5,20.4,0.2398298838249328,0.463884811302966,0.5170030964180425,0.03828543899490702,0.7810229554961032,1300,2026-08-16,202608161805,18,05R,69.64,7.04,1-2-3,0,0,0
3-5-1,30.9,0.10609167857912492,0.2876543025129451,0.36881658870494577,0.016936031587595293,0.5233233760566945,700,2026-08-16,202608161805,18,05R,69.64,7.04,1-2-3,0,0,0
3-1-2,62.9,0.09771769878584315,0.463884811302966,0.2106507831359521,0.015599244497483114,0.9811924788916878,600,2026-08-16,202608161805,18,05R,69.64,7.04,1-2-3,0,0,0
3-5-2,168.0,0.09122238960035364,0.2876543025129451,0.31712506575926647,0.01456236052119081,2.446476567560056,600,2026-08-16,202608161805,18,05R,69.64,7.04,1-2-3,0,0,0
3-1-6,75.4,0.08389047083583599,0.463884811302966,0.1808433231521491,0.013391923692811825,1.0097510464380117,500,2026-08-16,202608161805,18,05R,69.64,7.04,1-2-3,0,0,0
3-5-6,140.8,0.05791079078723742,0.2876543025129451,0.20132078776965728,0.00924463629165594,1.3016447898651564,400,2026-08-16,202608161805,18,05R,69.64,7.04,1-2-3,0,0,0
3-1-4,144.9,0.04244675785635404,0.463884811302966,0.09150279729385621,0.006776022789667413,0.9818457022228081,300,2026-08-16,202608161805,18,05R,69.64,7.04,1-2-3,0,0,0
3-2-5,197.1,0.03844738214656816,0.10967104871756633,0.35057002368584017,0.006137579188258297,1.2097168580057103,300,2026-08-16,202608161805,18,05R,69.64,7.04,1-2-3,0,0,0
3-2-1,154.0,0.03487882524246974,0.10967104871756633,0.3180312913054427,0.005567909698064802,0.8574580935019795,300,2026-08-16,202608161805,18,05R,69.64,7.04,1-2-3,0,0,0
3-1-5,48.5,0.10215029664739102,0.27409826024938583,0.37267765419032756,0.01670549438934055,0.8102164778830168,1100,2026-08-18,202608180501,05,01R,70.48,5.05,2-1-4,0,0,0
3-1-4,37.3,0.06920344811983746,0.27409826024938583,0.2524767871816236,0.01131742003921524,0.4221397674627284,700,2026-08-18,202608180501,05,01R,70.48,5.05,2-1-4,0,0,0
3-4-5,25.9,0.06647780707474762,0.23876261031818646,0.27842637080469224,0.01087167310865782,0.28157633351423755,700,2026-08-18,202608180501,05,01R,70.48,5.05,2-1-4,0,0,0
3-5-4,34.6,0.06416382902202816,0.2164566101521034,0.2964281339199594,0.010493248878425792,0.36306641119353245,700,2026-08-18,202608180501,05,01R,70.48,5.05,2-1-4,0,0,0
3-4-2,23.5,0.06366717370263535,0.23876261031818646,0.26665470618615467,0.01041202667032793,0.24468262675270636,700,2026-08-18,202608180501,05,01R,70.48,5.05,2-1-4,0,0,0
3-5-2,28.6,0.06357730585315573,0.2164566101521034,0.2937184769200633,0.010397329827494022,0.297363633066329,700,2026-08-18,202608180501,05,01R,70.48,5.05,2-1-4,0,0,0
3-6-4,184.6,0.03142666342170502,0.09985110718026151,0.31473525240907313,0.005139465735270538,0.9487453747309413,400,2026-08-18,202608180501,05,01R,70.48,5.05,2-1-4,0,0,0
3-4-5,6.8,0.14672783219059565,0.3985782017877094,0.36812809012758246,0.02468097127671944,0.16783060468169217,2400,2026-08-18,202608181101,11,01R,71.82,5.0,3-2-5,0,0,0
3-4-2,21.7,0.10112192275430114,0.3985782017877094,0.2537066058824779,0.01700963773323922,0.3691091388112911,1700,2026-08-18,202608181101,11,01R,71.82,5.0,3-2-5,0,0,0
3-6-4,400.8,0.022079165793496523,0.05349735827665532,0.41271506677613323,0.00371391881572514,1.4885386613426361,500,2026-08-18,202608181101,11,01R,71.82,5.0,3-2-5,0,0,0
3-5-6,238.5,0.02013820281484841,0.21144077550285628,0.09524275895675746,0.0033874309857750405,0.8079022901073472,400,2026-08-18,202608181101,11,01R,71.82,5.0,3-2-5,0,0,0
3-1-6,9.3,0.18630569747949602,0.4159195613116457,0.44793684839434245,0.02839917649398764,0.26411234139408507,2800,2026-08-18,202608181507,15,07R,68.02,5.04,3-1-6,1,830,23240
3-6-1,11.9,0.10873123621763403,0.25026802676193843,0.4344591581451277,0.01657425193931006,0.1972335980777897,1700,2026-08-18,202608181507,15,07R,68.02,5.04,3-1-6,0,0,0
3-5-1,149.6,0.027616717099013817,0.09424265816186274,0.2930383929916517,0.004209704983207695,0.6297718654878711,500,2026-08-18,202608181507,15,07R,68.02,5.04,3-1-6,0,0,0
3-4-2,18.2,0.1653903558693688,0.47027607919308345,0.35168779188844035,0.027432416413231634,0.49926997872081574,1600,2026-08-18,202608181811,18,11R,71.02,5.02,4-3-1,0,0,0
3-4-1,14.7,0.14088273263790482,0.47027607919308345,0.2995745241383242,0.023367467630394996,0.34350177416680644,1400,2026-08-18,202608181811,18,11R,71.02,5.02,4-3-1,0,0,0
3-1-4,17.5,0.1324613019256011,0.2617054093802756,0.506146595285411,0.021970649823934978,0.3844863719188621,1300,2026-08-18,202608181811,18,11R,71.02,5.02,4-3-1,0,0,0
3-5-4,52.8,0.06169571972883209,0.12215848285002207,0.5050465451881712,0.010233140049907864,0.5403097946351352,700,2026-08-18,202608181811,18,11R,71.02,5.02,4-3-1,0,0,0
3-1-4,23.5,0.21477422415791478,0.6140896943647299,0.34974406203005365,0.034585789395268074,0.8127660507887997,1100,2026-08-19,202608190509,05,09R,69.99,5.73,4-2-5,0,0,0
3-1-5,41.6,0.18880880275977038,0.6140896943647299,0.3074612788529065,0.030404493434094817,1.2648269268583445,1000,2026-08-19,202608190509,05,09R,69.99,5.73,4-2-5,0,0,0
3-1-2,31.5,0.14560206210092247,0.6140896943647299,0.23710227257851385,0.023446771953587207,0.7385733165379971,800,2026-08-19,202608190509,05,09R,69.99,5.73,4-2-5,0,0,0
3-4-1,55.2,0.09072740850788422,0.18749160294493183,0.4839011832147585,0.014610128637806096,0.8064791008068966,500,2026-08-19,202608190509,05,09R,69.99,5.73,4-2-5,0,0,0
3-1-6,132.1,0.06490460534612232,0.6140896943647299,0.10569238653852597,0.010451798953460463,1.3806826417521272,400,2026-08-19,202608190509,05,09R,69.99,5.73,4-2-5,0,0,0
3-4-2,75.7,0.043629903907063894,0.18749160294493183,0.23270324228802095,0.007025864829831757,0.531857967618264,300,2026-08-19,202608190509,05,09R,69.99,5.73,4-2-5,0,0,0
3-5-1,122.2,0.03732271981847741,0.0852763836094004,0.43766771336634347,0.006010198534584664,0.734446260926246,300,2026-08-19,202608190509,05,09R,69.99,5.73,4-2-5,0,0,0
3-2-1,67.0,0.03350529041785215,0.0780208147842209,0.42944040651865034,0.005395465505986902,0.36149618890112245,300,2026-08-19,202608190509,05,09R,69.99,5.73,4-2-5,0,0,0
3-4-5,70.3,0.03245389235858338,0.18749160294493183,0.1730951778577274,0.005226155468942016,0.3673987294666237,300,2026-08-19,202608190509,05,09R,69.99,5.73,4-2-5,0,0,0
3-1-2,22.8,0.11504308424131647,0.362516984172601,0.31734536384243545,0.01938449141781567,0.4419664043261973,1600,2026-08-20,202608201301,13,01R,72.04,5.01,3-5-2,0,0,0
3-1-5,13.0,0.11100818904248407,0.362516984172601,0.30621513994950106,0.018704620986060832,0.24316007281879082,1500,2026-08-20,202608201301,13,01R,72.04,5.01,3-5-2,0,0,0
3-1-6,67.8,0.07057604382820633,0.362516984172601,0.1946834132179688,0.011891898803943202,0.806270738907349,1000,2026-08-20,202608201301,13,01R,72.04,5.01,3-5-2,0,0,0
3-1-4,15.6,0.06588966706059413,0.362516984172601,0.18175608299009474,0.011102255247083448,0.17319518185450178,900,2026-08-20,202608201301,13,01R,72.04,5.01,3-5-2,0,0,0
3-1-5,30.5,0.13308507610608422,0.3977628972074343,0.3345839369142568,0.021171539258271387,0.6457319473772772,1400,2026-08-20,202608201504,15,04R,69.55,5.04,1-2-5,0,0,0
3-1-6,12.3,0.10864214115335835,0.3977628972074343,0.27313291892255404,0.01728309006411451,0.21258200778860847,1200,2026-08-20,202608201504,15,04R,69.55,5.04,1-2-5,0,0,0
3-1-4,23.0,0.08756751084847744,0.3977628972074343,0.2201500226975941,0.013930480020162752,0.3204010404637433,900,2026-08-20,202608201504,15,04R,69.55,5.04,1-2-5,0,0,0
3-1-2,49.7,0.0684681690995143,0.3977628972074343,0.1721331214655951,0.010892104302340033,0.5413375838262997,800,2026-08-20,202608201504,15,04R,69.55,5.04,1-2-5,0,0,0
3-4-1,48.3,0.058604526274237,0.19306301506540013,0.303551284819543,0.009322968923565747,0.4502993990082256,700,2026-08-20,202608201504,15,04R,69.55,5.04,1-2-5,0,0,0
3-1-6,8.8,0.1536872285732281,0.47273006189125344,0.3251056807311362,0.025315214895562016,0.22277389108094575,2700,2026-08-21,202608211301,13,01R,70.75,5.07,3-1-2,0,0,0
3-1-5,13.1,0.10467245475506742,0.47273006189125344,0.22142119402414104,0.017241547722411807,0.22586427516359467,1800,2026-08-21,202608211301,13,01R,70.75,5.07,3-1-2,0,0,0
3-2-6,138.3,0.02624474506048242,0.09087886170706566,0.2887882238784901,0.004323009577655221,0.597872224589717,500,2026-08-21,202608211301,13,01R,70.75,5.07,3-1-2,0,0,0
3-1-5,19.2,0.16372132487147706,0.5167022910466167,0.3168581361229269,0.027393002404218558,0.5259456461609963,1500,2026-08-21,202608212404,24,04R,71.39,5.04,3-2-5,0,0,0
3-1-4,10.7,0.1636179607093654,0.5167022910466167,0.31665809024756936,0.02737570804904853,0.29292007612481924,1500,2026-08-21,202608212404,24,04R,71.39,5.04,3-2-5,0,0,0
3-1-2,25.3,0.11900447349462255,0.5167022910466167,0.23031535868279324,0.019911210901267788,0.5037536358020751,1100,2026-08-21,202608212404,24,04R,71.39,5.04,3-2-5,0,0,0
3-1-6,89.6,0.07035853197115169,0.5167022910466167,0.13616841494671053,0.011772024425993509,1.0547733885690183,700,2026-08-21,202608212404,24,04R,71.39,5.04,3-2-5,0,0,0
3-6-1,477.1,0.018861282762167426,0.04744010308340005,0.39758098183322144,0.003155771946362439,1.5056187956095197,200,2026-08-21,202608212404,24,04R,71.39,5.04,3-2-5,0,0,0
3-1-2,19.3,0.10209817925753237,0.3008473094627253,0.3393687629776933,0.018025627924017403,0.3478946189335359,1700,2026-08-21,202608212409,24,09R,75.53,5.18,3-4-2,0,0,0
3-4-2,19.4,0.08713087021175937,0.23264490554401576,0.3745230096829886,0.01538312101699066,0.2984325477296188,1400,2026-08-21,202608212409,24,09R,75.53,5.18,3-4-2,1,1700,23800
3-2-4,12.7,0.07444206485359575,0.2242427700343104,0.3319708583790938,0.013142888273862074,0.16691468107804833,1200,2026-08-21,202608212409,24,09R,75.53,5.18,3-4-2,0,0,0
3-5-2,90.6,0.03678925810668435,0.09808363853536167,0.3750804788244155,0.006495213558696334,0.5884663484178878,700,2026-08-21,202608212409,24,09R,75.53,5.18,3-4-2,0,0,0
3-4-5,17.1,0.15213364141868532,0.5057895697056282,0.30078445766927897,0.025197591921085147,0.43087882185055604,800,2026-08-22,202608220405,04,05R,70.97,5.07,2-4-5,0,0,0
3-4-1,41.6,0.1396542838247706,0.5057895697056282,0.27611143485234396,0.02313066078635102,0.9622354887122024,800,2026-08-22,202608220405,04,05R,70.97,5.07,2-4-5,0,0,0
3-4-2,84.1,0.11702730418801296,0.5057895697056282,0.23137547944320683,0.019382999230517808,1.6301102352865475,700,2026-08-22,202608220405,04,05R,70.97,5.07,2-4-5,0,0,0
3-1-4,55.4,0.10424294431121624,0.20678823474294958,0.504104812543115,0.01726555117534851,0.9565115351143074,600,2026-08-22,202608220405,04,05R,70.97,5.07,2-4-5,0,0,0
3-5-4,22.6,0.10217118262767838,0.18441715938939016,0.5540221038322559,0.016922409415427976,0.3824464527886723,600,2026-08-22,202608220405,04,05R,70.97,5.07,2-4-5,0,0,0
3-4-6,178.3,0.09697434027415919,0.5057895697056282,0.1917286280351703,0.016061666770467494,2.863795185174354,600,2026-08-22,202608220405,04,05R,70.97,5.07,2-4-5,0,0,0
3-1-5,74.1,0.05744435461193651,0.20678823474294958,0.2777931475808736,0.009514394003744014,0.7050165956774315,400,2026-08-22,202608220405,04,05R,70.97,5.07,2-4-5,0,0,0
3-2-4,89.4,0.038552434791391,0.06525429511472176,0.5908030225997084,0.00638536296363444,0.5708514489489189,300,2026-08-22,202608220405,04,05R,70.97,5.07,2-4-5,0,0,0
3-5-1,96.5,0.0343960676349828,0.18441715938939016,0.18651229499938643,0.005696952152555861,0.5497558827216406,200,2026-08-22,202608220405,04,05R,70.97,5.07,2-4-5,0,0,0
3-1-2,24.1,0.13052649505192704,0.4032990951050273,0.32364688301106964,0.0206143207881073,0.49680513099338597,1300,2026-08-22,202608220407,04,07R,69.36,5.22,1-5-3,0,0,0
3-1-5,32.5,0.12149985256878866,0.4032990951050273,0.30126487771351834,0.019188724370208046,0.6236335420317615,1300,2026-08-22,202608220407,04,07R,69.36,5.22,1-5-3,0,0,0
3-1-6,17.7,0.09222057577603707,0.4032990951050273,0.22866546663592424,0.01456458730125933,0.25779319523229016,1000,2026-08-22,202608220407,04,07R,69.36,5.22,1-5-3,0,0,0
3-2-1,29.8,0.05961781254360781,0.19691646398989973,0.30275687129272105,0.009415565107836966,0.2805838402135416,700,2026-08-22,202608220407,04,07R,69.36,5.22,1-5-3,0,0,0
3-1-4,34.2,0.059052171708274585,0.4032990951050273,0.1464227726394878,0.009326232274485598,0.31895714378740747,700,2026-08-22,202608220407,04,07R,69.36,5.22,1-5-3,0,0,0
3-1-4,14.7,0.11036195913261122,0.3311284092350528,0.3332905182843141,0.017943421176454886,0.2637682912938868,1100,2026-08-22,202608222202,22,02R,70.23,5.05,3-2-5,0,0,0
3-1-5,31.9,0.09737165530247183,0.3311284092350528,0.29406010655326215,0.01583136649143227,0.5050205910766894,1000,2026-08-22,202608222202,22,02R,70.23,5.05,3-2-5,0,0,0
3-4-2,28.4,0.09203786818107136,0.30327760899104544,0.30347729424294184,0.014964161980593181,0.4249822002488463,1000,2026-08-22,202608222202,22,02R,70.23,5.05,3-2-5,0,0,0
3-1-2,33.6,0.07756345622061118,0.3311284092350528,0.23423981167847321,0.012610810589141602,0.42372323579515786,800,2026-08-22,202608222202,22,02R,70.23,5.05,3-2-5,0,0,0
3-4-6,39.0,0.057828055815525706,0.30327760899104544,0.19067697087137458,0.009402090806187088,0.36668154144129644,600,2026-08-22,202608222202,22,02R,70.23,5.05,3-2-5,0,0,0
3-6-4,155.3,0.025560380639337885,0.07116840960119869,0.3591534612417048,0.004155785914338826,0.6453935524968197,300,2026-08-22,202608222202,22,02R,70.23,5.05,3-2-5,0,0,0
3-6-2,590.3,0.014535508177474553,0.07116840960119869,0.2042410145024476,0.0023632848428219,1.3950470427177675,200,2026-08-22,202608222202,22,02R,70.23,5.05,3-2-5,0,0,0
3-1-5,13.0,0.14282151304810128,0.3418235398366691,0.417822345167757,0.021868032485275486,0.2842844223085813,1500,2026-08-23,202608230401,04,01R,68.24,5.08,1-3-5,0,0,0
3-5-2,28.1,0.09778497705163908,0.26071878245377744,0.37505919646957264,0.014972289601896142,0.42072133781328164,1100,2026-08-23,202608230401,04,01R,68.24,5.08,1-3-5,0,0,0
3-1-2,25.1,0.09123321762621406,0.3418235398366691,0.26690150616837954,0.013969120787246696,0.3506249317598921,1000,2026-08-23,202608230401,04,01R,68.24,5.08,1-3-5,0,0,0
3-1-4,29.6,0.06558734186398948,0.3418235398366691,0.1918748541874225,0.010042367510989329,0.29725407832528417,800,2026-08-23,202608230401,04,01R,68.24,5.08,1-3-5,0,0,0
3-4-2,92.9,0.04842940229186632,0.153268051970955,0.31597845519067413,0.007415239622929391,0.6888757609701405,600,2026-08-23,202608230401,04,01R,68.24,5.08,1-3-5,0,0,0
3-1-5,79.6,0.15185967600211445,0.5287114221210326,0.2872260171586584,0.023777259623564282,1.8926698660357166,900,2026-08-23,202608232411,24,11R,69.11,12.96,3-2-6,0,0,0
3-1-2,58.5,0.14754054878339234,0.5287114221210326,0.2790568590167839,0.023100997090083515,1.3514083297698856,900,2026-08-23,202608232411,24,11R,69.11,12.96,3-2-6,0,0,0
3-1-6,127.2,0.1339027779362141,0.5287114221210326,0.2532625026314659,0.020965678309899115,2.6668342810191676,800,2026-08-23,202608232411,24,11R,69.11,12.96,3-2-6,0,0,0
3-1-4,65.8,0.0954084193993118,0.5287114221210326,0.18045462119309177,0.014938466998308076,0.9829511284886714,600,2026-08-23,202608232411,24,11R,69.11,12.96,3-2-6,0,0,0
3-2-1,112.2,0.046884976405318135,0.12178916979420047,0.3849683554337749,0.007340962958582981,0.8236560439530105,400,2026-08-23,202608232411,24,11R,69.11,12.96,3-2-6,0,0,0
3-5-1,210.5,0.04569858041410576,0.12537127673029497,0.36450598259771133,0.007155204327707067,1.5061705109823376,400,2026-08-23,202608232411,24,11R,69.11,12.96,3-2-6,0,0,0
3-6-1,378.1,0.04370510381424992,0.10041375188491684,0.43525018230909124,0.006843077949486608,2.5873677727008864,400,2026-08-23,202608232411,24,11R,69.11,12.96,3-2-6,0,0,0
3-4-1,173.2,0.042331162014235535,0.12371437946955505,0.34216848676554074,0.006627954542492414,1.147961726759686,300,2026-08-23,202608232411,24,11R,69.11,12.96,3-2-6,0,0,0
3-5-2,422.1,0.03620923423688601,0.12537127673029497,0.2888160285292551,0.005669420519565072,2.393062401308417,300,2026-08-23,202608232411,24,11R,69.11,12.96,3-2-6,0,0,0
3-1-5,12.9,0.1356022507584261,0.4399941128925971,0.308191057073363,0.021757550794160023,0.2806724052446643,1500,2026-08-26,202608260606,06,06R,69.82,5.16,1-3-4,0,0,0
3-1-4,14.7,0.13035302545480673,0.4399941128925971,0.2962608399413426,0.020915306026579043,0.3074549985907119,1500,2026-08-26,202608260606,06,06R,69.82,5.16,1-3-4,0,0,0
3-4-1,35.0,0.09085448466213486,0.235285556475758,0.3861456097135984,0.01457771573744176,0.5102200508104616,1000,2026-08-26,202608260606,06,06R,69.82,5.16,1-3-4,0,0,0
3-1-2,51.1,0.08548649114170764,0.4399941128925971,0.19429007942789217,0.013716414460876042,0.7009087789507658,1000,2026-08-26,202608260606,06,06R,69.82,5.16,1-3-4,0,0,0
3-1-5,20.6,0.10741622496470186,0.26362399757360006,0.4074599655318283,0.01875897533448634,0.3864348918904186,1700,2026-08-26,202608260904,09,04R,73.97,5.07,3-4-2,0,0,0
3-5-4,13.1,0.07134216117300363,0.2505222049250943,0.284773803560985,0.012459066050711667,0.16321376526432282,1200,2026-08-26,202608260904,09,04R,73.97,5.07,3-4-2,0,0,0
3-5-2,18.1,0.06712218604441653,0.2505222049250943,0.2679290886190545,0.011722097223373666,0.21216995974306338,1100,2026-08-26,202608260904,09,04R,73.97,5.07,3-4-2,0,0,0
3-4-6,58.2,0.056523198530239085,0.21778970038919804,0.2595310909066411,0.009871109205368754,0.5744985557524616,1000,2026-08-26,202608260904,09,04R,73.97,5.07,3-4-2,0,0,0
3-1-5,9.7,0.12046547041300985,0.42995622294043095,0.2801807811715286,0.019471035936467776,0.1888690485837374,2600,2026-08-26,202608261301,13,01R,70.08,5.02,2-1-3,0,0,0
3-1-4,10.4,0.11043410596083165,0.42995622294043095,0.2568496513565567,0.01784964968304164,0.18563635670363304,2400,2026-08-26,202608261301,13,01R,70.08,5.02,2-1-3,0,0,0
3-1-6,16.1,0.18793190183781439,0.48255339959609644,0.3894530677747082,0.031834525084568105,0.5125358538615465,1300,2026-08-27,202608270909,09,09R,72.29,5.07,1-3-6,0,0,0
3-1-5,28.9,0.12467905449554659,0.48255339959609644,0.2583735905702967,0.021119876130897944,0.6103644201829506,900,2026-08-27,202608270909,09,09R,72.29,5.07,1-3-6,0,0,0
3-1-4,66.6,0.09636704855546464,0.48255339959609644,0.19970235135867892,0.016323993928461643,1.0871779956355454,700,2026-08-27,202608270909,09,09R,72.29,5.07,1-3-6,0,0,0
3-6-1,35.3,0.07796386858285485,0.18446222885052366,0.42265492002718763,0.013206606785860048,0.4661932195408597,600,2026-08-27,202608270909,09,09R,72.29,5.07,1-3-6,0,0,0
3-1-2,27.8,0.07357539470727084,0.48255339959609644,0.15247099029631625,0.01246322591061186,0.3464776803150097,500,2026-08-27,202608270909,09,09R,72.29,5.07,1-3-6,0,0,0
3-4-6,115.9,0.05699535608638473,0.13828469491964088,0.41215953883765305,0.009654667862626932,1.1189760052784614,400,2026-08-27,202608270909,09,09R,72.29,5.07,1-3-6,0,0,0
3-6-4,109.7,0.04672682721420772,0.18446222885052366,0.2533137949453714,0.007915241310954824,0.8683019718117443,400,2026-08-27,202608270909,09,09R,72.29,5.07,1-3-6,0,0,0
3-4-2,290.9,0.020984803709419565,0.13828469491964088,0.1517507322239393,0.0035546985559629777,1.0340618099296301,200,2026-08-27,202608270909,09,09R,72.29,5.07,1-3-6,0,0,0
3-1-6,22.9,0.10643202579201819,0.27323715738049276,0.3895225188710615,0.016403038540499723,0.3756295825774436,1100,2026-08-28,202608280704,07,04R,68.56,5.03,1-6-3,0,0,0
3-4-6,33.9,0.10092164900820591,0.21782499277419268,0.46331528684050455,0.015553793004816924,0.5272735828632937,1000,2026-08-28,202608280704,07,04R,68.56,5.03,1-6-3,0,0,0
3-6-1,24.8,0.0699758763974221,0.2402452615071181,0.29126849769458957,0.0107845076602708,0.26745578997471586,800,2026-08-28,202608280704,07,04R,68.56,5.03,1-6-3,0,0,0
3-6-4,24.4,0.06940233575049592,0.2402452615071181,0.28888118464904516,0.010696115005277488,0.2609852061287707,800,2026-08-28,202608280704,07,04R,68.56,5.03,1-6-3,0,0,0
3-1-5,49.4,0.06922147345552641,0.27323715738049276,0.2533384336125741,0.010668240959163723,0.5270111033826879,700,2026-08-28,202608280704,07,04R,68.56,5.03,1-6-3,0,0,0
3-5-6,41.4,0.053374751870656614,0.1418827461757627,0.37618916541505754,0.008225983725376468,0.3405557262305858,600,2026-08-28,202608280704,07,04R,68.56,5.03,1-6-3,0,0,0
3-1-4,20.3,0.16102259580209763,0.45310173673429505,0.3553784564205355,0.025412295270076986,0.5158695939825628,900,2026-09-01,202609011612,16,12R,69.33,5.18,5-3-4,0,0,0
3-1-2,33.4,0.14163871979184314,0.45310173673429505,0.31259805096466003,0.022353166964528135,0.7465957766152397,800,2026-09-01,202609011612,16,12R,69.33,5.18,5-3-4,0,0,0
3-1-5,26.4,0.0990952130444213,0.45310173673429505,0.21870411214630164,0.015639027561268604,0.41287032761749115,600,2026-09-01,202609011612,16,12R,69.33,5.18,5-3-4,0,0,0
3-4-1,51.6,0.09121314641391846,0.25246402511280164,0.3612916587746083,0.01439509404029285,0.742786852479111,600,2026-09-01,202609011612,16,12R,69.33,5.18,5-3-4,0,0,0
3-4-2,154.2,0.09024603759672117,0.25246402511280164,0.35746097906978624,0.014242466673316865,2.1961883610254604,600,2026-09-01,202609011612,16,12R,69.33,5.18,5-3-4,0,0,0
3-2-4,190.5,0.060879271976101275,0.14440559389362473,0.4215852747432175,0.009607856758100128,1.8302967124180742,400,2026-09-01,202609011612,16,12R,69.33,5.18,5-3-4,0,0,0
3-1-6,39.2,0.051345208095933,0.45310173673429505,0.11331938046850286,0.00810320801461331,0.31764575417284174,400,2026-09-01,202609011612,16,12R,69.33,5.18,5-3-4,0,0,0
3-2-1,107.3,0.04877033891038258,0.14440559389362473,0.3377316459520874,0.007696846809845191,0.825871662696389,400,2026-09-01,202609011612,16,12R,69.33,5.18,5-3-4,0,0,0
3-4-5,99.7,0.036218182088079684,0.25246402511280164,0.14345878416498073,0.005715888088767878,0.5698740424501575,300,2026-09-01,202609011612,16,12R,69.33,5.18,5-3-4,0,0,0
