date,race_code,venue,race,day_no,day_cat,model,target_boat,score,rank,target_name,target_grade,motor2,target_waku_st,winner,second,kimarite,head_hit,involved_hit
2026-08-03,202608030101,01,01R,4,3日目以降,4カド,4,62.03,B,龍田 真白,B1,32.4,0.12,6,4,まくり差し,0,1
2026-08-03,202608030107,01,07R,4,3日目以降,3攻め,3,61.15,B,谷川 里江,B1,38.5,0.19,3,5,まくり,1,1
2026-08-03,202608030411,04,11R,0,不明,3攻め,3,68.26,B,北野 輝季,A1,42.8,0.13,1,3,逃げ,0,1
2026-08-03,202608030501,05,01R,4,3日目以降,3攻め,3,63.08,B,相原 利章,A2,31.4,0.11,1,3,逃げ,0,1
2026-08-03,202608030806,08,06R,5,3日目以降,3攻め,3,63.05,B,中野 仁照,B2,39.7,0.15,1,2,逃げ,0,0
2026-08-03,202608031304,13,04R,4,3日目以降,4カド,4,64.52,B,前原 大道,A1,37.8,0.14,4,5,まくり,1,1
2026-08-03,202608031304,13,04R,4,3日目以降,4→5展開,5,70.3,A,益田 啓司,A1,38.3,0.14,4,5,まくり,0,1
2026-08-03,202608031307,13,07R,4,3日目以降,3攻め,3,64.34,B,中島 孝平,A1,42.8,0.14,2,3,逃げ,0,1
2026-08-03,202608031704,17,04R,0,不明,4→5展開,5,61.47,B,松村 敏,A1,39.6,0.13,1,5,逃げ,0,1
2026-08-03,202608031709,17,09R,0,不明,3攻め,3,64.06,B,藤森 陸斗,A2,40.7,0.14,1,3,逃げ,0,1
2026-08-03,202608031907,19,07R,0,不明,3攻め,3,73.03,A,飛田 江己,A1,30.3,0.08,3,4,まくり,1,1
2026-08-03,202608031908,19,08R,0,不明,4カド,4,61.68,B,三浦 敬太,A1,38.6,0.13,4,2,まくり,1,1
2026-08-03,202608031910,19,10R,0,不明,4カド,4,61.46,B,松崎 祐太郎,A2,33.3,0.15,1,3,逃げ,0,0
2026-08-03,202608031911,19,11R,0,不明,3攻め,3,60.28,B,石丸 海渡,A1,30.3,0.11,3,6,まくり差し,1,1
2026-08-03,202608031912,19,12R,0,不明,3攻め,3,64.9,B,森野 正弘,A1,35.0,0.12,1,5,逃げ,0,0
2026-08-03,202608032104,21,04R,2,2日目,3攻め,3,60.23,B,伊久間 陽優,A2,33.7,0.11,1,3,逃げ,0,1
2026-08-03,202608032111,21,11R,2,2日目,4カド,4,60.37,B,大澤 普司,A1,38.0,0.15,1,2,逃げ,0,0
2026-08-03,202608032111,21,11R,2,2日目,4→5展開,5,60.03,B,岡部 哲,B1,45.8,0.16,1,2,逃げ,0,0
2026-08-03,202608032210,22,10R,0,不明,4カド,4,61.56,B,森作 雄大,B1,21.9,0.08,1,3,逃げ,0,0
2026-08-03,202608032309,23,09R,0,不明,4カド,4,65.52,B,高橋 英之,B1,37.2,0.09,4,1,まくり差し,1,1
2026-08-04,202608040107,01,07R,5,3日目以降,3攻め,3,64.51,B,大山 千広,A2,28.9,0.15,1,2,逃げ,0,0
2026-08-04,202608040404,04,04R,2,2日目,4カド,4,61.97,B,宮之原 輝紀,A1,40.0,0.11,2,4,まくり,0,1
2026-08-04,202608040408,04,08R,2,2日目,4カド,4,82.48,S,久田 敏之,A1,57.5,0.1,4,5,抜き,0,1
2026-08-04,202608040410,04,10R,2,2日目,3攻め,3,62.3,B,永井 源,A2,64.2,0.14,1,4,逃げ,0,0
2026-08-04,202608040412,04,12R,2,2日目,4→5展開,5,60.17,B,吉島 祥之,A2,45.4,0.15,1,2,逃げ,0,0
2026-08-04,202608040507,05,07R,5,3日目以降,3攻め,3,61.66,B,上田 紗奈,B1,28.5,0.17,1,2,逃げ,0,0
2026-08-04,202608040601,06,01R,5,3日目以降,3攻め,3,66.21,B,馬袋 義則,A1,31.2,0.1,3,1,まくり差し,1,1
2026-08-04,202608040609,06,09R,5,3日目以降,3攻め,3,63.87,B,徳増 秀樹,A1,37.6,0.12,1,3,逃げ,0,1
2026-08-04,202608040612,06,12R,5,3日目以降,3攻め,3,63.03,B,寺本 重宣,A2,34.6,0.11,4,5,まくり,0,0
2026-08-04,202608040810,08,10R,0,不明,4カド,4,60.49,B,若林 義人,A1,31.9,0.13,1,3,抜き,0,0
2026-08-04,202608041003,10,03R,0,不明,3攻め,3,75.02,A,石本 裕武,A1,45.6,0.14,3,1,まくり差し,1,1
2026-08-04,202608041007,10,07R,0,不明,4カド,4,69.09,B,守田 俊介,A1,31.3,0.12,4,5,まくり,1,1
2026-08-04,202608041208,12,08R,0,不明,4カド,4,63.0,B,篠崎 元志,A1,53.4,0.13,4,1,抜き,0,1
2026-08-04,202608041208,12,08R,0,不明,4→5展開,5,60.91,B,前川 守嗣,B1,31.2,0.13,4,1,抜き,0,0
2026-08-04,202608041212,12,12R,0,不明,4カド,4,60.66,B,若林 将,A1,37.5,0.11,1,3,逃げ,0,0
2026-08-04,202608041706,17,06R,2,2日目,3攻め,3,60.61,B,平田 さやか,A2,34.1,0.15,3,4,抜き,0,1
2026-08-04,202608041712,17,12R,2,2日目,3攻め,3,61.44,B,中村 日向,A1,38.7,0.13,1,2,逃げ,0,0
2026-08-04,202608041908,19,08R,2,2日目,4カド,4,67.96,B,石丸 海渡,A1,30.3,0.09,3,2,抜き,0,0
2026-08-04,202608042103,21,03R,3,3日目以降,3攻め,3,70.26,A,青木 玄太,A1,49.3,0.12,1,3,逃げ,0,1
2026-08-04,202608042108,21,08R,3,3日目以降,3攻め,3,75.61,A,山田 哲也,A1,35.2,0.1,3,1,まくり差し,1,1
2026-08-05,202608050101,01,01R,0,不明,4カド,4,69.28,B,来田 衣織,B1,42.3,0.15,4,6,まくり,1,1
2026-08-05,202608050401,04,01R,3,3日目以降,4カド,4,70.32,A,川原 正明,B1,29.4,0.11,5,4,まくり差し,0,1
2026-08-05,202608050407,04,07R,3,3日目以降,4カド,4,64.28,B,北野 輝季,A1,42.8,0.11,5,1,まくり差し,0,0
2026-08-05,202608050407,04,07R,3,3日目以降,4→5展開,5,64.97,B,宮之原 輝紀,A1,40.0,0.13,5,1,まくり差し,1,1
2026-08-05,202608050408,04,08R,3,3日目以降,4カド,4,64.14,B,西村 拓也,A1,34.2,0.13,4,1,まくり差し,1,1
2026-08-05,202608050409,04,09R,3,3日目以降,3攻め,3,60.12,B,久田 敏之,A1,57.5,0.16,3,4,差し,0,1
2026-08-05,202608050410,04,10R,3,3日目以降,3攻め,3,64.92,B,秋元 哲,A1,43.7,0.11,2,1,差し,0,0
2026-08-05,202608050503,05,03R,0,不明,4カド,4,60.81,B,小野 桜,B1,38.1,0.17,2,3,抜き,0,0
2026-08-05,202608050506,05,06R,0,不明,3攻め,3,63.14,B,長岡 良也,A2,35.4,0.16,1,3,逃げ,0,1
2026-08-05,202608050510,05,10R,0,不明,4カド,4,61.95,B,三角 哲男,A1,40.9,0.13,2,4,差し,0,1
2026-08-05,202608050608,06,08R,0,不明,4カド,4,65.33,B,徳増 秀樹,A1,37.6,0.12,1,3,逃げ,0,0
2026-08-05,202608050609,06,09R,0,不明,3攻め,3,66.97,B,黒崎 竜也,A2,33.8,0.15,1,3,逃げ,0,1
2026-08-05,202608050611,06,11R,0,不明,4→5展開,5,64.17,B,山本 隆幸,A1,45.8,0.15,1,4,逃げ,0,0
2026-08-05,202608050903,09,03R,0,不明,4→5展開,5,61.99,B,吉永 則雄,A2,41.8,0.15,2,5,まくり,0,1
2026-08-05,202608050908,09,08R,0,不明,4カド,4,66.96,B,吉川 貴仁,A1,32.8,0.14,1,4,逃げ,0,1
2026-08-05,202608050908,09,08R,0,不明,4→5展開,5,73.85,A,國崎 良春,A2,43.3,0.14,1,4,逃げ,0,0
2026-08-05,202608050911,09,11R,0,不明,4→5展開,5,62.76,B,金田 智博,A2,43.9,0.15,1,3,逃げ,0,0
2026-08-05,202608051004,10,04R,2,2日目,3攻め,3,79.12,A,永井 彪也,A1,36.7,0.12,1,2,逃げ,0,0
2026-08-05,202608051010,10,10R,2,2日目,3攻め,3,67.21,B,馬野 耀,A2,34.0,0.14,4,3,差し,0,1
2026-08-05,202608051010,10,10R,2,2日目,4カド,4,60.17,B,井上 一輝,A1,34.6,0.11,4,3,差し,0,1
2026-08-05,202608051207,12,07R,2,2日目,4カド,4,73.61,A,君島 秀三,A1,36.8,0.12,1,2,逃げ,0,0
2026-08-05,202608051402,14,02R,0,不明,4カド,4,73.02,A,菅 章哉,A1,32.6,0.14,4,1,抜き,0,1
2026-08-05,202608051402,14,02R,0,不明,4→5展開,5,67.8,B,葛原 大陽,A2,52.8,0.12,4,1,抜き,0,0
2026-08-05,202608051407,14,07R,0,不明,3攻め,3,61.38,B,西野 雄貴,A1,36.8,0.15,1,3,逃げ,0,1
2026-08-05,202608051412,14,12R,0,不明,4カド,4,60.24,B,河野 大,A1,39.3,0.12,5,1,まくり差し,0,0
2026-08-05,202608051412,14,12R,0,不明,4→5展開,5,62.82,B,西野 雄貴,A1,36.8,0.13,5,1,まくり差し,1,1
2026-08-05,202608051707,17,07R,3,3日目以降,3攻め,3,72.75,A,松井 洪弥,A2,32.4,0.13,3,1,まくり差し,1,1
2026-08-05,202608051709,17,09R,3,3日目以降,3攻め,3,73.71,A,佐藤 航,A1,45.2,0.14,3,1,まくり差し,1,1
2026-08-05,202608051711,17,11R,3,3日目以降,4カド,4,68.17,B,吉川 喜継,A1,34.7,0.13,1,4,逃げ,0,1
2026-08-05,202608051711,17,11R,3,3日目以降,4→5展開,5,62.15,B,藤森 陸斗,A2,40.7,0.12,1,4,逃げ,0,0
2026-08-05,202608051905,19,05R,3,3日目以降,4カド,4,70.27,A,森野 正弘,A1,35.0,0.11,5,2,抜き,0,0
2026-08-05,202608051910,19,10R,3,3日目以降,4カド,4,75.99,A,飛田 江己,A1,30.3,0.07,6,1,抜き,0,0
2026-08-05,202608052102,21,02R,0,不明,3攻め,3,61.28,B,田中 勇輔,B1,32.8,0.14,4,6,まくり,0,0
2026-08-06,202608060203,02,03R,0,不明,3攻め,3,60.98,B,谷津 幸宏,A2,0,0.14,1,4,逃げ,0,0
2026-08-06,202608060404,04,04R,4,3日目以降,4カド,4,78.58,A,久田 敏之,A1,57.5,0.1,4,5,差し,0,1
2026-08-06,202608060406,04,06R,4,3日目以降,3攻め,3,71.36,A,秋元 哲,A1,43.7,0.11,2,5,差し,0,0
2026-08-06,202608060409,04,09R,4,3日目以降,4カド,4,63.07,B,青木 幸太郎,A2,50.0,0.14,2,4,差し,0,1
2026-08-06,202608060909,09,09R,2,2日目,3攻め,3,63.89,B,吉川 貴仁,A1,32.8,0.12,3,6,抜き,0,1
2026-08-06,202608060910,09,10R,2,2日目,4カド,4,60.04,B,竹腰 正樹,B1,27.8,0.14,2,1,差し,0,0
2026-08-06,202608061009,10,09R,3,3日目以降,3攻め,3,64.68,B,荒川 健太,A2,29.5,0.16,2,1,差し,0,0
2026-08-06,202608061010,10,10R,3,3日目以降,4カド,4,70.11,A,馬野 耀,A2,34.0,0.12,1,6,逃げ,0,0
2026-08-06,202608061207,12,07R,3,3日目以降,3攻め,3,71.11,A,若林 将,A1,37.5,0.1,2,1,差し,0,0
2026-08-06,202608061209,12,09R,3,3日目以降,3攻め,3,75.06,A,篠崎 元志,A1,53.4,0.15,5,3,まくり差し,0,1
2026-08-06,202608061210,12,10R,3,3日目以降,4カド,4,65.14,B,金子 拓矢,A1,23.1,0.17,4,5,まくり,1,1
2026-08-06,202608061210,12,10R,3,3日目以降,4→5展開,5,64.01,B,石川 諒,A2,34.2,0.15,4,5,まくり,0,1
2026-08-06,202608061406,14,06R,2,2日目,4カド,4,68.24,B,西野 雄貴,A1,36.8,0.1,1,2,逃げ,0,0
2026-08-06,202608061407,14,07R,2,2日目,3攻め,3,72.58,A,河野 大,A1,39.3,0.13,3,6,抜き,0,1
2026-08-06,202608061703,17,03R,4,3日目以降,3攻め,3,84.97,S,佐藤 航,A1,45.2,0.13,3,5,まくり差し,1,1
2026-08-06,202608061706,17,06R,4,3日目以降,3攻め,3,73.7,A,石田 章央,A1,34.9,0.14,3,1,まくり差し,1,1
2026-08-06,202608061810,18,10R,0,不明,4→5展開,5,61.24,B,魚谷 香織,A2,33.3,0.16,1,3,逃げ,0,0
2026-08-06,202608062406,24,06R,0,不明,3攻め,3,71.38,A,村上 遼,A1,34.7,0.15,4,3,まくり差し,0,1
2026-08-07,202608070404,04,04R,5,3日目以降,3攻め,3,72.02,A,濱野谷 憲吾,A1,43.3,0.12,1,2,逃げ,0,0
2026-08-07,202608070405,04,05R,5,3日目以降,4カド,4,68.69,B,北野 輝季,A1,42.8,0.11,2,1,差し,0,0
2026-08-07,202608070405,04,05R,5,3日目以降,4→5展開,5,66.31,B,西村 拓也,A1,34.2,0.13,2,1,差し,0,0
2026-08-07,202608070410,04,10R,5,3日目以降,4カド,4,64.8,B,濱野谷 憲吾,A1,43.3,0.13,1,4,逃げ,0,1
2026-08-07,202608070410,04,10R,5,3日目以降,4→5展開,5,74.03,A,吉島 祥之,A2,45.4,0.14,1,4,逃げ,0,0
2026-08-07,202608071010,10,10R,4,3日目以降,3攻め,3,64.77,B,守田 俊介,A1,31.3,0.11,3,1,まくり,1,1
2026-08-07,202608071203,12,03R,4,3日目以降,3攻め,3,61.34,B,川尻 泰輔,A2,25.6,0.13,1,3,逃げ,0,1
2026-08-07,202608071209,12,09R,4,3日目以降,3攻め,3,67.83,B,水谷 理人,A1,35.2,0.1,1,3,逃げ,0,1
2026-08-07,202608071210,12,10R,4,3日目以降,3攻め,3,66.04,B,君島 秀三,A1,36.8,0.1,1,3,逃げ,0,1
2026-08-07,202608071211,12,11R,4,3日目以降,3攻め,3,67.93,B,石川 諒,A2,34.2,0.13,1,4,逃げ,0,0
2026-08-07,202608071402,14,02R,3,3日目以降,4カド,4,60.26,B,垂水 悠,B1,42.1,0.1,1,2,逃げ,0,0
2026-08-07,202608071405,14,05R,3,3日目以降,4→5展開,5,65.66,B,宮田 龍馬,A1,50.0,0.15,1,5,逃げ,0,1
2026-08-07,202608071406,14,06R,3,3日目以降,3攻め,3,72.6,A,垂水 悠,B1,42.1,0.08,3,2,まくり,1,1
2026-08-07,202608071407,14,07R,3,3日目以降,4カド,4,69.37,B,堀本 和也,A2,28.0,0.11,3,5,まくり,0,0
2026-08-07,202608071409,14,09R,3,3日目以降,4カド,4,65.79,B,市橋 卓士,A1,32.7,0.09,4,1,抜き,0,1
2026-08-07,202608071504,15,04R,0,不明,3攻め,3,63.47,B,上田 龍星,A1,42.3,0.1,1,3,逃げ,0,1
2026-08-07,202608071708,17,08R,5,3日目以降,3攻め,3,60.43,B,梶山 涼斗,B1,41.9,0.14,1,3,逃げ,0,1
2026-08-07,202608071805,18,05R,2,2日目,3攻め,3,70.55,A,千葉 真弥,A2,46.0,0.13,3,1,まくり差し,1,1
2026-08-07,202608071807,18,07R,2,2日目,4カド,4,60.16,B,西橋 奈未,A1,39.3,0.15,2,4,差し,0,1
2026-08-07,202608071809,18,09R,2,2日目,3攻め,3,60.48,B,小野 生奈,A1,28.7,0.15,1,4,逃げ,0,0
2026-08-07,202608071812,18,12R,2,2日目,3攻め,3,63.51,B,田口 節子,A1,28.3,0.15,3,5,まくり,1,1
2026-08-07,202608071904,19,04R,5,3日目以降,4カド,4,72.11,A,石丸 海渡,A1,30.3,0.1,4,3,まくり差し,1,1
2026-08-07,202608071905,19,05R,5,3日目以降,3攻め,3,62.46,B,赤岩 善生,A1,33.9,0.12,1,3,逃げ,0,1
2026-08-07,202608071909,19,09R,5,3日目以降,3攻め,3,72.56,A,石丸 海渡,A1,30.3,0.11,1,3,逃げ,0,1
2026-08-07,202608071910,19,10R,5,3日目以降,3攻め,3,64.94,B,井本 昌也,A1,31.5,0.12,5,4,まくり差し,0,0
2026-08-07,202608072002,20,02R,0,不明,4カド,4,61.2,B,森 照夫,B2,30.2,0.13,5,1,まくり,0,0
2026-08-07,202608072006,20,06R,0,不明,4カド,4,63.45,B,長野 壮志郎,A2,44.8,0.12,1,5,逃げ,0,0
2026-08-07,202608072007,20,07R,0,不明,3攻め,3,66.12,B,新開 航,A1,53.1,0.12,3,4,まくり,1,1
2026-08-08,202608080208,02,08R,3,3日目以降,3攻め,3,61.14,B,麻生 慎介,A1,0,0.1,5,6,恵まれ,0,0
2026-08-08,202608080402,04,02R,0,不明,3攻め,3,63.68,B,青木 幸太郎,A2,50.0,0.17,2,3,差し,0,1
2026-08-08,202608080408,04,08R,0,不明,4カド,4,63.93,B,金子 賢志,A1,33.3,0.13,4,6,まくり,1,1
2026-08-08,202608080508,05,08R,0,不明,3攻め,3,67.01,B,豊田 健士郎,A1,35.1,0.13,1,3,逃げ,0,1
2026-08-08,202608080901,09,01R,4,3日目以降,4カド,4,62.64,B,深川 和仁,B1,38.2,0.12,5,1,まくり差し,0,0
2026-08-08,202608080903,09,03R,4,3日目以降,3攻め,3,60.97,B,和田 操拓,B1,40.3,0.13,2,1,差し,0,0
2026-08-08,202608080907,09,07R,4,3日目以降,4→5展開,5,62.28,B,松田 祐季,A1,37.3,0.17,5,2,差し,1,1
2026-08-08,202608080908,09,08R,4,3日目以降,3攻め,3,62.64,B,金田 智博,A2,43.9,0.09,2,3,まくり,0,1
2026-08-08,202608081003,10,03R,5,3日目以降,3攻め,3,60.73,B,馬野 耀,A2,34.0,0.14,1,3,逃げ,0,1
2026-08-08,202608081004,10,04R,5,3日目以降,4→5展開,5,68.92,B,石本 裕武,A1,45.6,0.13,1,4,逃げ,0,0
2026-08-08,202608081006,10,06R,5,3日目以降,4カド,4,68.76,B,井上 一輝,A1,34.6,0.12,1,6,逃げ,0,0
2026-08-08,202608081007,10,07R,5,3日目以降,4→5展開,5,67.08,B,永井 彪也,A1,36.7,0.15,1,2,逃げ,0,0
2026-08-08,202608081012,10,12R,5,3日目以降,4→5展開,5,62.07,B,高橋 竜矢,A1,35.7,0.14,1,3,逃げ,0,0
2026-08-08,202608081404,14,04R,4,3日目以降,4カド,4,60.07,B,垂水 悠,B1,42.1,0.11,4,1,まくり,1,1
2026-08-08,202608081511,15,11R,2,2日目,4カド,4,60.74,B,三宅 潤,A2,36.0,0.13,1,3,逃げ,0,0
2026-08-08,202608081512,15,12R,2,2日目,3攻め,3,61.45,B,上田 龍星,A1,42.3,0.1,1,3,逃げ,0,1
2026-08-08,202608081602,16,02R,0,不明,3攻め,3,65.17,B,末永 由楽,A2,38.3,0.08,4,1,まくり差し,0,0
2026-08-08,202608081604,16,04R,0,不明,3攻め,3,62.14,B,平尾 崇典,A1,36.3,0.12,3,1,まくり,1,1
2026-08-08,202608081608,16,08R,0,不明,3攻め,3,64.81,B,薮内 瑞希,B1,38.3,0.13,1,4,抜き,0,0
2026-08-08,202608081612,16,12R,0,不明,4カド,4,64.86,B,渡邉 和将,A1,38.9,0.11,4,6,まくり,1,1
2026-08-08,202608081612,16,12R,0,不明,4→5展開,5,74.54,A,藤原 啓史朗,A1,46.9,0.1,4,6,まくり,0,0
2026-08-08,202608081706,17,06R,0,不明,3攻め,3,74.38,A,平田 さやか,A2,34.1,0.15,1,3,逃げ,0,1
2026-08-08,202608081710,17,10R,0,不明,4カド,4,65.33,B,平田 さやか,A2,34.1,0.14,5,2,まくり差し,0,0
2026-08-08,202608081801,18,01R,3,3日目以降,4→5展開,5,65.88,B,渡邉 真奈美,B1,37.1,0.15,6,5,まくり差し,0,1
2026-08-08,202608081803,18,03R,3,3日目以降,3攻め,3,61.51,B,浜田 亜理沙,B1,37.3,0.14,4,2,まくり差し,0,0
2026-08-08,202608081806,18,06R,3,3日目以降,3攻め,3,60.16,B,長嶋 万記,B2,40.8,0.14,1,4,逃げ,0,0
2026-08-08,202608081908,19,08R,0,不明,4カド,4,61.5,B,三浦 敬太,A1,38.6,0.14,4,6,まくり,1,1
2026-08-08,202608082005,20,05R,2,2日目,4カド,4,63.7,B,新開 航,A1,53.1,0.17,4,1,差し,0,1
2026-08-08,202608082402,24,02R,3,3日目以降,3攻め,3,65.69,B,石川 真二,A1,7.3,0.11,1,3,逃げ,0,1
2026-08-09,202608090303,03,03R,0,不明,3攻め,3,73.24,A,飯山 泰,A1,39.5,0.14,1,5,逃げ,0,0
2026-08-09,202608090307,03,07R,0,不明,3攻め,3,68.77,B,寺本 重宣,A2,31.8,0.12,1,3,抜き,0,1
2026-08-09,202608090502,05,02R,2,2日目,4→5展開,5,64.79,B,太田 和美,A1,36.9,0.18,1,4,逃げ,0,0
2026-08-09,202608090503,05,03R,2,2日目,4カド,4,62.43,B,片橋 幸貴,A1,26.7,0.12,2,4,差し,0,1
2026-08-09,202608090506,05,06R,2,2日目,4カド,4,77.67,A,豊田 健士郎,A1,35.1,0.12,2,4,差し,0,1
2026-08-09,202608090506,05,06R,2,2日目,4→5展開,5,74.14,A,天野 友和,A2,32.3,0.13,2,4,差し,0,0
2026-08-09,202608090903,09,03R,5,3日目以降,4→5展開,5,68.11,B,國崎 良春,A2,43.3,0.14,4,2,差し,0,0
2026-08-09,202608091004,10,04R,0,不明,4カド,4,73.0,A,高橋 竜矢,A1,35.7,0.15,1,6,逃げ,0,0
2026-08-09,202608091012,10,12R,0,不明,4→5展開,5,61.28,B,井上 一輝,A1,34.6,0.14,1,4,抜き,0,0
2026-08-09,202608091203,12,03R,0,不明,4カド,4,61.73,B,石川 諒,A2,34.2,0.08,1,2,逃げ,0,0
2026-08-09,202608091208,12,08R,0,不明,3攻め,3,62.23,B,石川 諒,A2,34.2,0.12,1,3,逃げ,0,1
2026-08-09,202608091301,13,01R,0,不明,4カド,4,65.83,B,馬袋 義則,A1,34.1,0.13,2,4,差し,0,1
2026-08-09,202608091305,13,05R,0,不明,3攻め,3,64.51,B,数原 魁,A2,32.9,0.14,1,5,逃げ,0,0
2026-08-09,202608091402,14,02R,5,3日目以降,3攻め,3,65.29,B,堀本 和也,A2,28.0,0.1,3,1,まくり差し,1,1
2026-08-09,202608091411,14,11R,5,3日目以降,4カド,4,69.87,B,堀本 和也,A2,28.0,0.11,1,3,逃げ,0,0
2026-08-09,202608091411,14,11R,5,3日目以降,4→5展開,5,63.41,B,垂水 悠,B1,42.1,0.1,1,3,逃げ,0,0
2026-08-09,202608091504,15,04R,3,3日目以降,4カド,4,67.07,B,竹田 和哉,A1,33.1,0.15,1,2,抜き,0,0
2026-08-09,202608091510,15,10R,3,3日目以降,4カド,4,61.85,B,上田 龍星,A1,42.3,0.13,2,1,差し,0,0
2026-08-09,202608091602,16,02R,2,2日目,4→5展開,5,62.38,B,峰重 力也,A2,34.9,0.11,5,1,まくり差し,1,1
2026-08-09,202608091605,16,05R,2,2日目,3攻め,3,80.6,S,藤原 啓史朗,A1,46.9,0.14,3,2,まくり差し,1,1
2026-08-09,202608091804,18,04R,4,3日目以降,3攻め,3,62.43,B,三浦 永理,A1,32.3,0.14,2,1,差し,0,0
2026-08-09,202608091806,18,06R,4,3日目以降,3攻め,3,71.96,A,遠藤 エミ,A1,31.8,0.14,1,3,逃げ,0,1
2026-08-09,202608091810,18,10R,4,3日目以降,4カド,4,64.55,B,中村 桃佳,A2,44.8,0.13,2,6,差し,0,0
2026-08-09,202608091810,18,10R,4,3日目以降,4→5展開,5,62.87,B,倉持 莉々,A1,30.9,0.13,2,6,差し,0,0
2026-08-09,202608092006,20,06R,3,3日目以降,4カド,4,69.96,B,新開 航,A1,53.1,0.17,4,1,差し,0,1
2026-08-09,202608092007,20,07R,3,3日目以降,3攻め,3,67.87,B,岡村 慶太,A1,31.2,0.15,5,1,まくり差し,0,0
2026-08-09,202608092011,20,11R,3,3日目以降,4カド,4,63.67,B,木下 大將,A2,39.1,0.13,5,1,まくり差し,0,0
2026-08-09,202608092011,20,11R,3,3日目以降,4→5展開,5,63.65,B,柴田 朋哉,B1,34.5,0.13,5,1,まくり差し,1,1
2026-08-09,202608092304,23,04R,0,不明,4カド,4,64.97,B,山田 康二,A1,37.7,0.13,4,5,まくり差し,1,1
2026-08-09,202608092306,23,06R,0,不明,4カド,4,82.9,S,森永 淳,A1,47.1,0.12,4,2,まくり,1,1
2026-08-09,202608092307,23,07R,0,不明,3攻め,3,63.7,B,定松 勇樹,A1,28.8,0.1,3,5,差し,0,1
2026-08-10,202608100302,03,02R,2,2日目,3攻め,3,69.52,B,前沢 丈史,A1,34.0,0.13,4,1,差し,0,0
2026-08-10,202608100304,03,04R,2,2日目,3攻め,3,60.15,B,桑島 和宏,A2,25.5,0.12,2,5,まくり,0,0
2026-08-10,202608100506,05,06R,3,3日目以降,4カド,4,60.66,B,井口 佳典,A1,34.5,0.17,4,1,まくり,1,1
2026-08-10,202608100507,05,07R,3,3日目以降,4カド,4,61.75,B,澤田 尚也,A1,37.0,0.11,1,2,逃げ,0,0
2026-08-10,202608100511,05,11R,3,3日目以降,4カド,4,65.32,B,佐藤 永梧,B1,36.6,0.14,5,4,まくり差し,0,1
2026-08-10,202608100512,05,12R,3,3日目以降,3攻め,3,61.18,B,馬場 貴也,A1,25.6,0.13,3,1,まくり差し,1,1
2026-08-10,202608100808,08,08R,0,不明,3攻め,3,70.97,A,荒木 颯斗,A2,39.5,0.12,3,4,抜き,0,1
2026-08-10,202608100909,09,09R,0,不明,4カド,4,65.43,B,深川 和仁,B1,38.2,0.13,1,3,逃げ,0,0
2026-08-10,202608100912,09,12R,0,不明,4→5展開,5,61.27,B,金田 智博,A2,43.9,0.16,1,3,逃げ,0,0
2026-08-10,202608101307,13,07R,2,2日目,3攻め,3,68.02,B,鈴谷 一平,A1,30.4,0.13,1,4,逃げ,0,0
2026-08-10,202608101310,13,10R,2,2日目,3攻め,3,69.65,B,尾嶋 一広,A1,42.6,0.12,1,3,逃げ,0,1
2026-08-10,202608101403,14,03R,0,不明,4カド,4,66.42,B,四宮 与寛,A2,35.8,0.14,1,4,逃げ,0,1
2026-08-10,202608101403,14,03R,0,不明,4→5展開,5,62.59,B,永田 義紘,B1,46.0,0.15,1,4,逃げ,0,0
2026-08-10,202608101404,14,04R,0,不明,3攻め,3,63.24,B,三木 晴斗,B1,35.3,0.14,1,3,逃げ,0,1
2026-08-10,202608101405,14,05R,0,不明,3攻め,3,70.47,A,河野 大,A1,39.3,0.12,2,1,差し,0,0
2026-08-10,202608101410,14,10R,0,不明,4カド,4,61.41,B,垂水 悠,B1,42.1,0.1,1,3,逃げ,0,0
2026-08-10,202608101411,14,11R,0,不明,4→5展開,5,69.58,B,林 美憲,A1,46.3,0.14,2,1,差し,0,0
2026-08-10,202608101603,16,03R,3,3日目以降,3攻め,3,67.05,B,岩津 徹郎,B1,27.3,0.15,3,4,差し,0,1
2026-08-10,202608101604,16,04R,3,3日目以降,3攻め,3,60.29,B,峰重 力也,A2,34.9,0.11,2,5,まくり,0,0
2026-08-10,202608101607,16,07R,3,3日目以降,4→5展開,5,67.0,B,渡邉 和将,A1,38.9,0.13,4,1,まくり,0,0
2026-08-10,202608101608,16,08R,3,3日目以降,3攻め,3,63.52,B,島川 光男,A2,36.4,0.13,1,3,逃げ,0,1
2026-08-10,202608101808,18,08R,5,3日目以降,4→5展開,5,64.79,B,廣中 智紗衣,A2,38.5,0.18,1,2,逃げ,0,0
2026-08-10,202608101812,18,12R,5,3日目以降,4カド,4,65.46,B,田口 節子,A1,28.3,0.15,1,3,逃げ,0,0
2026-08-10,202608102007,20,07R,4,3日目以降,3攻め,3,66.2,B,山田 丈,A2,34.9,0.18,3,1,まくり差し,1,1
2026-08-10,202608102105,21,05R,0,不明,3攻め,3,61.53,B,山ノ内 雅人,A2,38.7,0.13,1,3,逃げ,0,1
2026-08-10,202608102112,21,12R,0,不明,4→5展開,5,62.47,B,中 亮太,A1,27.5,0.13,2,3,まくり,0,0
2026-08-10,202608102303,23,03R,2,2日目,3攻め,3,62.22,B,武富 智亮,A2,33.4,0.14,3,1,まくり差し,1,1
2026-08-10,202608102305,23,05R,2,2日目,4カド,4,71.81,A,古賀 繁輝,A1,33.4,0.08,5,4,まくり,0,1
2026-08-10,202608102307,23,07R,2,2日目,3攻め,3,72.89,A,山田 康二,A1,37.7,0.1,1,3,逃げ,0,1
2026-08-10,202608102308,23,08R,2,2日目,4カド,4,78.05,A,上野 真之介,A1,31.8,0.11,4,3,まくり差し,1,1
2026-08-10,202608102311,23,11R,2,2日目,4カド,4,64.07,B,宮地 元輝,A1,33.3,0.1,4,3,まくり差し,1,1
2026-08-11,202608110104,01,04R,0,不明,3攻め,3,61.6,B,大澤 普司,A1,48.9,0.14,1,6,逃げ,0,0
2026-08-11,202608110110,01,10R,0,不明,4カド,4,69.69,B,大澤 風葵,A1,34.3,0.13,1,3,逃げ,0,0
2026-08-11,202608110405,04,05R,0,不明,3攻め,3,60.08,B,今泉 友吾,A1,13.7,0.11,1,3,逃げ,0,1
2026-08-11,202608110408,04,08R,0,不明,4カド,4,61.63,B,金田 諭,A1,32.4,0.15,4,1,まくり,1,1
2026-08-11,202608110412,04,12R,0,不明,4カド,4,74.64,A,山田 哲也,A1,61.5,0.06,2,6,差し,0,0
2026-08-11,202608110505,05,05R,0,不明,4カド,4,63.1,B,中島 秀治,A2,35.0,0.1,4,3,まくり,1,1
2026-08-11,202608110509,05,09R,0,不明,3攻め,3,69.84,B,片橋 幸貴,A1,26.7,0.12,3,4,差し,0,1
2026-08-11,202608110608,06,08R,0,不明,4カド,4,77.28,A,菊地 孝平,A1,39.0,0.09,1,2,逃げ,0,0
2026-08-11,202608110703,07,03R,0,不明,4カド,4,65.99,B,黒野 元基,A1,0,0.14,6,4,まくり差し,0,1
2026-08-11,202608110707,07,07R,0,不明,3攻め,3,61.76,B,前田 滉,A1,0,0.13,3,1,差し,0,1
2026-08-11,202608110708,07,08R,0,不明,4カド,4,62.52,B,平本 真之,A1,0,0.12,5,4,まくり差し,0,1
2026-08-11,202608110708,07,08R,0,不明,4→5展開,5,60.01,B,永井 源,A2,0,0.13,5,4,まくり差し,1,1
2026-08-11,202608110709,07,09R,0,不明,3攻め,3,61.47,B,杉山 裕也,A2,0,0.15,1,3,逃げ,0,1
2026-08-11,202608110809,08,09R,2,2日目,3攻め,3,65.58,B,野中 一平,A2,34.1,0.12,3,4,まくり,1,1
2026-08-11,202608111303,13,03R,3,3日目以降,4カド,4,79.19,A,森 悠稀,A2,45.9,0.12,5,6,まくり差し,0,0
2026-08-11,202608111304,13,04R,3,3日目以降,4カド,4,65.46,B,藤岡 俊介,A1,38.1,0.11,2,1,差し,0,0
2026-08-11,202608111305,13,05R,3,3日目以降,4カド,4,61.76,B,稲田 浩二,A1,26.3,0.1,1,2,逃げ,0,0
2026-08-11,202608111307,13,07R,3,3日目以降,4カド,4,63.86,B,加藤 翔馬,A1,33.7,0.15,1,4,逃げ,0,1
2026-08-11,202608111307,13,07R,3,3日目以降,4→5展開,5,63.44,B,近藤 来希,B2,34.1,0.15,1,4,逃げ,0,0
2026-08-11,202608111308,13,08R,3,3日目以降,3攻め,3,64.01,B,和田 兼輔,A1,34.5,0.14,1,3,逃げ,0,1
2026-08-11,202608111309,13,09R,3,3日目以降,4カド,4,66.99,B,山下 大輝,A1,51.9,0.15,1,4,逃げ,0,1
2026-08-11,202608111311,13,11R,3,3日目以降,3攻め,3,65.2,B,高橋 正男,A2,48.1,0.12,1,3,逃げ,0,1
2026-08-11,202608111604,16,04R,4,3日目以降,4カド,4,63.83,B,吉田 拡郎,A1,34.0,0.14,1,4,逃げ,0,1
2026-08-11,202608111606,16,06R,4,3日目以降,4カド,4,69.61,B,茅原 悠紀,A1,31.1,0.1,4,3,差し,0,1
2026-08-11,202608111805,18,05R,0,不明,3攻め,3,66.9,B,長嶋 万記,B2,40.8,0.15,1,5,逃げ,0,0
2026-08-11,202608111807,18,07R,0,不明,3攻め,3,61.62,B,内山 七海,A2,40.2,0.15,3,2,差し,0,1
2026-08-11,202608111810,18,10R,0,不明,3攻め,3,65.76,B,今井 美亜,A1,34.2,0.09,3,5,差し,0,1
2026-08-11,202608111903,19,03R,0,不明,3攻め,3,63.46,B,島川 海輝,A2,25.4,0.13,1,6,逃げ,0,0
2026-08-11,202608111906,19,06R,0,不明,3攻め,3,61.18,B,柳生 泰二,A1,35.2,0.13,3,2,まくり差し,1,1
2026-08-11,202608111911,19,11R,0,不明,4カド,4,60.22,B,森定 晃史,A2,35.1,0.15,3,1,まくり,0,0
2026-08-11,202608111911,19,11R,0,不明,4→5展開,5,72.44,A,山下 和彦,A2,33.8,0.15,3,1,まくり,0,0
2026-08-11,202608112006,20,06R,5,3日目以降,4→5展開,5,61.94,B,新開 航,A1,53.1,0.14,1,3,逃げ,0,0
2026-08-11,202608112010,20,10R,5,3日目以降,4カド,4,62.24,B,宮脇 遼太,A1,35.5,0.12,2,1,差し,0,0
2026-08-11,202608112102,21,02R,2,2日目,4カド,4,66.84,B,篠崎 仁志,A1,21.8,0.11,1,4,逃げ,0,1
2026-08-11,202608112110,21,10R,2,2日目,4→5展開,5,63.97,B,戸敷 晃美,A2,33.3,0.15,1,5,逃げ,0,1
2026-08-11,202608112112,21,12R,2,2日目,4カド,4,63.67,B,稗田 聖也,A1,49.4,0.12,1,3,逃げ,0,0
2026-08-11,202608112112,21,12R,2,2日目,4→5展開,5,70.74,A,高倉 和士,A1,40.2,0.11,1,3,逃げ,0,0
2026-08-11,202608112305,23,05R,3,3日目以降,4カド,4,76.87,A,山田 康二,A1,37.7,0.14,4,1,差し,0,1
2026-08-11,202608112310,23,10R,3,3日目以降,3攻め,3,79.37,A,森永 淳,A1,47.1,0.14,3,4,まくり,1,1
2026-08-12,202608120105,01,05R,2,2日目,4カド,4,69.47,B,坂本 雄紀,A1,44.5,0.14,5,1,恵まれ,0,0
2026-08-12,202608120105,01,05R,2,2日目,4→5展開,5,63.7,B,中里 英夫,B1,45.3,0.16,5,1,恵まれ,1,1
2026-08-12,202608120107,01,07R,2,2日目,3攻め,3,73.57,A,大澤 風葵,A1,34.3,0.14,1,3,逃げ,0,1
2026-08-12,202608120201,02,01R,0,不明,3攻め,3,63.31,B,楠 将太郎,A2,28.5,0.13,1,3,逃げ,0,1
2026-08-12,202608120204,02,04R,0,不明,3攻め,3,63.16,B,飛田 江己,A1,0.0,0.08,3,2,まくり,1,1
2026-08-12,202608120301,03,01R,3,3日目以降,3攻め,3,67.57,B,高橋 勲,B1,39.5,0.17,2,4,差し,0,0
2026-08-12,202608120303,03,03R,3,3日目以降,4カド,4,65.1,B,森作 雄大,B1,26.0,0.08,5,2,差し,0,0
2026-08-12,202608120304,03,04R,3,3日目以降,4→5展開,5,61.05,B,中野 次郎,A1,26.0,0.14,2,4,まくり,0,0
2026-08-12,202608120308,03,08R,3,3日目以降,3攻め,3,62.9,B,佐藤 大佑,A1,43.1,0.15,1,6,逃げ,0,0
2026-08-12,202608120311,03,11R,3,3日目以降,3攻め,3,65.78,B,馬場 剛,A1,34.0,0.1,1,4,抜き,0,0
2026-08-12,202608120409,04,09R,2,2日目,4カド,4,62.93,B,後藤 翔之,A2,20.8,0.16,4,6,まくり差し,1,1
2026-08-12,202608120605,06,05R,2,2日目,3攻め,3,71.27,A,板橋 侑我,A2,40.9,0.09,5,1,まくり差し,0,0
2026-08-12,202608120609,06,09R,2,2日目,4→5展開,5,64.82,B,横澤 剛治,A2,38.5,0.14,1,2,逃げ,0,0
2026-08-12,202608120611,06,11R,2,2日目,4→5展開,5,62.04,B,大橋 純一郎,A1,43.5,0.16,1,3,逃げ,0,0
2026-08-12,202608120702,07,02R,2,2日目,3攻め,3,62.64,B,石原 翼,A2,0,0.12,1,3,逃げ,0,1
2026-08-12,202608120812,08,12R,3,3日目以降,3攻め,3,60.35,B,池田 浩二,A1,33.0,0.12,1,5,逃げ,0,0
2026-08-12,202608121301,13,01R,4,3日目以降,4カド,4,74.81,A,和田 兼輔,A1,34.5,0.14,2,1,差し,0,0
2026-08-12,202608121301,13,01R,4,3日目以降,4→5展開,5,72.99,A,登玉 隼百,A2,47.6,0.13,2,1,差し,0,0
2026-08-12,202608121302,13,02R,4,3日目以降,4カド,4,71.89,A,照屋 厚仁,A2,45.4,0.12,1,2,逃げ,0,0
2026-08-12,202608121304,13,04R,4,3日目以降,3攻め,3,61.24,B,小坂 尚哉,A1,39.2,0.11,1,3,逃げ,0,1
2026-08-12,202608121305,13,05R,4,3日目以降,4→5展開,5,65.5,B,向所 浩二,B1,36.3,0.14,1,3,逃げ,0,0
2026-08-12,202608121307,13,07R,4,3日目以降,4カド,4,64.57,B,登玉 隼百,A2,47.6,0.11,1,2,逃げ,0,0
2026-08-12,202608121308,13,08R,4,3日目以降,3攻め,3,73.95,A,山下 大輝,A1,51.9,0.13,3,1,まくり差し,1,1
2026-08-12,202608121312,13,12R,4,3日目以降,3攻め,3,70.19,A,馬袋 義則,A1,34.1,0.1,5,1,まくり差し,0,0
2026-08-12,202608121902,19,02R,2,2日目,3攻め,3,60.68,B,屋良 龍紀,B1,43.8,0.11,1,3,逃げ,0,1
2026-08-12,202608121909,19,09R,2,2日目,3攻め,3,65.08,B,寺田 祥,A1,31.2,0.13,3,1,抜き,0,1
2026-08-12,202608121910,19,10R,2,2日目,3攻め,3,64.3,B,小林 一樹,A2,32.8,0.11,1,3,逃げ,0,1
2026-08-12,202608122001,20,01R,0,不明,4カド,4,61.23,B,森 照夫,B2,30.2,0.1,3,5,まくり差し,0,0
2026-08-12,202608122010,20,10R,0,不明,4カド,4,63.82,B,溝口 海義也,A1,37.7,0.13,1,3,逃げ,0,0
2026-08-12,202608122103,21,03R,3,3日目以降,3攻め,3,67.91,B,郷原 章平,A2,44.4,0.11,1,2,逃げ,0,0
2026-08-12,202608122109,21,09R,3,3日目以降,4カド,4,60.89,B,中 亮太,A1,27.5,0.14,4,1,差し,0,1
2026-08-12,202608122112,21,12R,3,3日目以降,3攻め,3,64.03,B,稗田 聖也,A1,49.4,0.09,1,3,逃げ,0,1
2026-08-12,202608122210,22,10R,0,不明,4カド,4,77.76,A,松村 敏,A1,60.9,0.14,3,4,まくり,0,1
2026-08-12,202608122302,23,02R,4,3日目以降,3攻め,3,71.84,A,上野 真之介,A1,31.8,0.12,1,3,逃げ,0,1
2026-08-12,202608122307,23,07R,4,3日目以降,3攻め,3,67.46,B,古賀 繁輝,A1,33.4,0.12,3,4,まくり,1,1
2026-08-12,202608122308,23,08R,4,3日目以降,4→5展開,5,70.87,A,山田 康二,A1,37.7,0.14,5,6,まくり,1,1
2026-08-12,202608122309,23,09R,4,3日目以降,3攻め,3,63.35,B,安河内 将,A1,39.4,0.15,3,6,まくり,1,1
2026-08-12,202608122310,23,10R,4,3日目以降,4カド,4,62.05,B,定松 勇樹,A1,28.8,0.15,4,2,まくり,1,1
2026-08-12,202608122311,23,11R,4,3日目以降,4カド,4,61.96,B,上野 真之介,A1,31.8,0.11,1,2,抜き,0,0
2026-08-12,202608122312,23,12R,4,3日目以降,4カド,4,64.99,B,宮地 元輝,A1,33.3,0.12,2,1,差し,0,0
2026-08-12,202608122404,24,04R,0,不明,4カド,4,68.88,B,山口 真喜子,A2,34.0,0.09,4,3,まくり差し,1,1
2026-08-12,202608122408,24,08R,0,不明,4カド,4,60.13,B,松瀬 弘美,B1,32.6,0.13,2,1,差し,0,0
2026-08-12,202608122411,24,11R,0,不明,4→5展開,5,60.53,B,中北 涼,B1,41.6,0.2,2,1,まくり,0,0
2026-08-13,202608130103,01,03R,3,3日目以降,4カド,4,64.03,B,塚越 海斗,A1,32.9,0.13,2,1,まくり,0,0
2026-08-13,202608130104,01,04R,3,3日目以降,3攻め,3,68.53,B,椎名 豊,A1,46.9,0.12,1,4,逃げ,0,0
2026-08-13,202608130108,01,08R,3,3日目以降,4カド,4,66.46,B,石井 孝之,B1,39.8,0.11,5,4,まくり,0,1
2026-08-13,202608130108,01,08R,3,3日目以降,4→5展開,5,67.77,B,久田 敏之,A1,45.5,0.13,5,4,まくり,1,1
2026-08-13,202608130202,02,02R,2,2日目,3攻め,3,64.41,B,砂長 知輝,A1,0.0,0.14,3,1,まくり差し,1,1
2026-08-13,202608130204,02,04R,2,2日目,4カド,4,63.19,B,松本 純平,A1,42.8,0.14,2,4,差し,0,1
2026-08-13,202608130205,02,05R,2,2日目,4カド,4,60.23,B,飛田 江己,A1,0.0,0.08,1,4,逃げ,0,1
2026-08-13,202608130206,02,06R,2,2日目,3攻め,3,62.7,B,秋元 哲,A1,0.0,0.11,3,1,抜き,0,1
2026-08-13,202608130209,02,09R,2,2日目,3攻め,3,76.65,A,中澤 和志,A1,37.5,0.13,3,4,まくり,1,1
2026-08-13,202608130210,02,10R,2,2日目,4カド,4,87.75,S,青木 蓮,A2,71.4,0.09,1,2,逃げ,0,0
2026-08-13,202608130301,03,01R,4,3日目以降,3攻め,3,62.17,B,内山 文典,B1,50.0,0.16,4,6,まくり差し,0,0
2026-08-13,202608130304,03,04R,4,3日目以降,3攻め,3,61.18,B,前沢 丈史,A1,34.0,0.12,1,2,逃げ,0,0
2026-08-13,202608130307,03,07R,4,3日目以降,3攻め,3,64.59,B,中野 次郎,A1,26.0,0.15,1,3,逃げ,0,1
2026-08-13,202608130310,03,10R,4,3日目以降,3攻め,3,71.93,A,寺本 重宣,A2,31.8,0.12,4,6,まくり,0,0
2026-08-13,202608130312,03,12R,4,3日目以降,4カド,4,69.62,B,佐藤 大佑,A1,43.1,0.13,1,3,逃げ,0,0
2026-08-13,202608130403,04,03R,3,3日目以降,3攻め,3,62.35,B,木下 陽介,B1,45.1,0.13,3,2,差し,0,1
2026-08-13,202608130407,04,07R,3,3日目以降,3攻め,3,69.27,B,石田 貴洋,A1,52.3,0.15,1,4,逃げ,0,0
2026-08-13,202608130602,06,02R,3,3日目以降,3攻め,3,68.37,B,重野 哲之,A2,38.6,0.1,3,4,まくり,1,1
2026-08-13,202608130603,06,03R,3,3日目以降,3攻め,3,60.3,B,大場 敏,A2,33.3,0.1,3,1,まくり差し,1,1
2026-08-13,202608130608,06,08R,3,3日目以降,4カド,4,73.82,A,若林 義人,A1,35.4,0.12,5,6,抜き,0,0
2026-08-13,202608130612,06,12R,3,3日目以降,4カド,4,61.46,B,板橋 侑我,A2,40.9,0.13,1,3,逃げ,0,0
2026-08-13,202608130706,07,06R,3,3日目以降,4カド,4,67.34,B,吉田 凌太朗,A1,0,0.15,2,1,差し,0,0
2026-08-13,202608130805,08,05R,4,3日目以降,4→5展開,5,60.14,B,水野 望美,B1,31.1,0.17,2,1,差し,0,0
2026-08-13,202608131203,12,03R,0,不明,4カド,4,61.75,B,湯川 浩司,A1,37.0,0.14,1,2,逃げ,0,0
2026-08-13,202608131209,12,09R,0,不明,3攻め,3,68.27,B,中村 魁生,A1,46.3,0.15,1,2,逃げ,0,0
2026-08-13,202608131212,12,12R,0,不明,4カド,4,63.71,B,小池 修平,A1,37.6,0.12,1,3,逃げ,0,0
2026-08-13,202608131307,13,07R,5,3日目以降,3攻め,3,66.24,B,鈴谷 一平,A1,30.4,0.13,3,1,まくり差し,1,1
2026-08-13,202608131309,13,09R,5,3日目以降,3攻め,3,71.7,A,古結 宏,A1,39.7,0.14,1,3,逃げ,0,1
2026-08-13,202608131311,13,11R,5,3日目以降,4カド,4,71.45,A,藤岡 俊介,A1,38.1,0.1,1,5,逃げ,0,0
2026-08-13,202608131601,16,01R,0,不明,3攻め,3,61.84,B,金田 大輔,B1,32.3,0.18,3,1,まくり差し,1,1
2026-08-13,202608131606,16,06R,0,不明,3攻め,3,71.12,A,末永 由楽,A2,38.3,0.09,4,3,まくり,0,1
2026-08-13,202608131611,16,11R,0,不明,4→5展開,5,60.81,B,島川 光男,A2,36.4,0.14,3,2,まくり差し,0,0
2026-08-13,202608132102,21,02R,4,3日目以降,4カド,4,70.68,A,永田 啓二,A1,21.9,0.12,1,4,逃げ,0,1
2026-08-13,202608132107,21,07R,4,3日目以降,4→5展開,5,60.52,B,中尾 彩香,B1,43.4,0.14,1,4,逃げ,0,0
2026-08-13,202608132303,23,03R,5,3日目以降,3攻め,3,64.09,B,上野 真之介,A1,31.8,0.13,1,3,逃げ,0,1
2026-08-13,202608132410,24,10R,2,2日目,3攻め,3,60.58,B,山口 真喜子,A2,34.0,0.13,5,2,まくり差し,0,0
2026-08-14,202608140101,01,01R,4,3日目以降,3攻め,3,65.88,B,廣瀬 真也,B1,40.5,0.15,4,5,差し,0,0
2026-08-14,202608140102,01,02R,4,3日目以降,3攻め,3,63.19,B,小川 知行,B1,39.4,0.15,3,4,まくり,1,1
2026-08-14,202608140102,01,02R,4,3日目以降,4カド,4,60.96,B,金子 賢志,A1,40.8,0.13,3,4,まくり,0,1
2026-08-14,202608140102,01,02R,4,3日目以降,4→5展開,5,69.95,B,今井 裕梨,A2,41.8,0.14,3,4,まくり,0,0
2026-08-14,202608140103,01,03R,4,3日目以降,4カド,4,83.68,S,久田 敏之,A1,45.5,0.09,3,4,まくり,0,1
2026-08-14,202608140107,01,07R,4,3日目以降,3攻め,3,71.62,A,椎名 豊,A1,46.9,0.11,1,2,逃げ,0,0
2026-08-14,202608140212,02,12R,3,3日目以降,3攻め,3,61.89,B,青木 蓮,A2,71.4,0.13,3,6,まくり,1,1
2026-08-14,202608140306,03,06R,5,3日目以降,4カド,4,76.31,A,馬場 剛,A1,34.0,0.1,4,2,まくり,1,1
2026-08-14,202608140403,04,03R,4,3日目以降,3攻め,3,77.46,A,山田 哲也,A1,61.5,0.12,2,3,差し,0,1
2026-08-14,202608140404,04,04R,4,3日目以降,4→5展開,5,60.3,B,村田 修次,A2,43.9,0.15,3,4,まくり,0,0
2026-08-14,202608140408,04,08R,4,3日目以降,4カド,4,74.52,A,三角 哲男,A1,43.3,0.13,1,6,逃げ,0,0
2026-08-14,202608140601,06,01R,4,3日目以降,3攻め,3,61.97,B,野末 智一,A1,36.0,0.18,1,3,逃げ,0,1
2026-08-14,202608140602,06,02R,4,3日目以降,3攻め,3,61.75,B,大場 敏,A2,33.3,0.11,6,4,まくり差し,0,0
2026-08-14,202608140605,06,05R,4,3日目以降,3攻め,3,67.62,B,吉村 誠,A1,46.9,0.14,1,5,逃げ,0,0
2026-08-14,202608140609,06,09R,4,3日目以降,3攻め,3,69.87,B,板橋 侑我,A2,40.9,0.1,4,5,まくり,0,0
2026-08-14,202608141003,10,03R,0,不明,4カド,4,64.12,B,加藤 優弥,B1,37.3,0.11,4,1,まくり,1,1
2026-08-14,202608141003,10,03R,0,不明,4→5展開,5,63.76,B,松本 一毅,B1,35.0,0.13,4,1,まくり,0,0
2026-08-14,202608141007,10,07R,0,不明,3攻め,3,62.56,B,松井 洪弥,A2,36.8,0.13,1,3,逃げ,0,1
2026-08-14,202608141009,10,09R,0,不明,3攻め,3,67.67,B,室田 泰史,A2,43.3,0.11,4,5,差し,0,0
2026-08-14,202608141206,12,06R,2,2日目,4カド,4,63.3,B,石野 貴之,A1,37.9,0.16,4,1,まくり差し,1,1
2026-08-14,202608141206,12,06R,2,2日目,4→5展開,5,81.29,S,新井 英孝,B1,55.4,0.16,4,1,まくり差し,0,0
2026-08-14,202608141210,12,10R,2,2日目,4カド,4,62.02,B,上條 暢嵩,A1,20.6,0.1,4,1,まくり差し,1,1
2026-08-14,202608141302,13,02R,0,不明,4カド,4,69.46,B,照屋 厚仁,A2,45.4,0.12,2,4,まくり,0,1
2026-08-14,202608141302,13,02R,0,不明,4→5展開,5,63.57,B,鈴谷 一平,A1,30.4,0.13,2,4,まくり,0,0
2026-08-14,202608141304,13,04R,0,不明,4カド,4,64.07,B,古結 宏,A1,39.7,0.13,1,2,逃げ,0,0
2026-08-14,202608141304,13,04R,0,不明,4→5展開,5,67.39,B,田路 朋史,A2,31.8,0.14,1,2,逃げ,0,0
2026-08-14,202608141305,13,05R,0,不明,3攻め,3,71.11,A,馬袋 義則,A1,34.1,0.1,1,4,逃げ,0,0
2026-08-14,202608141312,13,12R,0,不明,3攻め,3,64.73,B,尾嶋 一広,A1,42.6,0.12,1,2,逃げ,0,0
2026-08-14,202608141711,17,11R,0,不明,4→5展開,5,65.65,B,西野 翔太,A1,33.3,0.14,4,5,まくり,0,1
2026-08-14,202608141907,19,07R,4,3日目以降,3攻め,3,66.87,B,岸本 隆,A2,34.2,0.12,1,2,逃げ,0,0
2026-08-14,202608141912,19,12R,4,3日目以降,3攻め,3,65.24,B,松井 賢治,A2,38.8,0.16,1,3,逃げ,0,1
2026-08-14,202608142102,21,02R,5,3日目以降,4カド,4,67.11,B,羽野 直也,A1,40.2,0.14,1,4,逃げ,0,1
2026-08-14,202608142103,21,03R,5,3日目以降,3攻め,3,64.15,B,永田 啓二,A1,21.9,0.11,2,4,まくり,0,0
2026-08-14,202608142110,21,10R,5,3日目以降,3攻め,3,61.2,B,郷原 章平,A2,44.4,0.11,2,4,差し,0,0
2026-08-14,202608142203,22,03R,3,3日目以降,3攻め,3,64.67,B,前田 将太,A1,37.5,0.12,3,4,まくり,1,1
2026-08-14,202608142211,22,11R,3,3日目以降,4→5展開,5,63.38,B,松村 敏,A1,60.9,0.13,1,5,逃げ,0,1
2026-08-14,202608142312,23,12R,0,不明,4カド,4,71.99,A,森永 淳,A1,47.1,0.13,3,1,まくり差し,0,0
2026-08-14,202608142312,23,12R,0,不明,4→5展開,5,63.29,B,安河内 将,A1,39.4,0.14,3,1,まくり差し,0,0
2026-08-14,202608142402,24,02R,3,3日目以降,4カド,4,67.26,B,山口 真喜子,A2,34.0,0.09,1,3,逃げ,0,0
2026-08-14,202608142408,24,08R,3,3日目以降,3攻め,3,71.23,A,塩崎 桐加,B1,52.1,0.15,3,1,まくり,1,1
2026-08-14,202608142412,24,12R,3,3日目以降,3攻め,3,61.18,B,平田 さやか,A2,37.0,0.15,1,2,逃げ,0,0
2026-08-15,202608150108,01,08R,5,3日目以降,4カド,4,65.12,B,廣瀬 真也,B1,40.5,0.12,4,2,まくり,1,1
2026-08-15,202608150109,01,09R,5,3日目以降,4カド,4,67.5,B,椎名 豊,A1,46.9,0.14,2,3,差し,0,0
2026-08-15,202608150112,01,12R,5,3日目以降,4カド,4,72.67,A,大澤 風葵,A1,34.3,0.11,6,1,恵まれ,0,0
2026-08-15,202608150112,01,12R,5,3日目以降,4→5展開,5,69.47,B,石井 孝之,B1,39.8,0.12,6,1,恵まれ,0,0
2026-08-15,202608150302,03,02R,0,不明,4カド,4,77.63,A,馬場 剛,A1,34.0,0.1,5,4,抜き,0,1
2026-08-15,202608150304,03,04R,0,不明,4カド,4,64.18,B,寺本 重宣,A2,31.8,0.13,4,3,抜き,0,1
2026-08-15,202608150305,03,05R,0,不明,4カド,4,63.1,B,加藤 政彦,B1,47.9,0.12,2,6,まくり,0,0
2026-08-15,202608150310,03,10R,0,不明,3攻め,3,61.0,B,馬場 剛,A1,34.0,0.11,1,4,抜き,0,0
2026-08-15,202608150311,03,11R,0,不明,4カド,4,63.05,B,森作 雄大,B1,26.0,0.07,1,3,逃げ,0,0
2026-08-15,202608150312,03,12R,0,不明,3攻め,3,62.04,B,永田 秀二,A2,40.9,0.12,1,5,逃げ,0,0
2026-08-15,202608150409,04,09R,5,3日目以降,3攻め,3,60.2,B,門間 雄大,A2,32.5,0.13,3,5,まくり,1,1
2026-08-15,202608150501,05,01R,0,不明,4カド,4,66.7,B,山田 竜一,A2,45.1,0.14,6,2,まくり差し,0,0
2026-08-15,202608150506,05,06R,0,不明,3攻め,3,72.82,A,濱野谷 憲吾,A1,35.4,0.12,1,3,抜き,0,1
2026-08-15,202608150509,05,09R,0,不明,3攻め,3,66.84,B,北山 康介,A2,33.7,0.11,3,5,まくり,1,1
2026-08-15,202608150602,06,02R,5,3日目以降,3攻め,3,74.76,A,重野 哲之,A2,38.6,0.1,1,3,逃げ,0,1
2026-08-15,202608150608,06,08R,5,3日目以降,4→5展開,5,72.99,A,木村 紗友希,B1,45.7,0.15,4,1,差し,0,0
2026-08-15,202608150907,09,07R,0,不明,3攻め,3,60.48,B,新田 雄史,A1,34.2,0.12,3,1,まくり差し,1,1
2026-08-15,202608151005,10,05R,2,2日目,4カド,4,62.65,B,松井 洪弥,A2,36.8,0.1,5,2,恵まれ,0,0
2026-08-15,202608151006,10,06R,2,2日目,3攻め,3,68.75,B,萩原 秀人,A1,41.6,0.11,3,1,まくり,1,1
2026-08-15,202608151010,10,10R,2,2日目,3攻め,3,63.11,B,伊藤 誠二,A1,32.5,0.13,3,5,まくり,1,1
2026-08-15,202608151105,11,05R,0,不明,4→5展開,5,63.17,B,中村 有裕,A2,49.4,0.16,5,4,まくり差し,1,1
2026-08-15,202608151107,11,07R,0,不明,3攻め,3,60.86,B,吉川 晴人,A2,43.2,0.16,3,1,抜き,0,1
2026-08-15,202608151107,11,07R,0,不明,4→5展開,5,68.85,B,丸野 一樹,A1,36.6,0.1,3,1,抜き,0,0
2026-08-15,202608151108,11,08R,0,不明,4カド,4,71.69,A,守田 俊介,A1,36.4,0.12,1,4,逃げ,0,1
2026-08-15,202608151203,12,03R,3,3日目以降,3攻め,3,73.6,A,小池 修平,A1,37.6,0.14,1,4,逃げ,0,0
2026-08-15,202608151204,12,04R,3,3日目以降,4カド,4,72.48,A,山崎 郡,A1,33.7,0.1,4,5,差し,0,1
2026-08-15,202608151207,12,07R,3,3日目以降,3攻め,3,61.4,B,石野 貴之,A1,37.9,0.13,3,4,まくり差し,1,1
2026-08-15,202608151207,12,07R,3,3日目以降,4→5展開,5,61.44,B,福田 翔吾,B1,36.7,0.13,3,4,まくり差し,0,0
2026-08-15,202608151701,17,01R,2,2日目,4→5展開,5,61.38,B,井川 大作,B1,42.9,0.15,2,1,まくり,0,0
2026-08-15,202608151704,17,04R,2,2日目,4→5展開,5,61.09,B,高橋 竜矢,A1,38.2,0.14,2,3,抜き,0,0
2026-08-15,202608151707,17,07R,2,2日目,3攻め,3,60.14,B,田中 辰彦,A2,39.5,0.15,2,4,まくり,0,0
2026-08-15,202608151802,18,02R,0,不明,4→5展開,5,62.67,B,柏野 幸二,A2,36.8,0.14,1,2,逃げ,0,0
2026-08-15,202608151804,18,04R,0,不明,4カド,4,67.13,B,寺田 空詩,B1,30.0,0.14,1,3,逃げ,0,0
2026-08-15,202608151804,18,04R,0,不明,4→5展開,5,71.2,A,岡本 翔太郎,B1,51.8,0.14,1,3,逃げ,0,0
2026-08-15,202608151809,18,09R,0,不明,3攻め,3,69.95,B,大峯 豊,A1,33.3,0.14,3,1,まくり差し,1,1
2026-08-15,202608151810,18,10R,0,不明,4カド,4,64.42,B,笹木 香吾,A2,40.5,0.1,1,2,逃げ,0,0
2026-08-15,202608151904,19,04R,5,3日目以降,3攻め,3,69.1,B,岸本 隆,A2,34.2,0.13,1,2,逃げ,0,0
2026-08-15,202608151908,19,08R,5,3日目以降,4カド,4,60.95,B,森定 晃史,A2,35.1,0.16,1,2,抜き,0,0
2026-08-15,202608152103,21,03R,0,不明,3攻め,3,66.39,B,稗田 聖也,A1,49.4,0.11,1,3,逃げ,0,1
2026-08-15,202608152112,21,12R,0,不明,4→5展開,5,65.73,B,西川 拓利,A2,32.3,0.13,5,6,まくり差し,1,1
2026-08-15,202608152207,22,07R,4,3日目以降,3攻め,3,70.97,A,松村 敏,A1,60.9,0.12,1,3,逃げ,0,1
2026-08-15,202608152405,24,05R,4,3日目以降,3攻め,3,78.32,A,藤原 菜希,A2,36.9,0.16,1,2,逃げ,0,0
2026-08-15,202608152412,24,12R,4,3日目以降,4カド,4,65.34,B,原田 佑実,A2,35.7,0.15,2,1,差し,0,0
2026-08-15,202608152412,24,12R,4,3日目以降,4→5展開,5,62.9,B,山崎 小葉音,B1,33.3,0.16,2,1,差し,0,0
2026-08-16,202608160102,01,02R,0,不明,3攻め,3,61.36,B,金子 猛志,B1,37.2,0.12,3,1,差し,0,1
2026-08-16,202608160104,01,04R,0,不明,4カド,4,61.93,B,高橋 英之,B1,29.0,0.1,5,1,まくり差し,0,0
2026-08-16,202608160111,01,11R,0,不明,3攻め,3,68.75,B,椎名 豊,A1,46.9,0.11,3,1,まくり差し,1,1
2026-08-16,202608160212,02,12R,5,3日目以降,4カド,4,64.66,B,中澤 和志,A1,37.5,0.11,4,5,まくり,1,1
2026-08-16,202608160403,04,03R,0,不明,3攻め,3,77.62,A,石田 貴洋,A1,52.3,0.15,2,5,差し,0,0
2026-08-16,202608160404,04,04R,0,不明,4カド,4,60.03,B,村田 修次,A2,43.9,0.15,3,2,まくり,0,0
2026-08-16,202608160504,05,04R,2,2日目,3攻め,3,60.47,B,栗城 匠,A1,33.7,0.14,3,2,まくり差し,1,1
2026-08-16,202608160504,05,04R,2,2日目,4→5展開,5,62.57,B,谷津 幸宏,A2,40.0,0.11,3,2,まくり差し,0,0
2026-08-16,202608160506,05,06R,2,2日目,3攻め,3,65.92,B,宮之原 輝紀,A1,40.8,0.12,3,2,まくり,1,1
2026-08-16,202608160508,05,08R,2,2日目,3攻め,3,62.24,B,山田 竜一,A2,45.1,0.16,3,5,まくり,1,1
2026-08-16,202608160605,06,05R,0,不明,3攻め,3,62.03,B,板橋 侑我,A2,40.9,0.11,1,3,逃げ,0,1
2026-08-16,202608160608,06,08R,0,不明,4カド,4,65.97,B,重野 哲之,A2,38.6,0.1,6,4,まくり差し,0,1
2026-08-16,202608160901,09,01R,2,2日目,3攻め,3,63.59,B,鈴木 成美,B2,37.5,0.13,1,3,逃げ,0,1
2026-08-16,202608160903,09,03R,2,2日目,3攻め,3,62.51,B,松尾 拓,A2,34.3,0.16,4,6,抜き,0,0
2026-08-16,202608160905,09,05R,2,2日目,3攻め,3,66.26,B,谷口 丞,B1,42.2,0.13,1,2,抜き,0,0
2026-08-16,202608160909,09,09R,2,2日目,4カド,4,63.95,B,春園 功太,A1,41.6,0.14,1,6,逃げ,0,0
2026-08-16,202608160911,09,11R,2,2日目,4カド,4,68.4,B,新田 雄史,A1,34.2,0.12,1,2,逃げ,0,0
2026-08-16,202608161006,10,06R,3,3日目以降,4カド,4,62.24,B,前出 達吉,A2,35.2,0.14,2,4,まくり,0,1
2026-08-16,202608161105,11,05R,2,2日目,4カド,4,65.99,B,吉川 晴人,A2,43.2,0.13,1,4,逃げ,0,1
2026-08-16,202608161108,11,08R,2,2日目,4→5展開,5,62.09,B,太田 和美,A1,33.7,0.18,4,5,恵まれ,0,1
2026-08-16,202608161111,11,11R,2,2日目,4カド,4,62.68,B,丸野 一樹,A1,36.6,0.1,1,4,逃げ,0,1
2026-08-16,202608161204,12,04R,4,3日目以降,4→5展開,5,63.83,B,小池 哲也,A2,43.0,0.13,2,4,差し,0,0
2026-08-16,202608161209,12,09R,4,3日目以降,3攻め,3,60.8,B,井上 一輝,A1,36.1,0.13,1,3,逃げ,0,1
2026-08-16,202608161212,12,12R,4,3日目以降,4→5展開,5,64.44,B,上條 暢嵩,A1,20.6,0.13,1,5,逃げ,0,1
2026-08-16,202608161702,17,02R,3,3日目以降,3攻め,3,61.44,B,高橋 竜矢,A1,38.2,0.13,4,3,まくり,0,1
2026-08-16,202608161704,17,04R,3,3日目以降,3攻め,3,63.08,B,下寺 秀和,A1,35.5,0.11,2,3,まくり,0,1
2026-08-16,202608161802,18,02R,2,2日目,3攻め,3,60.84,B,岡本 翔太郎,B1,51.8,0.13,1,2,逃げ,0,0
2026-08-16,202608161805,18,05R,2,2日目,3攻め,3,72.05,A,石川 諒,A2,49.3,0.13,1,2,逃げ,0,0
2026-08-16,202608161806,18,06R,2,2日目,3攻め,3,69.69,B,吉村 正明,A1,38.7,0.13,1,5,逃げ,0,0
2026-08-16,202608161811,18,11R,2,2日目,4→5展開,5,62.9,B,石川 諒,A2,49.3,0.15,1,3,逃げ,0,0
2026-08-16,202608161910,19,10R,0,不明,4→5展開,5,61.38,B,島川 海輝,A2,25.4,0.17,3,2,まくり,0,0
2026-08-16,202608162204,22,04R,5,3日目以降,4→5展開,5,71.56,A,松村 敏,A1,60.9,0.13,1,4,逃げ,0,0
2026-08-16,202608162406,24,06R,5,3日目以降,3攻め,3,66.04,B,山崎 小葉音,B1,33.3,0.17,4,3,まくり差し,0,1
2026-08-16,202608162409,24,09R,5,3日目以降,4→5展開,5,63.36,B,黒澤 めぐみ,B1,42.8,0.14,2,1,差し,0,0
2026-08-17,202608170209,02,09R,0,不明,3攻め,3,63.16,B,秋元 哲,A1,0.0,0.12,3,2,抜き,0,1
2026-08-17,202608170502,05,02R,3,3日目以降,3攻め,3,62.8,B,谷津 幸宏,A2,40.0,0.11,1,3,逃げ,0,1
2026-08-17,202608170505,05,05R,3,3日目以降,4→5展開,5,73.75,A,栗城 匠,A1,33.7,0.17,2,1,差し,0,0
2026-08-17,202608170506,05,06R,3,3日目以降,4カド,4,68.1,B,福島 勇樹,A1,40.6,0.15,4,5,まくり差し,1,1
2026-08-17,202608170506,05,06R,3,3日目以降,4→5展開,5,63.52,B,山田 竜一,A2,45.1,0.16,4,5,まくり差し,0,1
2026-08-17,202608170510,05,10R,3,3日目以降,4カド,4,63.22,B,大池 佑来,A1,35.7,0.15,1,3,抜き,0,0
2026-08-17,202608170906,09,06R,3,3日目以降,4→5展開,5,70.79,A,龍田 真白,B1,35.1,0.13,1,5,逃げ,0,1
2026-08-17,202608170907,09,07R,3,3日目以降,4カド,4,71.32,A,豊田 健士郎,A1,38.0,0.13,4,5,まくり,1,1
2026-08-17,202608171002,10,02R,4,3日目以降,4カド,4,72.41,A,加藤 優弥,B1,37.3,0.11,1,2,逃げ,0,0
2026-08-17,202608171105,11,05R,3,3日目以降,3攻め,3,63.36,B,遠藤 エミ,A1,46.7,0.14,6,1,まくり差し,0,0
2026-08-17,202608171201,12,01R,5,3日目以降,4→5展開,5,67.16,B,秋末 秦悟,B1,39.0,0.12,1,4,逃げ,0,0
2026-08-17,202608171202,12,02R,5,3日目以降,4→5展開,5,62.84,B,西村 拓也,A1,48.1,0.14,1,5,逃げ,0,1
2026-08-17,202608171203,12,03R,5,3日目以降,3攻め,3,60.56,B,秦 英悟,A1,32.1,0.13,3,4,まくり差し,1,1
2026-08-17,202608171204,12,04R,5,3日目以降,3攻め,3,60.21,B,馬野 耀,A2,41.9,0.13,1,5,逃げ,0,0
2026-08-17,202608171207,12,07R,5,3日目以降,3攻め,3,70.51,A,小池 哲也,A2,43.0,0.12,1,2,逃げ,0,0
2026-08-17,202608171208,12,08R,5,3日目以降,4カド,4,66.79,B,三宅 潤,A2,44.5,0.14,2,4,差し,0,1
2026-08-17,202608171208,12,08R,5,3日目以降,4→5展開,5,73.77,A,馬野 耀,A2,41.9,0.15,2,4,差し,0,0
2026-08-17,202608171212,12,12R,5,3日目以降,4カド,4,65.73,B,中村 魁生,A1,46.3,0.13,1,2,逃げ,0,0
2026-08-17,202608171306,13,06R,0,不明,4カド,4,62.93,B,四宮 与寛,A2,38.3,0.13,4,5,まくり差し,1,1
2026-08-17,202608171309,13,09R,0,不明,4カド,4,71.44,A,尾崎 雄二,A2,52.3,0.14,4,2,恵まれ,0,1
2026-08-17,202608171309,13,09R,0,不明,4→5展開,5,71.03,A,牟田 奨太,B1,44.8,0.14,4,2,恵まれ,0,0
2026-08-17,202608171403,14,03R,2,2日目,3攻め,3,60.81,B,一宮 稔弘,B2,22.2,0.17,1,3,逃げ,0,1
2026-08-17,202608171405,14,05R,2,2日目,4カド,4,61.94,B,竹田 和哉,A1,33.3,0.15,1,5,逃げ,0,0
2026-08-17,202608171406,14,06R,2,2日目,3攻め,3,69.12,B,前田 翔,A1,39.0,0.15,3,1,まくり差し,1,1
2026-08-17,202608171409,14,09R,2,2日目,4カド,4,69.17,B,浜先 真範,A1,62.9,0.11,1,2,逃げ,0,0
2026-08-17,202608171503,15,03R,0,不明,3攻め,3,65.5,B,古田 祐貴,B1,32.1,0.12,6,4,抜き,0,0
2026-08-17,202608171507,15,07R,0,不明,3攻め,3,63.56,B,森高 一真,A1,40.0,0.11,1,5,逃げ,0,0
2026-08-17,202608171512,15,12R,0,不明,4カド,4,69.88,B,石丸 海渡,A1,32.7,0.09,2,1,差し,0,0
2026-08-17,202608171711,17,11R,4,3日目以降,4カド,4,67.38,B,大上 卓人,A1,35.8,0.12,2,1,差し,0,0
2026-08-17,202608171712,17,12R,4,3日目以降,3攻め,3,65.67,B,麻生 慎介,A1,31.9,0.09,1,3,逃げ,0,1
2026-08-17,202608171802,18,02R,3,3日目以降,3攻め,3,68.22,B,笹木 香吾,A2,40.5,0.1,3,4,抜き,0,1
2026-08-17,202608171805,18,05R,3,3日目以降,3攻め,3,63.47,B,白井 英治,A1,37.1,0.11,3,1,抜き,0,1
2026-08-17,202608171806,18,06R,3,3日目以降,3攻め,3,63.84,B,上田 龍星,A1,33.3,0.1,1,3,逃げ,0,1
2026-08-17,202608171810,18,10R,3,3日目以降,3攻め,3,74.15,A,森野 正弘,A1,50.7,0.11,5,1,抜き,0,0
2026-08-17,202608172012,20,12R,0,不明,3攻め,3,62.77,B,桑原 悠,A1,33.9,0.11,2,3,逃げ,0,1
2026-08-17,202608172212,22,12R,0,不明,3攻め,3,64.46,B,松村 敏,A1,60.9,0.13,1,3,逃げ,0,1
2026-08-17,202608172409,24,09R,0,不明,4カド,4,61.93,B,中里 優子,B1,37.5,0.15,4,2,まくり,1,1
2026-08-18,202608180501,05,01R,4,3日目以降,3攻め,3,73.85,A,岡部 大輝,A2,55.8,0.11,2,1,差し,0,0
2026-08-18,202608180504,05,04R,4,3日目以降,3攻め,3,67.16,B,栗城 匠,A1,33.7,0.14,5,2,抜き,0,0
2026-08-18,202608180507,05,07R,4,3日目以降,3攻め,3,67.47,B,山田 亮太,A1,39.5,0.13,1,2,逃げ,0,0
2026-08-18,202608180509,05,09R,4,3日目以降,3攻め,3,60.02,B,若林 将,A1,35.2,0.13,1,2,逃げ,0,0
2026-08-18,202608181006,10,06R,5,3日目以降,4→5展開,5,62.0,B,田中 信一郎,A1,29.0,0.13,1,2,逃げ,0,0
2026-08-18,202608181007,10,07R,5,3日目以降,3攻め,3,62.88,B,中本 大樹,B1,32.6,0.14,1,2,逃げ,0,0
2026-08-18,202608181008,10,08R,5,3日目以降,4カド,4,65.95,B,前出 達吉,A2,35.2,0.13,4,3,抜き,0,1
2026-08-18,202608181101,11,01R,4,3日目以降,3攻め,3,76.37,A,柘植 政浩,A2,47.0,0.15,3,2,差し,0,1
2026-08-18,202608181103,11,03R,4,3日目以降,3攻め,3,61.24,B,太田 和美,A1,33.7,0.12,3,5,まくり,1,1
2026-08-18,202608181111,11,11R,4,3日目以降,3攻め,3,66.99,B,守田 俊介,A1,36.4,0.11,3,2,まくり,1,1
2026-08-18,202608181204,12,04R,0,不明,4カド,4,61.59,B,河野 主樹,A2,30.9,0.12,1,4,逃げ,0,1
2026-08-18,202608181210,12,10R,0,不明,3攻め,3,65.3,B,木下 翔太,A1,33.7,0.15,4,6,まくり,0,0
2026-08-18,202608181301,13,01R,2,2日目,3攻め,3,61.35,B,下條 雄太郎,A1,26.7,0.13,2,1,差し,0,0
2026-08-18,202608181309,13,09R,2,2日目,3攻め,3,67.66,B,仲谷 颯仁,A1,40.0,0.14,1,3,逃げ,0,1
2026-08-18,202608181312,13,12R,2,2日目,4カド,4,68.37,B,北野 輝季,A1,37.6,0.12,4,6,まくり,1,1
2026-08-18,202608181505,15,05R,2,2日目,4カド,4,68.31,B,西岡 顕心,A1,50.9,0.13,1,2,逃げ,0,0
2026-08-18,202608181505,15,05R,2,2日目,4→5展開,5,60.18,B,西村 美智子,A2,35.0,0.14,1,2,逃げ,0,0
2026-08-18,202608181507,15,07R,2,2日目,3攻め,3,76.13,A,石丸 海渡,A1,32.7,0.11,3,1,まくり,1,1
2026-08-18,202608181508,15,08R,2,2日目,4カド,4,66.11,B,西丸 敦基,A2,42.4,0.1,1,4,逃げ,0,1
2026-08-18,202608181509,15,09R,2,2日目,3攻め,3,67.52,B,水谷 理人,A1,41.3,0.1,1,2,逃げ,0,0
2026-08-18,202608181608,16,08R,0,不明,3攻め,3,64.8,B,喜井 つかさ,A2,30.0,0.09,6,3,まくり差し,0,1
2026-08-18,202608181612,16,12R,0,不明,3攻め,3,62.8,B,倉持 莉々,A1,32.0,0.12,5,1,まくり,0,0
2026-08-18,202608181706,17,06R,5,3日目以降,3攻め,3,61.93,B,大久保信一郎,A2,46.9,0.12,4,6,まくり,0,0
2026-08-18,202608181805,18,05R,4,3日目以降,3攻め,3,62.88,B,笹木 香吾,A2,40.5,0.11,3,1,まくり差し,1,1
2026-08-18,202608181806,18,06R,4,3日目以降,4→5展開,5,60.26,B,繁野谷 圭介,A2,36.3,0.15,1,5,抜き,0,1
2026-08-18,202608181811,18,11R,4,3日目以降,3攻め,3,77.44,A,海野 康志郎,A1,39.1,0.11,4,3,差し,0,1
2026-08-18,202608182001,20,01R,2,2日目,3攻め,3,66.78,B,川原 正明,B1,28.3,0.12,3,1,まくり,1,1
2026-08-18,202608182006,20,06R,2,2日目,4カド,4,69.22,B,堀本 和也,A2,33.3,0.1,1,6,逃げ,0,0
2026-08-19,202608190505,05,05R,5,3日目以降,4→5展開,5,70.04,A,黒井 達矢,A1,37.6,0.15,4,5,まくり,0,1
2026-08-19,202608190506,05,06R,5,3日目以降,4カド,4,60.33,B,尾形 栄治,B1,37.5,0.16,1,2,逃げ,0,0
2026-08-19,202608190506,05,06R,5,3日目以降,4→5展開,5,65.21,B,熊倉 幹太,B2,30.0,0.16,1,2,逃げ,0,0
2026-08-19,202608190509,05,09R,5,3日目以降,3攻め,3,77.07,A,岡部 大輝,A2,55.8,0.11,4,2,差し,0,0
2026-08-19,202608190906,09,06R,5,3日目以降,4カド,4,66.4,B,黒崎 竜也,A2,38.7,0.11,1,2,逃げ,0,0
2026-08-19,202608191008,10,08R,0,不明,3攻め,3,68.42,B,中山 将,A1,33.9,0.13,1,2,逃げ,0,0
2026-08-19,202608191012,10,12R,0,不明,4→5展開,5,62.66,B,田中 信一郎,A1,29.0,0.13,1,2,逃げ,0,0
2026-08-19,202608191103,11,03R,5,3日目以降,4カド,4,63.47,B,君島 秀三,A1,26.6,0.12,4,2,まくり,1,1
2026-08-19,202608191104,11,04R,5,3日目以降,4カド,4,67.76,B,丸野 一樹,A1,36.6,0.11,1,5,逃げ,0,0
2026-08-19,202608191302,13,02R,3,3日目以降,3攻め,3,69.41,B,北野 輝季,A1,37.6,0.13,3,6,まくり,1,1
2026-08-19,202608191306,13,06R,3,3日目以降,4カド,4,74.17,A,三浦 敬太,A1,35.5,0.12,1,4,逃げ,0,1
2026-08-19,202608191310,13,10R,3,3日目以降,4→5展開,5,62.19,B,松井 友汰,A2,43.3,0.19,1,5,逃げ,0,1
2026-08-19,202608191311,13,11R,3,3日目以降,4カド,4,65.65,B,真庭 明志,A2,33.3,0.12,1,3,逃げ,0,0
2026-08-19,202608191502,15,02R,3,3日目以降,4カド,4,66.76,B,嶋田 貴支,B1,39.2,0.14,1,4,逃げ,0,1
2026-08-19,202608191503,15,03R,3,3日目以降,4→5展開,5,60.3,B,今村 暢孝,A2,34.1,0.17,3,4,差し,0,0
2026-08-19,202608191506,15,06R,3,3日目以降,3攻め,3,66.6,B,中村 日向,A1,35.4,0.13,1,3,逃げ,0,1
2026-08-19,202608191511,15,11R,3,3日目以降,3攻め,3,60.94,B,中村 晃朋,A1,36.9,0.11,1,4,逃げ,0,0
2026-08-19,202608191606,16,06R,2,2日目,3攻め,3,62.08,B,田口 節子,A1,35.2,0.15,3,4,まくり差し,1,1
2026-08-19,202608191611,16,11R,2,2日目,3攻め,3,66.41,B,山本 梨菜,A2,49.4,0.17,3,1,まくり,1,1
2026-08-19,202608191705,17,05R,0,不明,3攻め,3,66.64,B,大原 祥昌,A2,41.1,0.12,1,3,逃げ,0,1
2026-08-19,202608191712,17,12R,0,不明,3攻め,3,62.11,B,下寺 秀和,A1,35.5,0.11,1,4,逃げ,0,0
2026-08-19,202608191802,18,02R,5,3日目以降,4カド,4,60.9,B,小坂 宗司,A2,34.1,0.17,5,1,抜き,0,0
2026-08-19,202608191805,18,05R,5,3日目以降,3攻め,3,75.19,A,大峯 豊,A1,33.3,0.11,3,1,まくり,1,1
2026-08-19,202608191901,19,01R,0,不明,4カド,4,62.85,B,中嶋 誠一郎,B1,46.8,0.11,1,2,逃げ,0,0
2026-08-19,202608191904,19,04R,0,不明,4→5展開,5,60.49,B,烏野 賢太,A1,51.4,0.16,1,5,逃げ,0,1
2026-08-19,202608191905,19,05R,0,不明,4カド,4,69.16,B,葛原 大陽,A2,57.9,0.13,1,2,逃げ,0,0
2026-08-19,202608192003,20,03R,3,3日目以降,4カド,4,60.27,B,川原 正明,B1,28.3,0.1,3,4,まくり,0,1
2026-08-20,202608200209,02,09R,0,不明,4→5展開,5,60.41,B,柴田 朋哉,B1,42.8,0.13,2,1,差し,0,0
2026-08-20,202608200408,04,08R,0,不明,4カド,4,64.56,B,福来 剛,A1,27.9,0.13,4,1,まくり,1,1
2026-08-20,202608200512,05,12R,0,不明,4→5展開,5,63.54,B,黒井 達矢,A1,37.6,0.14,1,6,逃げ,0,0
2026-08-20,202608200902,09,02R,0,不明,4カド,4,61.2,B,宇留田 翔平,A2,41.1,0.14,6,3,差し,0,0
2026-08-20,202608200909,09,09R,0,不明,3攻め,3,68.0,B,谷川 祐一,B1,45.7,0.13,3,1,まくり差し,1,1
2026-08-20,202608200912,09,12R,0,不明,4カド,4,61.27,B,松尾 充,A2,37.5,0.15,2,1,差し,0,0
2026-08-20,202608200912,09,12R,0,不明,4→5展開,5,63.59,B,井口 佳典,A1,36.8,0.17,2,1,差し,0,0
2026-08-20,202608201105,11,05R,0,不明,3攻め,3,65.52,B,柘植 政浩,A2,47.0,0.14,1,3,逃げ,0,1
2026-08-20,202608201106,11,06R,0,不明,4カド,4,72.02,A,太田 和美,A1,33.7,0.16,1,3,逃げ,0,0
2026-08-20,202608201301,13,01R,4,3日目以降,3攻め,3,68.47,B,松井 友汰,A2,43.3,0.16,3,5,まくり差し,1,1
2026-08-20,202608201303,13,03R,4,3日目以降,4カド,4,61.39,B,尾崎 雄二,A2,52.3,0.13,1,5,逃げ,0,0
2026-08-20,202608201305,13,05R,4,3日目以降,4カド,4,66.95,B,菅 章哉,A1,41.7,0.14,4,6,まくり,1,1
2026-08-20,202608201305,13,05R,4,3日目以降,4→5展開,5,63.34,B,真庭 明志,A2,33.3,0.15,4,6,まくり,0,0
2026-08-20,202608201307,13,07R,4,3日目以降,4カド,4,75.93,A,四宮 与寛,A2,38.3,0.13,1,4,逃げ,0,1
2026-08-20,202608201502,15,02R,4,3日目以降,3攻め,3,61.93,B,濱野 斗馬,A1,38.5,0.14,1,3,逃げ,0,1
2026-08-20,202608201504,15,04R,4,3日目以降,3攻め,3,74.16,A,石丸 海渡,A1,32.7,0.11,1,2,逃げ,0,0
2026-08-20,202608201604,16,04R,3,3日目以降,4カド,4,65.79,B,堀之内紀代子,A2,27.1,0.15,5,1,まくり,0,0
2026-08-20,202608201608,16,08R,3,3日目以降,3攻め,3,65.28,B,若狭 奈美子,A1,31.0,0.16,3,4,まくり,1,1
2026-08-20,202608201609,16,09R,3,3日目以降,3攻め,3,63.38,B,土屋 千明,A2,37.5,0.13,3,2,差し,0,1
2026-08-20,202608201612,16,12R,3,3日目以降,4カド,4,62.46,B,田口 節子,A1,35.2,0.14,1,2,逃げ,0,0
2026-08-20,202608201803,18,03R,0,不明,4カド,4,72.62,A,横川 聖志,A2,40.7,0.1,1,2,逃げ,0,0
2026-08-20,202608201902,19,02R,2,2日目,3攻め,3,65.16,B,川口 貴久,B1,25.8,0.11,1,3,逃げ,0,1
2026-08-20,202608201908,19,08R,2,2日目,4カド,4,69.16,B,和田 拓也,A1,41.4,0.12,2,1,差し,0,0
2026-08-20,202608202005,20,05R,0,不明,4カド,4,71.82,A,中島 秀治,A2,42.6,0.11,2,1,差し,0,0
2026-08-20,202608202010,20,10R,0,不明,4→5展開,5,67.88,B,為本 智也,B1,54.9,0.12,6,1,差し,0,0
2026-08-20,202608202011,20,11R,0,不明,4→5展開,5,60.77,B,古場 輝義,B1,32.5,0.15,3,2,まくり,0,0
2026-08-20,202608202012,20,12R,0,不明,4カド,4,60.83,B,石川 真二,A1,33.7,0.15,1,2,逃げ,0,0
2026-08-20,202608202102,21,02R,0,不明,4カド,4,62.46,B,池永 太,A1,27.4,0.14,4,5,まくり,1,1
2026-08-20,202608202303,23,03R,0,不明,4カド,4,60.21,B,佐藤 大佑,A1,33.9,0.13,1,4,逃げ,0,1
2026-08-20,202608202402,24,02R,0,不明,3攻め,3,63.04,B,谷川 将太,B1,37.9,0.13,3,4,差し,0,1
2026-08-21,202608210205,02,05R,2,2日目,4カド,4,81.63,S,若林 義人,A1,66.6,0.1,6,3,まくり,0,0
2026-08-21,202608210205,02,05R,2,2日目,4→5展開,5,62.38,B,中村 楓,B1,40.0,0.12,6,3,まくり,0,0
2026-08-21,202608210212,02,12R,2,2日目,3攻め,3,68.54,B,赤羽 克也,A1,40.0,0.13,1,4,逃げ,0,0
2026-08-21,202608210306,03,06R,0,不明,4カド,4,63.97,B,川原 涼,A2,29.3,0.15,6,1,まくり差し,0,0
2026-08-21,202608210401,04,01R,2,2日目,3攻め,3,64.83,B,西舘 健,A2,41.1,0.12,1,6,逃げ,0,0
2026-08-21,202608210406,04,06R,2,2日目,3攻め,3,60.43,B,菊地 孝平,A1,22.5,0.12,3,2,まくり,1,1
2026-08-21,202608210601,06,01R,0,不明,4カド,4,65.34,B,山口 晃朋,A2,43.0,0.11,1,4,逃げ,0,1
2026-08-21,202608210605,06,05R,0,不明,3攻め,3,74.73,A,佐々木 完太,A1,42.0,0.15,3,4,まくり,1,1
2026-08-21,202608210608,06,08R,0,不明,4カド,4,68.48,B,柳沢 一,A1,41.0,0.14,5,2,まくり差し,0,0
2026-08-21,202608210706,07,06R,0,不明,4カド,4,81.27,S,永田 啓二,A1,90.9,0.11,4,6,まくり,1,1
2026-08-21,202608211301,13,01R,0,不明,3攻め,3,76.14,A,仲谷 颯仁,A1,40.0,0.14,3,1,まくり差し,1,1
2026-08-21,202608211310,13,10R,0,不明,4カド,4,66.08,B,四宮 与寛,A2,38.3,0.14,1,2,逃げ,0,0
2026-08-21,202608211311,13,11R,0,不明,4カド,4,70.08,A,三浦 敬太,A1,35.5,0.12,4,3,まくり,1,1
2026-08-21,202608211507,15,07R,0,不明,3攻め,3,61.46,B,今村 暢孝,A2,34.1,0.14,1,3,逃げ,0,1
2026-08-21,202608211904,19,04R,3,3日目以降,4カド,4,64.28,B,市橋 卓士,A1,37.3,0.1,1,4,逃げ,0,1
2026-08-21,202608211908,19,08R,3,3日目以降,4カド,4,69.03,B,佐々木 大河,A1,39.7,0.11,1,4,逃げ,0,1
2026-08-21,202608212106,21,06R,2,2日目,4カド,4,61.32,B,加藤 政彦,B1,36.4,0.12,3,6,まくり,0,0
2026-08-21,202608212303,23,03R,2,2日目,3攻め,3,71.58,A,藤原 啓史朗,A1,32.3,0.14,1,4,逃げ,0,0
2026-08-21,202608212304,23,04R,2,2日目,3攻め,3,64.1,B,西野 雄貴,A1,46.0,0.15,1,3,逃げ,0,1
2026-08-21,202608212310,23,10R,2,2日目,3攻め,3,66.98,B,平尾 崇典,A1,21.4,0.13,3,1,まくり,1,1
2026-08-21,202608212311,23,11R,2,2日目,4カド,4,65.49,B,西野 雄貴,A1,46.0,0.09,4,1,まくり差し,1,1
2026-08-21,202608212312,23,12R,2,2日目,3攻め,3,70.15,A,河野 大,A1,34.1,0.12,1,4,逃げ,0,0
2026-08-21,202608212404,24,04R,2,2日目,3攻め,3,77.22,A,村岡 賢人,A1,48.2,0.13,3,2,差し,0,1
2026-08-21,202608212409,24,09R,2,2日目,3攻め,3,81.1,S,新開 航,A1,45.0,0.12,3,4,差し,0,1
2026-08-22,202608220204,02,04R,3,3日目以降,4カド,4,71.18,A,前原 大道,A1,60.0,0.13,3,2,まくり,0,0
2026-08-22,202608220205,02,05R,3,3日目以降,4カド,4,73.95,A,常住 蓮,A1,66.6,0.13,4,5,まくり,1,1
2026-08-22,202608220210,02,10R,3,3日目以降,3攻め,3,64.2,B,常住 蓮,A1,66.6,0.12,2,3,差し,0,1
2026-08-22,202608220304,03,04R,2,2日目,4→5展開,5,63.45,B,荒木 颯斗,A2,30.3,0.12,4,5,抜き,0,1
2026-08-22,202608220306,03,06R,2,2日目,4カド,4,71.44,A,田村 隆信,A1,44.2,0.15,1,2,逃げ,0,0
2026-08-22,202608220312,03,12R,2,2日目,4カド,4,63.34,B,板橋 侑我,A2,23.5,0.14,1,2,抜き,0,0
2026-08-22,202608220404,04,04R,3,3日目以降,4カド,4,64.92,B,福来 剛,A1,27.9,0.14,1,6,逃げ,0,0
2026-08-22,202608220405,04,05R,3,3日目以降,3攻め,3,71.95,A,荒井 輝年,A2,46.3,0.11,2,4,まくり,0,0
2026-08-22,202608220406,04,06R,3,3日目以降,3攻め,3,62.05,B,上野 真之介,A1,30.0,0.14,3,2,まくり,1,1
2026-08-22,202608220407,04,07R,3,3日目以降,3攻め,3,72.73,A,飯山 泰,A1,62.9,0.13,1,5,逃げ,0,0
2026-08-22,202608220408,04,08R,3,3日目以降,4カド,4,71.92,A,菊地 孝平,A1,22.5,0.09,4,3,まくり差し,1,1
2026-08-22,202608220409,04,09R,3,3日目以降,3攻め,3,62.95,B,小坂 尚哉,A1,26.8,0.11,3,6,まくり,1,1
2026-08-22,202608220412,04,12R,3,3日目以降,3攻め,3,65.4,B,古澤 光紀,A2,42.8,0.17,1,2,抜き,0,0
2026-08-22,202608220606,06,06R,2,2日目,3攻め,3,66.5,B,山口 晃朋,A2,43.0,0.13,3,6,まくり,1,1
2026-08-22,202608220612,06,12R,2,2日目,3攻め,3,63.06,B,鈴谷 一平,A1,36.6,0.14,1,4,逃げ,0,0
2026-08-22,202608221602,16,02R,5,3日目以降,4カド,4,71.48,A,山本 梨菜,A2,49.4,0.16,3,5,まくり,0,0
2026-08-22,202608221602,16,02R,5,3日目以降,4→5展開,5,73.98,A,田口 節子,A1,35.2,0.17,3,5,まくり,0,1
2026-08-22,202608221604,16,04R,5,3日目以降,3攻め,3,63.76,B,武井 莉里佳,A2,25.8,0.14,1,2,逃げ,0,0
2026-08-22,202608221606,16,06R,5,3日目以降,4→5展開,5,60.27,B,三浦 永理,A1,38.1,0.15,1,5,逃げ,0,1
2026-08-22,202608221906,19,06R,4,3日目以降,3攻め,3,71.99,A,田頭 実,A1,33.3,0.12,3,1,まくり,1,1
2026-08-22,202608222007,20,07R,0,不明,3攻め,3,64.78,B,松村 敏,A1,39.7,0.13,1,3,逃げ,0,1
2026-08-22,202608222102,21,02R,3,3日目以降,4カド,4,70.75,A,古賀 繁輝,A1,35.5,0.09,5,4,まくり差し,0,1
2026-08-22,202608222202,22,02R,0,不明,3攻め,3,73.3,A,鈴木 勝博,A2,39.2,0.13,3,2,差し,0,1
2026-08-22,202608222209,22,09R,0,不明,4カド,4,61.81,B,鈴木 勝博,A2,39.2,0.13,1,4,逃げ,0,1
2026-08-22,202608222212,22,12R,0,不明,4カド,4,67.13,B,山田 哲也,A1,30.1,0.08,4,6,まくり,1,1
2026-08-22,202608222306,23,06R,3,3日目以降,4カド,4,74.77,A,河野 大,A1,34.1,0.12,4,1,まくり差し,1,1
2026-08-22,202608222406,24,06R,3,3日目以降,3攻め,3,69.59,B,山下 大輝,A1,28.3,0.13,1,3,逃げ,0,1
2026-08-23,202608230205,02,05R,0,不明,4カド,4,76.53,A,若林 義人,A1,66.6,0.11,4,1,差し,0,1
2026-08-23,202608230303,03,03R,3,3日目以降,3攻め,3,70.03,A,垂水 悠,B1,30.3,0.09,3,1,まくり差し,1,1
2026-08-23,202608230305,03,05R,3,3日目以降,3攻め,3,69.41,B,中野 希一,A1,45.1,0.13,1,5,逃げ,0,0
2026-08-23,202608230401,04,01R,0,不明,3攻め,3,71.63,A,荒井 輝年,A2,46.3,0.11,1,3,逃げ,0,1
2026-08-23,202608230405,04,05R,0,不明,4カド,4,67.19,B,小坂 尚哉,A1,26.8,0.13,2,5,差し,0,0
2026-08-23,202608230407,04,07R,0,不明,4→5展開,5,64.0,B,福来 剛,A1,27.9,0.14,3,6,まくり,0,0
2026-08-23,202608230601,06,01R,3,3日目以降,3攻め,3,60.91,B,小畑 実成,B1,37.0,0.16,4,1,まくり,0,0
2026-08-23,202608230610,06,10R,3,3日目以降,4→5展開,5,61.64,B,柳沢 一,A1,41.0,0.16,5,1,まくり差し,1,1
2026-08-23,202608230711,07,11R,3,3日目以降,3攻め,3,60.53,B,中澤 和志,A1,11.1,0.14,2,1,差し,0,0
2026-08-23,202608230805,08,05R,2,2日目,4→5展開,5,62.27,B,登玉 隼百,A2,35.0,0.15,6,3,差し,0,0
2026-08-23,202608230812,08,12R,2,2日目,4カド,4,62.9,B,渡辺 浩司,A1,43.3,0.13,1,5,逃げ,0,0
2026-08-23,202608231603,16,03R,0,不明,4→5展開,5,65.88,B,根岸 真優,B1,33.1,0.11,1,4,逃げ,0,0
2026-08-23,202608231610,16,10R,0,不明,3攻め,3,62.44,B,海野 ゆかり,A1,34.5,0.15,4,1,まくり,0,0
2026-08-23,202608231812,18,12R,0,不明,4→5展開,5,62.07,B,尾上 雅也,A1,24.5,0.14,1,2,逃げ,0,0
2026-08-23,202608231909,19,09R,5,3日目以降,4カド,4,69.81,B,市橋 卓士,A1,37.3,0.1,1,4,逃げ,0,1
2026-08-23,202608231911,19,11R,5,3日目以降,4カド,4,68.75,B,佐々木 大河,A1,39.7,0.11,1,2,逃げ,0,0
2026-08-23,202608232003,20,03R,2,2日目,4カド,4,62.69,B,森作 雄大,B1,36.2,0.08,6,4,抜き,0,1
2026-08-23,202608232101,21,01R,4,3日目以降,3攻め,3,69.01,B,加藤 政彦,B1,36.4,0.15,3,1,まくり,1,1
2026-08-23,202608232102,21,02R,4,3日目以降,4→5展開,5,60.54,B,中渡 修作,B1,27.0,0.18,4,5,まくり,0,1
2026-08-23,202608232112,21,12R,4,3日目以降,3攻め,3,70.2,A,島川 光男,A2,37.7,0.13,3,1,差し,0,1
2026-08-23,202608232207,22,07R,2,2日目,3攻め,3,71.44,A,伊藤 将吉,A2,36.8,0.16,1,3,逃げ,0,1
2026-08-23,202608232302,23,02R,0,不明,3攻め,3,64.29,B,末永 由楽,A2,31.4,0.1,1,5,逃げ,0,0
2026-08-23,202608232311,23,11R,0,不明,4カド,4,60.31,B,福田 翔吾,B1,34.7,0.12,1,2,逃げ,0,0
2026-08-23,202608232312,23,12R,0,不明,4→5展開,5,62.64,B,仲 航太,B1,33.5,0.16,3,2,差し,0,0
2026-08-23,202608232403,24,03R,0,不明,4カド,4,60.48,B,岩永 雅人,A2,38.1,0.17,1,2,逃げ,0,0
2026-08-23,202608232409,24,09R,0,不明,4カド,4,65.0,B,上原 崚,A2,42.8,0.14,4,6,まくり,1,1
2026-08-23,202608232411,24,11R,0,不明,3攻め,3,76.11,A,村岡 賢人,A1,48.2,0.13,3,2,差し,0,1
2026-08-24,202608240302,03,02R,4,3日目以降,3攻め,3,63.49,B,中野 希一,A1,45.1,0.13,1,3,逃げ,0,1
2026-08-24,202608240309,03,09R,4,3日目以降,3攻め,3,66.56,B,荒木 颯斗,A2,30.3,0.13,1,2,逃げ,0,0
2026-08-24,202608240706,07,06R,0,不明,4カド,4,61.39,B,長谷川 晴哉,A1,40.0,0.13,4,5,まくり,1,1
2026-08-24,202608240712,07,12R,0,不明,4カド,4,83.36,S,永田 啓二,A1,90.9,0.11,1,3,逃げ,0,0
2026-08-24,202608240804,08,04R,3,3日目以降,3攻め,3,61.37,B,佐藤 航,A1,33.0,0.12,1,3,逃げ,0,1
2026-08-24,202608240807,08,07R,3,3日目以降,4カド,4,63.02,B,渡邉 和将,A1,44.6,0.1,1,3,逃げ,0,0
2026-08-24,202608240809,08,09R,3,3日目以降,3攻め,3,62.18,B,徳増 秀樹,A1,31.6,0.11,1,2,逃げ,0,0
2026-08-24,202608240812,08,12R,3,3日目以降,4カド,4,60.02,B,川原 祐明,A1,31.1,0.14,1,2,逃げ,0,0
2026-08-24,202608241001,10,01R,0,不明,4→5展開,5,63.45,B,今井 裕梨,A2,38.7,0.13,2,1,差し,0,0
2026-08-24,202608241006,10,06R,0,不明,3攻め,3,61.41,B,内山 七海,A2,32.0,0.12,3,4,差し,0,1
2026-08-24,202608241010,10,10R,0,不明,3攻め,3,66.97,B,関野 文,A2,42.9,0.15,1,4,逃げ,0,0
2026-08-24,202608241308,13,08R,0,不明,4カド,4,63.08,B,山崎 郡,A1,25.8,0.1,1,3,逃げ,0,0
2026-08-24,202608241310,13,10R,0,不明,4→5展開,5,63.39,B,千葉 真弥,A2,25.8,0.16,3,2,差し,0,0
2026-08-24,202608241512,15,12R,0,不明,4→5展開,5,63.53,B,木谷 賢太,A1,40.2,0.15,3,1,まくり差し,0,0
2026-08-24,202608241806,18,06R,2,2日目,4カド,4,71.08,A,山下 和彦,A2,51.0,0.12,4,1,まくり,1,1
2026-08-24,202608241806,18,06R,2,2日目,4→5展開,5,64.22,B,三角 哲男,A1,18.1,0.13,4,1,まくり,0,0
2026-08-24,202608241808,18,08R,2,2日目,4カド,4,61.67,B,前田 篤哉,A1,37.8,0.16,4,6,まくり,1,1
2026-08-24,202608241904,19,04R,0,不明,3攻め,3,64.36,B,佐々木 大河,A1,39.7,0.13,1,3,逃げ,0,1
2026-08-24,202608241910,19,10R,0,不明,4カド,4,69.52,B,佐々木 大河,A1,39.7,0.11,1,4,逃げ,0,1
2026-08-24,202608242104,21,04R,5,3日目以降,4カド,4,64.07,B,島川 光男,A2,37.7,0.15,1,3,抜き,0,0
2026-08-24,202608242104,21,04R,5,3日目以降,4→5展開,5,61.12,B,山谷 央,B1,29.0,0.16,1,3,抜き,0,0
2026-08-24,202608242111,21,11R,5,3日目以降,3攻め,3,65.08,B,林 美憲,A1,40.0,0.13,1,5,逃げ,0,0
2026-08-24,202608242207,22,07R,3,3日目以降,3攻め,3,68.02,B,飛田 江己,A1,29.6,0.09,1,2,逃げ,0,0
2026-08-25,202608250302,03,02R,5,3日目以降,3攻め,3,63.76,B,竹井 貴史,A1,29.6,0.13,4,3,差し,0,1
2026-08-25,202608250305,03,05R,5,3日目以降,3攻め,3,61.1,B,伊久間 陽優,A2,40.3,0.12,1,5,逃げ,0,0
2026-08-25,202608250309,03,09R,5,3日目以降,4カド,4,63.89,B,大島 隆乃介,B1,23.2,0.16,1,2,抜き,0,0
2026-08-25,202608250802,08,02R,4,3日目以降,4→5展開,5,61.82,B,川原 祐明,A1,31.1,0.13,1,2,逃げ,0,0
2026-08-25,202608250803,08,03R,4,3日目以降,3攻め,3,64.58,B,徳増 秀樹,A1,31.6,0.1,3,2,まくり差し,1,1
2026-08-25,202608250812,08,12R,4,3日目以降,4→5展開,5,61.85,B,黒野 元基,A1,28.9,0.12,3,2,まくり差し,0,0
2026-08-25,202608250903,09,03R,0,不明,4カド,4,64.93,B,松田 淳平,A1,34.2,0.1,3,1,まくり,0,0
2026-08-25,202608251001,10,01R,2,2日目,3攻め,3,60.73,B,鈴木 成美,B2,35.8,0.12,1,2,逃げ,0,0
2026-08-25,202608251002,10,02R,2,2日目,4→5展開,5,62.52,B,高憧 四季,A1,36.1,0.14,1,4,逃げ,0,0
2026-08-25,202608251011,10,11R,2,2日目,3攻め,3,65.49,B,藤原 菜希,A2,38.7,0.15,1,4,逃げ,0,0
2026-08-25,202608251012,10,12R,2,2日目,3攻め,3,65.46,B,今井 美亜,A1,36.2,0.09,1,2,逃げ,0,0
2026-08-25,202608251301,13,01R,2,2日目,3攻め,3,63.53,B,君島 秀三,A1,20.0,0.11,3,1,まくり差し,1,1
2026-08-25,202608251305,13,05R,2,2日目,4カド,4,69.09,B,大池 佑来,A1,36.1,0.14,1,2,逃げ,0,0
2026-08-25,202608251305,13,05R,2,2日目,4→5展開,5,61.27,B,青木 幸太郎,A2,37.6,0.15,1,2,逃げ,0,0
2026-08-25,202608251306,13,06R,2,2日目,4カド,4,68.1,B,前田 滉,A1,42.5,0.14,3,1,まくり,0,0
2026-08-25,202608251306,13,06R,2,2日目,4→5展開,5,71.28,A,深川 麻奈美,B1,52.3,0.15,3,1,まくり,0,0
2026-08-25,202608251505,15,05R,2,2日目,4カド,4,65.27,B,澤田 尚也,A1,36.6,0.11,5,1,まくり差し,0,0
2026-08-25,202608251508,15,08R,2,2日目,3攻め,3,60.67,B,佐藤 永梧,B1,34.7,0.07,3,1,まくり,1,1
2026-08-25,202608251511,15,11R,2,2日目,4カド,4,71.41,A,松田 祐季,A1,45.9,0.12,1,3,逃げ,0,0
2026-08-25,202608251708,17,08R,0,不明,4カド,4,63.07,B,重野 哲之,A2,31.7,0.09,1,4,逃げ,0,1
2026-08-25,202608252005,20,05R,4,3日目以降,4→5展開,5,62.99,B,間野 兼礼,B1,32.0,0.13,1,2,逃げ,0,0
2026-08-25,202608252111,21,11R,0,不明,4→5展開,5,61.1,B,竹田 広樹,B1,25.6,0.17,1,2,逃げ,0,0
2026-08-25,202608252203,22,03R,4,3日目以降,3攻め,3,65.59,B,山田 哲也,A1,30.1,0.12,2,3,まくり,0,1
2026-08-25,202608252208,22,08R,4,3日目以降,4→5展開,5,64.34,B,飛田 江己,A1,29.6,0.14,1,4,逃げ,0,0
2026-08-26,202608260102,01,02R,2,2日目,3攻め,3,61.88,B,萩原 秀人,A1,41.0,0.11,1,5,抜き,0,0
2026-08-26,202608260104,01,04R,2,2日目,3攻め,3,64.98,B,宮之原 輝紀,A1,34.4,0.12,5,1,まくり差し,0,0
2026-08-26,202608260107,01,07R,2,2日目,4→5展開,5,69.3,B,下條 雄太郎,A1,48.9,0.17,2,1,差し,0,0
2026-08-26,202608260109,01,09R,2,2日目,4→5展開,5,70.02,A,椎名 豊,A1,32.6,0.14,4,5,まくり,0,1
2026-08-26,202608260302,03,02R,0,不明,4カド,4,63.91,B,岩津 徹郎,B1,48.1,0.13,3,5,まくり差し,0,0
2026-08-26,202608260310,03,10R,0,不明,3攻め,3,62.28,B,垂水 悠,B1,30.3,0.09,5,1,まくり差し,0,0
2026-08-26,202608260606,06,06R,0,不明,3攻め,3,69.48,B,北川 潤二,A1,30.1,0.14,1,3,逃げ,0,1
2026-08-26,202608260803,08,03R,5,3日目以降,4カド,4,74.68,A,渡辺 浩司,A1,43.3,0.13,1,3,逃げ,0,0
2026-08-26,202608260807,08,07R,5,3日目以降,3攻め,3,64.76,B,峰重 力也,A2,48.7,0.1,1,3,逃げ,0,1
2026-08-26,202608260811,08,11R,5,3日目以降,3攻め,3,70.55,A,渡邉 和将,A1,44.6,0.17,1,3,逃げ,0,1
2026-08-26,202608260901,09,01R,2,2日目,3攻め,3,60.31,B,井本 昌也,A1,21.4,0.12,1,4,逃げ,0,0
2026-08-26,202608260904,09,04R,2,2日目,3攻め,3,75.65,A,平田 さやか,A2,37.9,0.14,3,4,抜き,0,1
2026-08-26,202608260905,09,05R,2,2日目,4カド,4,86.21,S,堀本 和也,A2,43.9,0.11,4,6,まくり,1,1
2026-08-26,202608260909,09,09R,2,2日目,3攻め,3,67.76,B,松田 淳平,A1,34.2,0.08,1,3,逃げ,0,1
2026-08-26,202608260910,09,10R,2,2日目,3攻め,3,60.74,B,小野 生奈,A1,32.8,0.15,1,3,逃げ,0,1
2026-08-26,202608260911,09,11R,2,2日目,4→5展開,5,64.2,B,田中 駿兵,A1,33.0,0.14,5,4,まくり差し,1,1
2026-08-26,202608261003,10,03R,3,3日目以降,3攻め,3,67.6,B,平山 智加,A1,36.5,0.16,3,2,まくり,1,1
2026-08-26,202608261010,10,10R,3,3日目以降,4カド,4,64.33,B,實森 美祐,A1,36.5,0.14,4,1,抜き,0,1
2026-08-26,202608261010,10,10R,3,3日目以降,4→5展開,5,60.14,B,細川 裕子,A1,43.6,0.17,4,1,抜き,0,0
2026-08-26,202608261102,11,02R,0,不明,3攻め,3,66.03,B,石川 真二,A1,24.2,0.13,5,4,まくり差し,0,0
2026-08-26,202608261106,11,06R,0,不明,3攻め,3,60.21,B,吉川 昭男,A2,28.8,0.14,4,5,まくり,0,0
2026-08-26,202608261301,13,01R,3,3日目以降,3攻め,3,71.38,A,砂長 知輝,A1,41.0,0.13,2,1,差し,0,0
2026-08-26,202608261312,13,12R,3,3日目以降,4カド,4,63.81,B,古川 誠之,A2,35.0,0.11,1,2,逃げ,0,0
2026-08-26,202608261403,14,03R,0,不明,4→5展開,5,60.13,B,高橋 竜矢,A1,26.9,0.14,1,5,逃げ,0,1
2026-08-26,202608261503,15,03R,3,3日目以降,3攻め,3,67.11,B,井上 一輝,A1,39.4,0.13,1,3,逃げ,0,1
2026-08-26,202608261512,15,12R,3,3日目以降,4カド,4,65.45,B,木村 仁紀,A1,39.6,0.12,1,2,逃げ,0,0
2026-08-26,202608261703,17,03R,2,2日目,4→5展開,5,65.75,B,上野 俊樹,B1,32.5,0.15,6,5,まくり差し,0,1
2026-08-26,202608261706,17,06R,2,2日目,3攻め,3,63.87,B,中村 晃朋,A1,33.3,0.12,4,2,まくり差し,0,0
2026-08-26,202608261712,17,12R,2,2日目,3攻め,3,60.89,B,重野 哲之,A2,31.7,0.12,1,3,逃げ,0,1
2026-08-26,202608261803,18,03R,4,3日目以降,4カド,4,68.7,B,山下 和彦,A2,51.0,0.12,3,1,まくり,0,0
2026-08-26,202608262003,20,03R,0,不明,3攻め,3,61.82,B,森作 雄大,B1,36.2,0.11,3,4,まくり,1,1
2026-08-26,202608262202,22,02R,5,3日目以降,4カド,4,64.76,B,飛田 江己,A1,29.6,0.08,1,2,逃げ,0,0
2026-08-26,202608262212,22,12R,5,3日目以降,3攻め,3,60.7,B,飛田 江己,A1,29.6,0.1,1,2,逃げ,0,0
2026-08-27,202608270102,01,02R,3,3日目以降,4→5展開,5,60.04,B,佐藤 隆太郎,A1,40.1,0.16,2,3,まくり,0,0
2026-08-27,202608270104,01,04R,3,3日目以降,4カド,4,61.4,B,桑原 悠,A1,37.6,0.15,1,5,抜き,0,0
2026-08-27,202608270104,01,04R,3,3日目以降,4→5展開,5,67.17,B,毒島 誠,A1,47.8,0.13,1,5,抜き,0,1
2026-08-27,202608270108,01,08R,3,3日目以降,3攻め,3,65.3,B,定松 勇樹,A1,38.0,0.11,3,4,まくり差し,1,1
2026-08-27,202608270109,01,09R,3,3日目以降,4→5展開,5,62.57,B,平本 真之,A1,26.2,0.13,1,3,逃げ,0,0
2026-08-27,202608270112,01,12R,3,3日目以降,3攻め,3,64.84,B,桑原 悠,A1,37.6,0.12,1,5,逃げ,0,0
2026-08-27,202608270702,07,02R,0,不明,4カド,4,66.6,B,小林 一樹,A2,70.0,0.11,2,1,差し,0,0
2026-08-27,202608270709,07,09R,0,不明,3攻め,3,61.27,B,小池 哲也,A2,50.0,0.11,1,2,逃げ,0,0
2026-08-27,202608270710,07,10R,0,不明,3攻め,3,60.68,B,北村 征嗣,A1,28.5,0.17,1,3,逃げ,0,1
2026-08-27,202608270802,08,02R,0,不明,3攻め,3,62.35,B,大場 敏,A2,34.6,0.11,3,4,まくり,1,1
2026-08-27,202608270909,09,09R,3,3日目以降,3攻め,3,77.26,A,堀本 和也,A2,43.9,0.1,1,3,逃げ,0,1
2026-08-27,202608270910,09,10R,3,3日目以降,3攻め,3,70.12,A,清水 愛海,A1,38.8,0.14,3,1,まくり差し,1,1
2026-08-27,202608270911,09,11R,3,3日目以降,3攻め,3,62.9,B,平田 健之佑,A2,34.2,0.12,1,2,逃げ,0,0
2026-08-27,202608270912,09,12R,3,3日目以降,4→5展開,5,60.53,B,加藤 綾,B1,43.0,0.16,4,2,恵まれ,0,0
2026-08-27,202608271004,10,04R,4,3日目以降,3攻め,3,63.64,B,内山 七海,A2,32.0,0.09,1,4,逃げ,0,0
2026-08-27,202608271011,10,11R,4,3日目以降,4カド,4,67.01,B,関野 文,A2,42.9,0.11,1,2,逃げ,0,0
2026-08-27,202608271301,13,01R,4,3日目以降,3攻め,3,65.1,B,山崎 郡,A1,25.8,0.13,3,5,まくり,1,1
2026-08-27,202608271304,13,04R,4,3日目以降,4カド,4,62.62,B,木下 翔太,A1,45.2,0.16,4,1,まくり差し,1,1
2026-08-27,202608271305,13,05R,4,3日目以降,3攻め,3,62.0,B,下出 卓矢,A1,41.3,0.16,4,5,まくり差し,0,0
2026-08-27,202608271305,13,05R,4,3日目以降,4カド,4,61.15,B,白神 優,A1,34.0,0.12,4,5,まくり差し,1,1
2026-08-27,202608271312,13,12R,4,3日目以降,3攻め,3,60.87,B,安河内鈴之介,A2,42.7,0.17,1,3,逃げ,0,1
2026-08-27,202608271407,14,07R,2,2日目,4カド,4,62.42,B,藤原 碧生,A1,54.0,0.13,4,2,まくり,1,1
2026-08-27,202608271410,14,10R,2,2日目,3攻め,3,78.78,A,石丸 海渡,A1,40.8,0.1,4,1,まくり差し,0,0
2026-08-27,202608271411,14,11R,2,2日目,3攻め,3,66.18,B,上村 純一,A1,62.3,0.12,3,4,差し,0,1
2026-08-27,202608271412,14,12R,2,2日目,3攻め,3,66.03,B,青木 玄太,A1,36.6,0.12,1,5,逃げ,0,0
2026-08-27,202608271505,15,05R,4,3日目以降,4カド,4,68.52,B,福島 勇樹,A1,29.9,0.15,1,6,逃げ,0,0
2026-08-27,202608271506,15,06R,4,3日目以降,4カド,4,61.17,B,澤田 尚也,A1,36.6,0.11,5,1,まくり差し,0,0
2026-08-27,202608271507,15,07R,4,3日目以降,4カド,4,60.49,B,大神 康司,A1,36.4,0.12,4,2,まくり,1,1
2026-08-27,202608271510,15,10R,4,3日目以降,3攻め,3,60.26,B,福島 勇樹,A1,29.9,0.12,1,2,逃げ,0,0
2026-08-27,202608271511,15,11R,4,3日目以降,3攻め,3,68.81,B,澤田 尚也,A1,36.6,0.11,1,3,逃げ,0,1
2026-08-27,202608271704,17,04R,3,3日目以降,4カド,4,65.1,B,登 みひ果,B1,34.0,0.19,4,6,まくり,1,1
2026-08-27,202608271711,17,11R,3,3日目以降,3攻め,3,67.99,B,遠藤 エミ,A1,46.8,0.15,1,3,逃げ,0,1
2026-08-27,202608271712,17,12R,3,3日目以降,3攻め,3,64.53,B,石本 裕武,A1,39.5,0.14,3,2,まくり差し,1,1
2026-08-27,202608272212,22,12R,0,不明,4カド,4,73.05,A,山田 哲也,A1,30.1,0.08,1,5,逃げ,0,0
2026-08-28,202608280111,01,11R,4,3日目以降,4→5展開,5,63.48,B,西岡 顕心,A1,38.9,0.15,1,4,逃げ,0,0
2026-08-28,202608280401,04,01R,2,2日目,4カド,4,63.58,B,有賀 達也,A2,14.6,0.12,2,1,差し,0,0
2026-08-28,202608280411,04,11R,2,2日目,4カド,4,62.44,B,北中 元樹,A1,22.8,0.14,4,6,まくり,1,1
2026-08-28,202608280504,05,04R,0,不明,3攻め,3,65.78,B,馬場 剛,A1,33.3,0.11,1,2,逃げ,0,0
2026-08-28,202608280703,07,03R,2,2日目,3攻め,3,61.6,B,金子 萌,A2,16.6,0.12,3,5,まくり,1,1
2026-08-28,202608280704,07,04R,2,2日目,3攻め,3,70.54,A,山田 晃大,A2,50.0,0.11,1,6,逃げ,0,0
2026-08-28,202608280709,07,09R,2,2日目,4カド,4,62.24,B,西野 雄貴,A1,33.3,0.09,1,2,逃げ,0,0
2026-08-28,202608280711,07,11R,2,2日目,4カド,4,66.78,B,上野 真之介,A1,30.0,0.12,1,2,逃げ,0,0
2026-08-28,202608280903,09,03R,4,3日目以降,3攻め,3,62.39,B,井本 昌也,A1,21.4,0.11,3,5,まくり差し,1,1
2026-08-28,202608280905,09,05R,4,3日目以降,3攻め,3,60.92,B,海野 康志郎,A1,29.0,0.11,2,4,差し,0,0
2026-08-28,202608280912,09,12R,4,3日目以降,4カド,4,69.69,B,平田 さやか,A2,37.9,0.11,2,4,抜き,0,1
2026-08-28,202608281001,10,01R,5,3日目以降,4→5展開,5,60.72,B,松尾 夏海,A2,36.2,0.16,1,2,逃げ,0,0
2026-08-28,202608281003,10,03R,5,3日目以降,3攻め,3,65.16,B,大山 千広,A2,30.7,0.14,3,4,まくり,1,1
2026-08-28,202608281004,10,04R,5,3日目以降,3攻め,3,67.66,B,関野 文,A2,42.9,0.15,1,2,逃げ,0,0
2026-08-28,202608281007,10,07R,5,3日目以降,3攻め,3,71.85,A,高憧 四季,A1,36.1,0.16,1,6,逃げ,0,0
2026-08-28,202608281103,11,03R,3,3日目以降,3攻め,3,69.9,B,秦 英悟,A1,30.0,0.12,1,4,逃げ,0,0
2026-08-28,202608281301,13,01R,5,3日目以降,3攻め,3,68.72,B,前田 滉,A1,42.5,0.15,3,4,まくり,1,1
2026-08-28,202608281302,13,02R,5,3日目以降,3攻め,3,63.52,B,白神 優,A1,34.0,0.11,1,6,逃げ,0,0
2026-08-28,202608281304,13,04R,5,3日目以降,4カド,4,67.63,B,砂長 知輝,A1,41.0,0.15,6,1,まくり差し,0,0
2026-08-28,202608281306,13,06R,5,3日目以降,4カド,4,70.35,A,湯川 浩司,A1,46.3,0.13,1,3,逃げ,0,0
2026-08-28,202608281307,13,07R,5,3日目以降,4カド,4,65.31,B,山崎 郡,A1,25.8,0.1,5,6,まくり差し,0,0
2026-08-28,202608281308,13,08R,5,3日目以降,4カド,4,68.99,B,木下 翔太,A1,45.2,0.14,1,2,逃げ,0,0
2026-08-28,202608281405,14,05R,3,3日目以降,3攻め,3,62.42,B,豊田 健士郎,A1,30.3,0.14,1,3,逃げ,0,1
2026-08-28,202608281503,15,03R,0,不明,4カド,4,63.61,B,飯島 昌弘,A2,30.9,0.12,1,4,逃げ,0,1
2026-08-28,202608281710,17,10R,4,3日目以降,4カド,4,62.2,B,山口 真喜子,A2,38.1,0.1,1,2,逃げ,0,0
2026-08-28,202608282302,23,02R,0,不明,3攻め,3,60.57,B,中島 昂章,A2,33.0,0.11,1,5,逃げ,0,0
2026-08-28,202608282303,23,03R,0,不明,3攻め,3,66.96,B,村上 遼,A1,23.8,0.16,1,2,逃げ,0,0
2026-08-28,202608282310,23,10R,0,不明,3攻め,3,60.45,B,大原 祥昌,A2,39.5,0.13,3,1,まくり差し,1,1
2026-08-29,202608290104,01,04R,5,3日目以降,3攻め,3,64.36,B,大峯 豊,A1,42.1,0.1,1,2,逃げ,0,0
2026-08-29,202608290109,01,09R,5,3日目以降,4→5展開,5,71.17,A,椎名 豊,A1,32.6,0.13,1,2,逃げ,0,0
2026-08-29,202608290408,04,08R,3,3日目以降,4カド,4,63.47,B,永井 彪也,A1,40.7,0.12,0,0,,0,0
2026-08-29,202608290409,04,09R,3,3日目以降,4カド,4,72.67,A,赤井 睦,B1,42.8,0.14,0,0,,0,0
2026-08-29,202608290409,04,09R,3,3日目以降,4→5展開,5,61.79,B,永田 秀二,A2,62.3,0.19,0,0,,0,0
2026-08-29,202608290503,05,03R,2,2日目,3攻め,3,71.76,A,佐々木 康幸,A1,39.8,0.11,0,0,,0,0
2026-08-29,202608290511,05,11R,2,2日目,4カド,4,62.42,B,川原 正明,B1,52.6,0.1,5,4,まくり差し,0,1
2026-08-29,202608290512,05,12R,2,2日目,4カド,4,64.99,B,馬場 剛,A1,33.3,0.09,1,3,逃げ,0,0
2026-08-29,202608290704,07,04R,3,3日目以降,4カド,4,61.36,B,伊倉 光,B1,71.4,0.11,1,2,逃げ,0,0
2026-08-29,202608290909,09,09R,5,3日目以降,4カド,4,66.34,B,松田 淳平,A1,34.2,0.09,0,0,,0,0
2026-08-29,202608291008,10,08R,0,不明,3攻め,3,63.87,B,藤原 菜希,A2,38.7,0.15,0,0,,0,0
2026-08-29,202608291012,10,12R,0,不明,3攻め,3,62.7,B,大山 千広,A2,30.7,0.13,0,0,,0,0
2026-08-29,202608291301,13,01R,0,不明,3攻め,3,64.24,B,下出 卓矢,A1,41.3,0.15,0,0,,0,0
2026-08-29,202608291303,13,03R,0,不明,3攻め,3,65.74,B,廣瀬 真也,B1,29.7,0.14,0,0,,0,0
2026-08-29,202608291305,13,05R,0,不明,4カド,4,60.28,B,下出 卓矢,A1,41.3,0.14,0,0,,0,0
2026-08-29,202608291309,13,09R,0,不明,3攻め,3,60.72,B,塩田 北斗,A1,20.2,0.14,0,0,,0,0
2026-08-29,202608291310,13,10R,0,不明,4カド,4,76.62,A,白神 優,A1,34.0,0.11,0,0,,0,0
2026-08-29,202608291311,13,11R,0,不明,4→5展開,5,62.93,B,澤 大介,B1,45.9,0.17,0,0,,0,0
2026-08-29,202608291312,13,12R,0,不明,4カド,4,65.43,B,木下 翔太,A1,45.2,0.15,0,0,,0,0
2026-08-29,202608291403,14,03R,4,3日目以降,4カド,4,62.03,B,井手 良太,A2,26.5,0.09,0,0,,0,0
2026-08-29,202608291407,14,07R,4,3日目以降,3攻め,3,61.67,B,豊田 健士郎,A1,30.3,0.14,0,0,,0,0
2026-08-29,202608291412,14,12R,4,3日目以降,3攻め,3,62.85,B,上田 龍星,A1,39.0,0.1,0,0,,0,0
2026-08-29,202608291601,16,01R,0,不明,4カド,4,68.13,B,岡本 翔太郎,B1,48.9,0.11,0,0,,0,0
2026-08-29,202608291905,19,05R,0,不明,4カド,4,64.35,B,金子 賢志,A1,41.1,0.13,1,3,逃げ,0,0
2026-08-29,202608291911,19,11R,0,不明,3攻め,3,71.53,A,小坂 尚哉,A1,43.0,0.12,1,3,逃げ,0,1
2026-08-29,202608292309,23,09R,2,2日目,3攻め,3,66.04,B,森野 正弘,A1,34.8,0.12,0,0,,0,0
2026-08-30,202608300101,01,01R,0,不明,4→5展開,5,61.9,B,濱野谷 憲吾,A1,44.3,0.16,4,1,まくり,0,0
2026-08-30,202608300109,01,09R,0,不明,3攻め,3,64.91,B,篠崎 元志,A1,33.1,0.13,1,4,逃げ,0,0
2026-08-30,202608300110,01,10R,0,不明,4→5展開,5,70.89,A,久田 敏之,A1,31.8,0.11,1,2,逃げ,0,0
2026-08-30,202608300504,05,04R,3,3日目以降,3攻め,3,62.06,B,木下 雄介,A2,37.7,0.13,2,3,差し,0,1
2026-08-30,202608300506,05,06R,3,3日目以降,3攻め,3,65.84,B,秋元 哲,A1,39.1,0.11,4,3,まくり差し,0,1
2026-08-30,202608300507,05,07R,3,3日目以降,4→5展開,5,71.29,A,川原 正明,B1,52.6,0.16,1,3,逃げ,0,0
2026-08-30,202608300508,05,08R,3,3日目以降,4カド,4,66.71,B,松尾 拓,A2,41.3,0.14,6,3,まくり,0,0
2026-08-30,202608300508,05,08R,3,3日目以降,4→5展開,5,68.74,B,為本 智也,B1,29.7,0.13,6,3,まくり,0,0
2026-08-30,202608300511,05,11R,3,3日目以降,4カド,4,68.16,B,三浦 敬太,A1,34.6,0.12,1,2,逃げ,0,0
2026-08-30,202608300602,06,02R,0,不明,3攻め,3,62.91,B,土屋 千明,A2,46.0,0.12,5,2,まくり差し,0,0
2026-08-30,202608300608,06,08R,0,不明,4カド,4,79.78,A,倉持 莉々,A1,44.9,0.15,4,1,まくり差し,1,1
2026-08-30,202608300705,07,05R,4,3日目以降,3攻め,3,65.02,B,畑田 汰一,A1,28.5,0.13,5,2,恵まれ,0,0
2026-08-30,202608300707,07,07R,4,3日目以降,3攻め,3,70.03,A,小林 一樹,A2,70.0,0.1,1,3,逃げ,0,1
2026-08-30,202608300708,07,08R,4,3日目以降,3攻め,3,60.18,B,西野 雄貴,A1,33.3,0.14,1,3,逃げ,0,1
2026-08-30,202608300709,07,09R,4,3日目以降,3攻め,3,63.81,B,伏見 俊介,B2,55.5,0.14,1,2,逃げ,0,0
2026-08-30,202608300802,08,02R,0,不明,4カド,4,61.96,B,森 悠稀,A2,34.0,0.11,2,4,まくり,0,1
2026-08-30,202608300802,08,02R,0,不明,4→5展開,5,60.7,B,中村 楓,B1,32.3,0.12,2,4,まくり,0,0
2026-08-30,202608300810,08,10R,0,不明,3攻め,3,65.96,B,岡部 大輝,A2,35.0,0.12,3,1,まくり差し,1,1
2026-08-30,202608300911,09,11R,0,不明,3攻め,3,73.81,A,堀本 和也,A2,43.9,0.11,3,1,差し,0,1
2026-08-30,202608300912,09,12R,0,不明,3攻め,3,60.74,B,平田 さやか,A2,37.9,0.14,2,1,差し,0,0
2026-08-30,202608301606,16,06R,2,2日目,3攻め,3,62.41,B,岡本 翔太郎,B1,48.9,0.13,5,3,まくり差し,0,1
2026-08-30,202608301609,16,09R,2,2日目,4カド,4,65.13,B,山田 祐也,A1,22.2,0.13,1,6,逃げ,0,0
2026-08-30,202608301609,16,09R,2,2日目,4→5展開,5,64.42,B,島田 一生,B1,35.0,0.13,1,6,逃げ,0,0
2026-08-30,202608301704,17,04R,0,不明,3攻め,3,62.18,B,奈須 啓太,A2,39.8,0.11,3,1,差し,0,1
2026-08-30,202608301706,17,06R,0,不明,4カド,4,62.11,B,井上 尚悟,B1,42.3,0.17,4,2,まくり,1,1
2026-08-30,202608301709,17,09R,0,不明,4→5展開,5,62.32,B,上野 俊樹,B1,32.5,0.14,1,2,逃げ,0,0
2026-08-30,202608301711,17,11R,0,不明,3攻め,3,63.2,B,重野 哲之,A2,31.7,0.13,1,5,逃げ,0,0
2026-08-30,202608301712,17,12R,0,不明,3攻め,3,60.71,B,末永 和也,A1,40.9,0.13,1,2,逃げ,0,0
2026-08-30,202608301903,19,03R,2,2日目,3攻め,3,62.26,B,浜先 真範,A1,22.0,0.13,3,1,まくり差し,1,1
2026-08-30,202608301906,19,06R,2,2日目,3攻め,3,63.92,B,野中 一平,A2,28.3,0.13,3,4,まくり,1,1
2026-08-30,202608302102,21,02R,0,不明,4カド,4,64.65,B,中野 次郎,A1,40.2,0.13,4,3,まくり,1,1
2026-08-30,202608302103,21,03R,0,不明,3攻め,3,68.63,B,村岡 賢人,A1,28.4,0.12,3,2,まくり,1,1
2026-08-30,202608302108,21,08R,0,不明,3攻め,3,60.86,B,植田 太一,A2,34.6,0.15,3,6,まくり,1,1
2026-08-30,202608302109,21,09R,0,不明,3攻め,3,66.53,B,一宮 稔弘,B2,28.0,0.13,2,3,まくり差し,0,1
2026-08-30,202608302111,21,11R,0,不明,3攻め,3,70.45,A,井内 将太郎,A1,39.5,0.12,4,6,まくり,0,0
2026-08-31,202608310403,04,03R,0,不明,3攻め,3,65.33,B,松下 一也,A1,38.8,0.11,5,4,まくり,0,0
2026-08-31,202608310408,04,08R,0,不明,4カド,4,66.49,B,松下 一也,A1,38.8,0.13,5,1,まくり差し,0,0
2026-08-31,202608310410,04,10R,0,不明,4カド,4,63.68,B,赤井 睦,B1,42.8,0.13,3,2,まくり,0,0
2026-08-31,202608310506,05,06R,4,3日目以降,3攻め,3,65.58,B,鈴木 孝明,A1,36.4,0.13,3,1,まくり差し,1,1
2026-08-31,202608310507,05,07R,4,3日目以降,3攻め,3,67.51,B,川原 正明,B1,52.6,0.1,4,6,差し,0,0
2026-08-31,202608310511,05,11R,4,3日目以降,3攻め,3,61.97,B,仲道 大輔,A2,46.9,0.14,1,3,逃げ,0,1
2026-08-31,202608310602,06,02R,2,2日目,3攻め,3,63.63,B,堀之内紀代子,A2,41.4,0.14,1,4,逃げ,0,0
2026-08-31,202608310603,06,03R,2,2日目,4カド,4,61.28,B,岩崎 芳美,A2,48.9,0.12,1,6,逃げ,0,0
2026-08-31,202608310609,06,09R,2,2日目,3攻め,3,75.22,A,倉持 莉々,A1,44.9,0.13,3,1,まくり差し,1,1
2026-08-31,202608310610,06,10R,2,2日目,3攻め,3,69.28,B,三浦 永理,A1,40.5,0.16,3,6,まくり,1,1
2026-08-31,202608310706,07,06R,5,3日目以降,3攻め,3,67.46,B,小池 哲也,A2,50.0,0.12,4,1,抜き,0,0
2026-08-31,202608310804,08,04R,2,2日目,4カド,4,60.38,B,原田 才一郎,A1,40.6,0.14,4,5,まくり,1,1
2026-08-31,202608310806,08,06R,2,2日目,4→5展開,5,71.2,A,中澤 和志,A1,34.8,0.12,5,4,まくり,1,1
2026-08-31,202608311105,11,05R,0,不明,3攻め,3,63.52,B,松尾 充,A2,27.5,0.15,1,3,逃げ,0,1
2026-08-31,202608311106,11,06R,0,不明,3攻め,3,68.38,B,秦 英悟,A1,30.0,0.13,1,3,逃げ,0,1
2026-08-31,202608311812,18,12R,0,不明,4カド,4,61.53,B,里岡 右貴,A1,26.5,0.12,1,2,逃げ,0,0
2026-08-31,202608311903,19,03R,3,3日目以降,4カド,4,62.42,B,吉村 正明,A1,29.3,0.13,1,4,逃げ,0,1
2026-08-31,202608311905,19,05R,3,3日目以降,4カド,4,78.27,A,守田 俊介,A1,39.4,0.12,1,4,逃げ,0,1
2026-08-31,202608311911,19,11R,3,3日目以降,4カド,4,63.67,B,山崎 裕司,A2,28.1,0.17,1,5,逃げ,0,0
2026-08-31,202608311911,19,11R,3,3日目以降,4→5展開,5,64.03,B,淺香 文武,B1,34.6,0.17,1,5,逃げ,0,1
2026-08-31,202608312012,20,12R,0,不明,3攻め,3,60.66,B,馬袋 義則,A1,39.5,0.11,1,3,逃げ,0,1
2026-08-31,202608312103,21,03R,2,2日目,3攻め,3,68.86,B,安達 裕樹,A2,40.4,0.11,3,1,まくり差し,1,1
2026-08-31,202608312112,21,12R,2,2日目,3攻め,3,71.13,A,中野 次郎,A1,40.2,0.13,1,3,逃げ,0,1
2026-08-31,202608312312,23,12R,0,不明,3攻め,3,60.6,B,下寺 秀和,A1,41.0,0.11,1,2,抜き,0,0
2026-09-01,202609010505,05,05R,5,3日目以降,3攻め,3,66.36,B,谷川 祐一,B1,27.8,0.13,4,5,まくり,0,0
2026-09-01,202609010507,05,07R,5,3日目以降,3攻め,3,71.1,A,川原 正明,B1,52.6,0.11,1,3,逃げ,0,1
2026-09-01,202609010602,06,02R,3,3日目以降,3攻め,3,63.52,B,岩崎 芳美,A2,48.9,0.14,3,5,まくり,1,1
2026-09-01,202609010603,06,03R,3,3日目以降,4カド,4,75.31,A,堀之内紀代子,A2,41.4,0.13,2,1,差し,0,0
2026-09-01,202609010603,06,03R,3,3日目以降,4→5展開,5,80.12,S,木村 紗友希,B1,33.3,0.13,2,1,差し,0,0
2026-09-01,202609010605,06,05R,3,3日目以降,3攻め,3,68.65,B,長嶋 万記,B2,29.7,0.17,3,1,差し,0,1
2026-09-01,202609010609,06,09R,3,3日目以降,3攻め,3,62.49,B,海野 ゆかり,A1,44.0,0.15,2,1,差し,0,0
2026-09-01,202609010702,07,02R,0,不明,4カド,4,66.42,B,伏見 俊介,B2,55.5,0.15,4,5,まくり,1,1
2026-09-01,202609010709,07,09R,0,不明,3攻め,3,70.71,A,小池 哲也,A2,50.0,0.11,1,4,逃げ,0,0
2026-09-01,202609010711,07,11R,0,不明,3攻め,3,66.11,B,小林 一樹,A2,70.0,0.1,4,6,まくり,0,0
2026-09-01,202609010802,08,02R,3,3日目以降,4カド,4,62.28,B,渡邉 俊介,A1,35.6,0.09,4,2,まくり差し,1,1
2026-09-01,202609010807,08,07R,3,3日目以降,3攻め,3,66.61,B,末永 由楽,A2,35.0,0.11,1,6,逃げ,0,0
2026-09-01,202609010812,08,12R,3,3日目以降,4カド,4,61.39,B,末永 由楽,A2,35.0,0.11,1,2,逃げ,0,0
2026-09-01,202609011204,12,04R,0,不明,4カド,4,67.78,B,柴田 朋哉,B1,42.3,0.13,4,1,差し,0,1
2026-09-01,202609011212,12,12R,0,不明,3攻め,3,60.55,B,藤岡 俊介,A1,27.0,0.12,1,5,逃げ,0,0
2026-09-01,202609011303,13,03R,0,不明,4カド,4,60.2,B,木村 亮太,B1,45.9,0.13,2,4,抜き,0,1
2026-09-01,202609011303,13,03R,0,不明,4→5展開,5,60.65,B,渡邉 英児,A2,33.3,0.14,2,4,抜き,0,0
2026-09-01,202609011306,13,06R,0,不明,4→5展開,5,68.74,B,中里 英夫,B1,39.8,0.14,4,1,まくり差し,0,0
2026-09-01,202609011604,16,04R,4,3日目以降,4カド,4,64.42,B,岡本 翔太郎,B1,48.9,0.11,4,2,まくり差し,1,1
2026-09-01,202609011612,16,12R,4,3日目以降,3攻め,3,72.46,A,中村 日向,A1,39.8,0.13,5,3,まくり差し,0,1
2026-09-01,202609011801,18,01R,2,2日目,4カド,4,61.73,B,嶋田 貴支,B1,36.1,0.13,1,4,逃げ,0,1
2026-09-01,202609011802,18,02R,2,2日目,3攻め,3,68.65,B,島川 光男,A2,38.4,0.13,1,5,逃げ,0,0
2026-09-01,202609011808,18,08R,2,2日目,3攻め,3,61.34,B,山口 晃朋,A2,39.2,0.12,2,3,まくり,0,1
2026-09-01,202609011902,19,02R,4,3日目以降,4カド,4,64.05,B,深谷 知博,A1,35.5,0.14,4,3,まくり,1,1
2026-09-01,202609011905,19,05R,4,3日目以降,4カド,4,68.2,B,野中 一平,A2,28.3,0.13,1,4,逃げ,0,1
2026-09-01,202609011907,19,07R,4,3日目以降,4カド,4,61.08,B,浜野 孝志,A2,41.5,0.13,1,5,逃げ,0,0
2026-09-01,202609011911,19,11R,4,3日目以降,3攻め,3,67.06,B,守田 俊介,A1,39.4,0.12,1,3,逃げ,0,1
2026-09-01,202609012012,20,12R,2,2日目,3攻め,3,65.1,B,飯山 泰,A1,31.3,0.14,1,2,逃げ,0,0
2026-09-01,202609012110,21,10R,3,3日目以降,3攻め,3,67.98,B,安達 裕樹,A2,40.4,0.11,5,1,まくり差し,0,0
2026-09-01,202609012403,24,03R,0,不明,4カド,4,68.31,B,永田 啓二,A1,35.0,0.11,1,2,逃げ,0,0
2026-09-02,202609020504,05,04R,0,不明,3攻め,3,66.44,B,川原 正明,B1,52.6,0.11,3,6,まくり,1,1
2026-09-02,202609020509,05,09R,0,不明,4カド,4,63.52,B,川原 正明,B1,52.6,0.1,1,2,逃げ,0,0
2026-09-02,202609020510,05,10R,0,不明,4カド,4,61.48,B,佐藤 悠,A2,36.6,0.11,2,5,まくり,0,0
2026-09-02,202609020604,06,04R,4,3日目以降,3攻め,3,60.63,B,谷川 里江,B1,41.1,0.16,5,1,まくり差し,0,0
2026-09-02,202609020607,06,07R,4,3日目以降,3攻め,3,61.21,B,堀之内紀代子,A2,41.4,0.14,2,5,まくり,0,0
2026-09-02,202609020608,06,08R,4,3日目以降,4カド,4,71.94,A,川野 芽唯,A1,43.5,0.16,1,5,逃げ,0,0
2026-09-02,202609020608,06,08R,4,3日目以降,4→5展開,5,64.08,B,池田 浩美,B1,44.5,0.19,1,5,逃げ,0,1
2026-09-02,202609020803,08,03R,4,3日目以降,4カド,4,62.34,B,森 悠稀,A2,34.0,0.12,5,4,まくり差し,0,1
2026-09-02,202609020803,08,03R,4,3日目以降,4→5展開,5,68.98,B,中澤 和志,A1,34.8,0.13,5,4,まくり差し,1,1
2026-09-02,202609020804,08,04R,4,3日目以降,4カド,4,61.15,B,河野 大,A1,29.6,0.12,4,2,まくり差し,1,1
2026-09-02,202609021204,12,04R,2,2日目,4カド,4,62.69,B,木谷 賢太,A1,12.6,0.13,4,5,差し,0,1
2026-09-02,202609021306,13,06R,2,2日目,4カド,4,63.65,B,小山 勉,A1,49.5,0.11,4,6,まくり,1,1
2026-09-02,202609021309,13,09R,2,2日目,3攻め,3,61.2,B,柳沢 一,A1,30.6,0.14,1,3,逃げ,0,1
2026-09-02,202609021603,16,03R,5,3日目以降,4→5展開,5,61.97,B,中村 日向,A1,39.8,0.15,5,4,まくり差し,1,1
2026-09-02,202609021711,17,11R,0,不明,4→5展開,5,60.56,B,亀山 雅幸,A2,35.7,0.15,1,2,逃げ,0,0
2026-09-02,202609021803,18,03R,3,3日目以降,4カド,4,62.59,B,稗田 聖也,A1,35.6,0.11,1,2,逃げ,0,0
2026-09-02,202609021810,18,10R,3,3日目以降,3攻め,3,63.6,B,稗田 聖也,A1,35.6,0.11,3,5,差し,0,1
2026-09-02,202609021904,19,04R,5,3日目以降,3攻め,3,61.82,B,辻 栄蔵,A1,32.4,0.14,1,3,逃げ,0,1
2026-09-02,202609021911,19,11R,5,3日目以降,4→5展開,5,68.24,B,内堀 学,A1,53.8,0.14,1,4,抜き,0,0
2026-09-02,202609022102,21,02R,0,不明,4カド,4,62.65,B,井内 将太郎,A1,39.5,0.14,1,4,逃げ,0,1
2026-09-02,202609022105,21,05R,0,不明,4→5展開,5,63.42,B,村田 浩司,B1,42.8,0.14,1,5,逃げ,0,1
2026-09-02,202609022110,21,10R,0,不明,3攻め,3,64.6,B,安達 裕樹,A2,40.4,0.13,1,2,逃げ,0,0
2026-09-02,202609022207,22,07R,0,不明,4カド,4,70.42,A,北山 康介,A2,26.8,0.14,1,4,逃げ,0,1
2026-09-02,202609022208,22,08R,0,不明,3攻め,3,62.44,B,大月 遊雅,B1,62.8,0.14,1,2,逃げ,0,0
2026-09-02,202609022403,24,03R,2,2日目,3攻め,3,65.46,B,荒木 颯斗,A2,24.5,0.13,1,3,逃げ,0,1
2026-09-02,202609022411,24,11R,2,2日目,3攻め,3,65.37,B,永田 啓二,A1,35.0,0.11,1,3,逃げ,0,1
