date,race_code,venue,race,day_cat,score3,p3,tickets,composite_odds,hit,return
2026-08-03,202608030102,01,02R,3日目以降,60.19,0.1351,3,39.64,0,0
2026-08-03,202608030411,04,11R,初日,60.4,0.1353,4,36.26,0,0
2026-08-03,202608030501,05,01R,3日目以降,60.55,0.1356,4,26.32,0,0
2026-08-03,202608031307,13,07R,3日目以降,61.6,0.1364,7,28.55,0,0
2026-08-03,202608031709,17,09R,初日,60.72,0.1359,8,26.04,0,0
2026-08-03,202608031907,19,07R,初日,67.77,0.1513,4,37.17,0,0
2026-08-03,202608032104,21,04R,2日目,60.21,0.1352,13,20.84,0,0
2026-08-04,202608042103,21,03R,3日目以降,62.28,0.1365,2,94.4,0,0
2026-08-04,202608042108,21,08R,3日目以降,66.98,0.1477,5,24.19,0,0
2026-08-05,202608050609,06,09R,3日目以降,63.59,0.1376,5,42.34,0,0
2026-08-05,202608051004,10,04R,2日目,66.3,0.145,7,27.1,0,0
2026-08-05,202608051010,10,10R,2日目,61.36,0.1363,1,69.2,0,0
2026-08-05,202608051707,17,07R,3日目以降,64.35,0.1396,9,24.11,0,0
2026-08-05,202608051709,17,09R,3日目以降,71.32,0.167,4,36.03,1,19600
2026-08-06,202608060203,02,03R,初日,60.53,0.1356,2,44.43,0,0
2026-08-06,202608060406,04,06R,3日目以降,63.0,0.1369,8,21.69,0,0
2026-08-06,202608061207,12,07R,3日目以降,67.5,0.1502,5,24.63,0,0
2026-08-06,202608061706,17,06R,3日目以降,67.46,0.15,4,48.91,0,0
2026-08-07,202608070404,04,04R,3日目以降,65.71,0.1431,1,261.3,0,0
2026-08-07,202608071010,10,10R,3日目以降,61.65,0.1364,3,55.16,0,0
2026-08-07,202608071203,12,03R,3日目以降,63.33,0.1374,4,28.95,0,0
2026-08-07,202608071209,12,09R,3日目以降,62.93,0.1369,3,80.07,0,0
2026-08-07,202608071211,12,11R,3日目以降,64.1,0.139,15,15.26,0,0
2026-08-07,202608071406,14,06R,3日目以降,73.69,0.1735,8,28.62,0,0
2026-08-07,202608071805,18,05R,2日目,67.45,0.15,9,15.33,1,5830
2026-08-07,202608071909,19,09R,3日目以降,64.74,0.1405,9,34.37,0,0
2026-08-07,202608071910,19,10R,3日目以降,61.84,0.1366,9,29.37,0,0
2026-08-08,202608081608,16,08R,初日,63.4,0.1375,6,55.21,0,0
2026-08-08,202608081706,17,06R,3日目以降,63.64,0.1377,6,22.02,0,0
2026-08-08,202608081909,19,09R,3日目以降,62.45,0.1366,3,37.63,0,0
2026-08-08,202608082402,24,02R,3日目以降,64.3,0.1394,5,29.72,0,0
2026-08-09,202608090303,03,03R,初日,67.3,0.1493,4,26.93,0,0
2026-08-09,202608090307,03,07R,初日,65.98,0.1441,3,32.41,0,0
2026-08-09,202608091208,12,08R,3日目以降,61.54,0.1364,13,19.39,0,0
2026-08-09,202608091402,14,02R,3日目以降,61.27,0.1362,5,25.57,0,0
2026-08-09,202608091605,16,05R,2日目,71.47,0.1674,1,192.3,0,0
2026-08-10,202608100808,08,08R,初日,66.88,0.1471,10,24.36,1,30690
2026-08-10,202608101310,13,10R,2日目,63.87,0.1383,7,45.42,0,0
2026-08-10,202608101404,14,04R,3日目以降,61.98,0.1366,9,17.89,0,0
2026-08-10,202608101603,16,03R,3日目以降,66.59,0.1459,3,33.57,0,0
2026-08-10,202608101608,16,08R,3日目以降,60.06,0.1348,12,14.23,0,0
2026-08-10,202608102007,20,07R,3日目以降,63.25,0.1372,9,25.23,0,0
2026-08-10,202608102307,23,07R,2日目,63.62,0.1378,1,141.9,0,0
2026-08-11,202608111311,13,11R,3日目以降,60.48,0.1356,14,26.3,0,0
2026-08-11,202608111805,18,05R,3日目以降,60.02,0.1347,15,25.27,0,0
2026-08-11,202608112310,23,10R,3日目以降,76.91,0.1762,5,32.22,0,0
2026-08-12,202608120107,01,07R,2日目,67.08,0.1482,4,43.71,0,0
2026-08-12,202608120204,02,04R,初日,61.8,0.1365,3,38.81,0,0
2026-08-12,202608120301,03,01R,3日目以降,62.82,0.1369,1,322.1,0,0
2026-08-12,202608120605,06,05R,2日目,63.55,0.1377,7,31.14,0,0
2026-08-12,202608120702,07,02R,2日目,60.66,0.1359,6,24.24,0,0
2026-08-12,202608121308,13,08R,3日目以降,65.0,0.1413,5,52.36,0,0
2026-08-12,202608121312,13,12R,3日目以降,66.06,0.1443,15,17.79,0,0
2026-08-12,202608121902,19,02R,2日目,60.22,0.1352,12,17.9,0,0
2026-08-12,202608122103,21,03R,3日目以降,65.46,0.1425,6,38.09,0,0
2026-08-12,202608122302,23,02R,3日目以降,64.77,0.1407,9,43.48,0,0
2026-08-13,202608131309,13,09R,3日目以降,66.32,0.145,6,53.8,0,0
2026-08-14,202608140101,01,01R,3日目以降,67.85,0.1517,7,18.92,0,0
2026-08-14,202608140102,01,02R,3日目以降,65.81,0.1436,8,20.18,0,0
2026-08-14,202608140403,04,03R,3日目以降,70.09,0.1617,5,28.46,0,0
2026-08-14,202608140605,06,05R,3日目以降,60.3,0.1352,8,19.13,0,0
2026-08-14,202608140609,06,09R,3日目以降,63.12,0.1369,7,23.54,0,0
2026-08-14,202608141009,10,09R,初日,61.38,0.1363,2,91.29,0,0
2026-08-14,202608141305,13,05R,3日目以降,63.55,0.1377,15,21.86,0,0
2026-08-14,202608141907,19,07R,3日目以降,60.69,0.1359,10,21.5,0,0
2026-08-14,202608142408,24,08R,3日目以降,65.84,0.1437,7,33.23,0,0
2026-08-15,202608150506,05,06R,初日,69.23,0.1572,6,39.89,0,0
2026-08-15,202608150602,06,02R,3日目以降,71.58,0.1676,5,26.17,0,0
2026-08-15,202608151006,10,06R,2日目,61.24,0.1363,5,38.98,0,0
2026-08-15,202608151010,10,10R,2日目,63.12,0.137,8,15.19,1,44680
2026-08-15,202608151203,12,03R,3日目以降,66.34,0.1451,5,44.7,0,0
2026-08-15,202608151809,18,09R,初日,62.83,0.1369,8,26.4,0,0
2026-08-15,202608151904,19,04R,3日目以降,73.55,0.1727,11,13.69,0,0
2026-08-15,202608152103,21,03R,3日目以降,60.01,0.1347,5,58.89,0,0
2026-08-15,202608152403,24,03R,3日目以降,63.67,0.1379,10,19.27,0,0
2026-08-16,202608160403,04,03R,3日目以降,69.21,0.157,10,16.66,0,0
2026-08-16,202608160506,05,06R,2日目,62.84,0.1369,4,39.08,0,0
2026-08-16,202608160901,09,01R,2日目,61.66,0.1364,15,22.36,0,0
2026-08-16,202608160905,09,05R,2日目,63.46,0.1376,8,33.09,0,0
2026-08-16,202608161805,18,05R,2日目,69.64,0.1596,15,15.05,0,0
2026-08-16,202608162406,24,06R,3日目以降,63.29,0.1373,11,23.19,0,0
2026-08-17,202608171207,12,07R,3日目以降,64.08,0.1389,13,13.47,0,0
2026-08-17,202608171406,14,06R,2日目,61.17,0.1362,1,166.2,0,0
2026-08-17,202608171712,17,12R,3日目以降,61.22,0.1362,14,17.6,0,0
2026-08-17,202608171806,18,06R,3日目以降,61.16,0.1362,2,155.19,0,0
2026-08-17,202608171810,18,10R,3日目以降,64.68,0.1404,8,32.36,0,0
2026-08-18,202608180501,05,01R,3日目以降,70.48,0.1635,3,28.43,0,0
2026-08-18,202608180507,05,07R,3日目以降,61.19,0.1362,7,26.17,0,0
2026-08-18,202608181101,11,01R,3日目以降,71.82,0.1682,8,18.75,0,0
2026-08-18,202608181507,15,07R,2日目,68.02,0.1524,5,31.6,0,0
2026-08-18,202608181509,15,09R,2日目,60.21,0.1352,5,46.73,0,0
2026-08-18,202608181608,16,08R,初日,60.68,0.1358,7,31.43,0,0
2026-08-18,202608181805,18,05R,3日目以降,63.12,0.137,13,16.21,0,0
2026-08-18,202608181811,18,11R,3日目以降,71.02,0.1659,8,22.11,0,0
2026-08-18,202608182001,20,01R,2日目,65.75,0.1433,2,40.77,0,0
2026-08-19,202608190509,05,09R,3日目以降,69.99,0.161,11,23.07,0,0
2026-08-19,202608191008,10,08R,3日目以降,63.57,0.1376,8,23.91,0,0
2026-08-19,202608191506,15,06R,3日目以降,61.09,0.1362,3,52.07,0,0
2026-08-19,202608191606,16,06R,2日目,60.42,0.1354,7,49.79,0,0
2026-08-19,202608191608,16,08R,2日目,60.77,0.1358,5,22.73,0,0
2026-08-19,202608191705,17,05R,3日目以降,64.67,0.1404,15,14.85,0,0
2026-08-19,202608191805,18,05R,3日目以降,63.94,0.1386,2,44.34,0,0
2026-08-20,202608201301,13,01R,3日目以降,72.04,0.1685,1,186.4,0,0
2026-08-20,202608201504,15,04R,3日目以降,69.55,0.1591,5,28.12,0,0
2026-08-20,202608201608,16,08R,3日目以降,61.95,0.1366,11,26.49,0,0
2026-08-20,202608201902,19,02R,2日目,60.8,0.1359,6,25.0,0,0
2026-08-21,202608210212,02,12R,2日目,63.85,0.1383,6,25.91,0,0
2026-08-21,202608211301,13,01R,3日目以降,70.75,0.1647,1,136.3,0,0
2026-08-21,202608212303,23,03R,2日目,62.86,0.1369,6,48.58,0,0
2026-08-21,202608212312,23,12R,2日目,64.98,0.1412,7,28.68,0,0
2026-08-21,202608212404,24,04R,2日目,71.39,0.1673,9,24.27,1,14880
2026-08-22,202608220405,04,05R,3日目以降,70.97,0.1656,11,15.79,0,0
2026-08-22,202608220412,04,12R,3日目以降,63.95,0.1386,8,20.65,0,0
2026-08-22,202608220606,06,06R,2日目,64.14,0.1391,2,67.01,0,0
2026-08-22,202608221604,16,04R,3日目以降,61.47,0.1363,6,28.48,0,0
2026-08-22,202608221906,19,06R,3日目以降,64.74,0.1406,12,16.07,1,18390
2026-08-22,202608222202,22,02R,初日,70.23,0.1626,3,59.39,0,0
2026-08-22,202608222406,24,06R,3日目以降,66.24,0.1447,8,24.58,0,0
2026-08-23,202608230303,03,03R,3日目以降,65.7,0.1431,6,19.57,0,0
2026-08-23,202608230305,03,05R,3日目以降,61.98,0.1366,1,150.1,0,0
2026-08-23,202608230401,04,01R,3日目以降,68.24,0.1531,3,48.8,0,0
2026-08-23,202608230402,04,02R,3日目以降,61.41,0.1363,9,21.64,0,0
2026-08-23,202608232101,21,01R,3日目以降,64.47,0.1399,7,42.88,0,0
2026-08-23,202608232112,21,12R,3日目以降,61.26,0.1362,6,35.56,0,0
2026-08-23,202608232207,22,07R,2日目,66.88,0.1471,1,53.6,0,0
2026-08-23,202608232302,23,02R,3日目以降,61.1,0.1362,4,44.24,0,0
2026-08-23,202608232411,24,11R,3日目以降,69.11,0.1566,15,17.14,1,70620
2026-08-24,202608240309,03,09R,3日目以降,61.68,0.1364,10,18.71,0,0
2026-08-24,202608240708,07,08R,3日目以降,60.55,0.1356,8,27.37,0,0
2026-08-24,202608241010,10,10R,初日,61.27,0.1362,5,40.93,0,0
2026-08-24,202608241906,19,06R,3日目以降,62.63,0.1369,7,28.83,0,0
2026-08-24,202608242207,22,07R,3日目以降,64.33,0.1395,2,143.07,0,0
2026-08-25,202608251011,10,11R,2日目,60.9,0.136,2,50.67,0,0
2026-08-25,202608251012,10,12R,2日目,60.65,0.1358,4,35.96,0,0
2026-08-26,202608260606,06,06R,3日目以降,69.82,0.1605,1,109.7,0,0
2026-08-26,202608260811,08,11R,3日目以降,61.09,0.1362,5,42.72,0,0
2026-08-26,202608260904,09,04R,2日目,73.97,0.1746,2,33.45,0,0
2026-08-26,202608260909,09,09R,2日目,65.22,0.142,5,47.22,0,0
2026-08-26,202608261003,10,03R,3日目以降,61.15,0.1362,8,44.3,0,0
2026-08-26,202608262003,20,03R,3日目以降,60.06,0.1348,2,53.19,0,0
2026-08-27,202608270909,09,09R,3日目以降,72.29,0.1694,6,24.99,0,0
2026-08-27,202608270910,09,10R,3日目以降,62.08,0.1366,6,37.3,0,0
2026-08-27,202608271004,10,04R,3日目以降,61.75,0.1364,9,29.2,0,0
2026-08-27,202608271412,14,12R,2日目,60.65,0.1358,7,25.74,0,0
2026-08-27,202608271511,15,11R,3日目以降,61.87,0.1366,13,20.63,0,0
2026-08-28,202608280504,05,04R,初日,60.1,0.1349,7,17.49,0,0
2026-08-28,202608280704,07,04R,2日目,68.56,0.1541,5,16.29,0,0
2026-08-28,202608280903,09,03R,3日目以降,62.54,0.1367,5,21.2,0,0
2026-08-28,202608281003,10,03R,3日目以降,60.96,0.1361,7,32.33,0,0
2026-08-28,202608281004,10,04R,3日目以降,60.75,0.1359,10,19.86,0,0
2026-08-28,202608281007,10,07R,3日目以降,62.86,0.1369,4,45.88,0,0
2026-08-28,202608281103,11,03R,3日目以降,65.04,0.1414,5,77.21,0,0
2026-08-28,202608281301,13,01R,3日目以降,67.71,0.1511,4,50.1,0,0
2026-08-28,202608282303,23,03R,初日,62.73,0.1368,3,84.19,0,0
2026-08-29,202608291407,14,07R,3日目以降,60.0,0.1347,1,280.8,0,0
2026-08-29,202608291412,14,12R,3日目以降,60.29,0.1353,10,24.41,0,0
2026-08-29,202608291911,19,11R,2日目,63.1,0.1369,8,34.91,0,0
2026-08-29,202608292309,23,09R,2日目,60.81,0.1359,8,35.52,0,0
2026-08-30,202608300506,05,06R,3日目以降,60.66,0.1358,4,31.13,0,0
2026-08-30,202608300707,07,07R,3日目以降,62.11,0.1366,10,26.3,0,0
2026-08-30,202608300810,08,10R,初日,60.79,0.1359,8,24.61,0,0
2026-08-30,202608300911,09,11R,3日目以降,65.99,0.1442,12,19.36,1,17900
2026-08-30,202608301606,16,06R,2日目,63.52,0.1378,8,28.66,0,0
2026-08-30,202608301906,19,06R,2日目,60.05,0.1347,7,23.73,0,0
2026-08-30,202608302103,21,03R,初日,63.18,0.1371,8,31.42,0,0
2026-08-30,202608302108,21,08R,初日,60.21,0.1352,6,24.04,0,0
2026-08-30,202608302109,21,09R,初日,62.84,0.137,10,19.74,0,0
2026-08-30,202608302111,21,11R,初日,64.09,0.1389,2,68.95,0,0
2026-08-31,202608310403,04,03R,3日目以降,61.07,0.1362,2,39.54,0,0
2026-08-31,202608310609,06,09R,2日目,64.3,0.1394,3,63.23,0,0
2026-08-31,202608312103,21,03R,2日目,63.69,0.1379,6,33.78,1,61880
2026-09-01,202609010505,05,05R,3日目以降,62.09,0.1366,7,20.07,0,0
2026-09-01,202609010507,05,07R,3日目以降,63.04,0.1368,8,21.35,0,0
2026-09-01,202609010602,06,02R,3日目以降,63.76,0.138,3,26.45,0,0
2026-09-01,202609010605,06,05R,3日目以降,64.12,0.139,4,38.91,0,0
2026-09-01,202609010709,07,09R,3日目以降,62.16,0.1365,5,29.28,0,0
2026-09-01,202609010711,07,11R,3日目以降,61.16,0.1362,15,16.95,0,0
2026-09-01,202609010807,08,07R,3日目以降,63.02,0.1368,6,26.61,0,0
2026-09-01,202609011612,16,12R,3日目以降,69.33,0.1578,8,29.03,0,0
2026-09-01,202609012110,21,10R,3日目以降,63.15,0.137,15,17.09,0,0
2026-09-02,202609020602,06,02R,3日目以降,62.47,0.1367,9,18.75,0,0
2026-09-02,202609021203,12,03R,2日目,65.32,0.1424,9,15.84,0,0
2026-09-02,202609021309,13,09R,2日目,60.56,0.1356,1,118.6,0,0
2026-09-02,202609021810,18,10R,3日目以降,60.93,0.1361,6,39.75,0,0
2026-09-02,202609022403,24,03R,2日目,60.71,0.1359,9,18.45,0,0
