1ブロック力,1ブロック成功指数,1対3圧力,2壁弱さ,2壁強さ,3スタート先行度,3伸び,3旋回足,3脅威度,ST接近度,bet_hit,composite_odds,date,head_hit,model,prob,race,race_code,return,score,tickets,venue,まくり差し指数,まくり差し指数v28,差し場生成指数,直まくり指数,直まくり指数v28
0.345,0.269,0.0,0.557,0.443,0.85,0.52,0.766,0.667,0.0,0,5.13,2026-08-03,0,3直まくりv28,0.0959,02R,202608030102,0,71.28,16,01,0.472,0.308,0.313,0.703,0.713
0.589,0.397,0.577,0.56,0.44,0.798,0.446,0.41,0.669,0.068,0,5.4,2026-08-03,0,3直まくりv28,0.0857,01R,202608030501,0,64.41,13,05,0.562,0.393,0.463,0.655,0.644
0.444,0.443,0.36,0.633,0.367,0.674,0.93,0.9,0.497,0.456,0,5.03,2026-08-03,0,3直まくりv28,0.0754,01R,202608031301,0,59.69,5,13,0.573,0.481,0.591,0.594,0.597
0.561,0.345,0.152,0.609,0.391,0.959,0.5,0.5,0.905,0.0,0,5.03,2026-08-03,1,3直まくりv28,0.0751,07R,202608031907,0,79.38,5,19,0.492,0.277,0.32,0.789,0.794
0.749,0.448,0.318,0.523,0.477,0.918,0.146,0.476,0.708,0.0,0,5.02,2026-08-03,0,3直まくりv28,0.0865,03R,202608032103,0,64.61,9,21,0.482,0.255,0.349,0.658,0.646
0.723,0.546,0.667,0.719,0.281,0.664,0.794,0.524,0.513,0.488,0,5.05,2026-08-04,0,3直まくりv28,0.0753,03R,202608040503,0,59.84,14,05,0.631,0.496,0.641,0.633,0.598
0.861,0.761,1.0,0.572,0.428,0.533,0.146,0.476,0.765,0.896,0,12.03,2026-08-04,0,3まくり差しv28,0.1016,12R,202608040612,0,59.87,20,06,0.794,0.599,0.763,0.579,0.466
0.801,0.496,1.0,0.792,0.208,0.725,0.5,0.5,0.751,0.297,0,5.07,2026-08-04,0,3直まくりv28,0.0932,03R,202608041003,0,66.69,4,10,0.764,0.624,0.731,0.711,0.667
0.801,0.496,1.0,0.792,0.208,0.725,0.5,0.5,0.751,0.297,0,5.01,2026-08-04,1,3まくり差しv28,0.0826,03R,202608041003,0,62.39,3,10,0.764,0.624,0.731,0.711,0.667
0.747,0.595,0.855,0.45,0.55,0.7,0.706,0.61,0.955,0.375,0,5.01,2026-08-04,0,3まくり差しv28,0.1158,03R,202608042103,0,57.47,9,21,0.761,0.575,0.632,0.696,0.651
0.746,0.406,0.0,0.67,0.33,1.0,0.668,0.315,0.865,0.0,0,5.02,2026-08-04,0,3直まくりv28,0.0812,08R,202608042108,0,81.61,8,21,0.409,0.162,0.243,0.809,0.816
0.755,0.372,0.395,0.804,0.196,0.884,0.183,0.105,0.872,0.0,0,5.0,2026-08-05,0,3直まくりv28,0.0894,04R,202608051004,0,74.12,7,10,0.527,0.303,0.367,0.769,0.741
0.707,0.468,0.55,0.67,0.33,0.747,0.392,0.685,0.707,0.227,0,5.04,2026-08-05,0,3直まくりv28,0.0813,10R,202608051010,0,63.11,6,10,0.647,0.496,0.573,0.663,0.631
0.787,0.413,0.631,0.707,0.293,0.858,0.546,0.21,0.776,0.0,1,5.17,2026-08-05,0,3直まくりv28,0.09,07R,202608051707,5160,73.63,16,17,0.583,0.365,0.445,0.758,0.736
0.308,0.224,0.0,0.691,0.309,0.816,0.634,0.79,0.771,0.012,0,5.02,2026-08-05,0,3直まくりv28,0.0861,09R,202608051709,0,75.22,7,17,0.515,0.383,0.374,0.74,0.752
0.537,0.304,0.224,0.721,0.279,0.876,0.5,0.5,0.694,0.0,0,5.03,2026-08-06,0,3直まくりv28,0.0878,03R,202608060203,0,74.64,6,02,0.504,0.325,0.373,0.749,0.746
0.58,0.374,0.151,0.536,0.464,0.959,0.741,0.8,0.87,0.0,0,5.04,2026-08-06,0,3直まくりv28,0.0768,07R,202608061207,0,78.25,10,12,0.517,0.312,0.367,0.764,0.783
0.569,0.362,0.656,0.62,0.38,0.807,0.455,0.791,0.824,0.039,0,5.0,2026-08-06,0,3直まくりv28,0.0961,07R,202608061407,0,70.84,10,14,0.697,0.544,0.584,0.724,0.708
0.495,0.259,0.121,0.817,0.183,0.959,0.983,0.905,0.817,0.0,0,5.08,2026-08-06,0,3直まくりv28,0.0907,03R,202608061703,0,88.3,7,17,0.561,0.403,0.453,0.862,0.883
0.763,0.434,0.786,0.621,0.379,0.817,0.336,0.725,0.773,0.01,1,5.06,2026-08-06,0,3直まくりv28,0.0938,06R,202608061706,4970,67.51,8,17,0.714,0.536,0.608,0.706,0.675
0.546,0.343,0.476,0.656,0.344,0.808,0.5,0.5,0.791,0.039,0,5.17,2026-08-06,0,3直まくりv28,0.0957,06R,202608062406,0,71.15,5,24,0.593,0.429,0.468,0.722,0.712
0.763,0.556,0.843,0.523,0.477,0.725,0.68,0.8,0.873,0.298,0,5.01,2026-08-07,0,3直まくりv28,0.0913,04R,202608070404,0,65.76,7,04,0.773,0.609,0.674,0.696,0.658
0.763,0.556,0.843,0.523,0.477,0.725,0.68,0.8,0.873,0.298,0,5.04,2026-08-07,0,3まくり差しv28,0.0966,04R,202608070404,0,60.93,7,04,0.773,0.609,0.674,0.696,0.658
0.784,0.626,0.941,0.45,0.55,0.685,0.741,0.8,0.667,0.422,1,5.01,2026-08-07,1,3まくり差しv28,0.1004,05R,202608071805,34980,60.17,15,18,0.764,0.602,0.712,0.642,0.595
0.868,0.642,0.841,0.866,0.134,0.59,0.5,0.5,0.765,0.717,0,5.02,2026-08-08,0,3まくり差しv28,0.1006,08R,202608080508,0,60.1,4,05,0.754,0.601,0.777,0.636,0.565
0.747,0.584,1.0,0.548,0.452,0.684,0.785,0.809,0.872,0.426,0,5.0,2026-08-08,0,3直まくりv28,0.0918,02R,202608082402,0,65.91,13,24,0.832,0.676,0.76,0.705,0.659
0.747,0.584,1.0,0.548,0.452,0.684,0.785,0.809,0.872,0.426,0,5.03,2026-08-08,0,3まくり差しv28,0.0452,02R,202608082402,0,67.57,5,24,0.832,0.676,0.76,0.705,0.659
0.634,0.373,0.544,0.621,0.379,0.849,0.5,0.5,0.78,0.0,0,5.05,2026-08-09,0,3直まくりv28,0.0956,03R,202608090303,0,72.08,4,03,0.6,0.406,0.457,0.733,0.721
0.546,0.349,0.0,0.572,0.428,1.0,0.53,0.5,0.763,0.0,0,5.05,2026-08-09,0,3直まくりv28,0.0764,07R,202608090307,0,78.27,7,03,0.407,0.191,0.259,0.768,0.783
0.767,0.574,0.86,0.67,0.33,0.668,0.55,0.7,0.612,0.474,0,5.62,2026-08-09,0,3直まくりv28,0.0753,05R,202608091205,0,59.33,20,12,0.739,0.599,0.729,0.645,0.593
0.767,0.574,0.86,0.67,0.33,0.668,0.55,0.7,0.612,0.474,0,5.62,2026-08-09,0,3まくり差しv28,0.1016,05R,202608091205,0,59.88,20,12,0.739,0.599,0.729,0.645,0.593
0.848,0.751,1.0,0.609,0.391,0.524,0.88,1.0,0.755,0.924,0,5.01,2026-08-09,0,3まくり差しv28,0.0461,08R,202608091208,0,72.29,18,12,0.888,0.723,0.883,0.651,0.558
0.755,0.65,0.95,0.45,0.55,0.65,0.87,0.9,0.803,0.533,0,5.03,2026-08-09,0,3まくり差しv28,0.0529,04R,202608091804,0,64.31,12,18,0.803,0.643,0.758,0.635,0.591
0.701,0.346,0.387,0.817,0.183,0.841,0.5,0.5,0.828,0.0,0,5.02,2026-08-09,0,3直まくりv28,0.0959,07R,202608092307,0,71.57,7,23,0.565,0.388,0.459,0.721,0.716
0.617,0.471,0.501,0.572,0.428,0.734,0.47,0.5,0.677,0.27,0,5.12,2026-08-10,0,3直まくりv28,0.0754,04R,202608100304,0,59.68,10,03,0.57,0.419,0.499,0.616,0.597
0.83,0.478,1.0,0.866,0.134,0.734,0.455,0.856,0.682,0.268,0,5.02,2026-08-10,0,3直まくりv28,0.076,12R,202608100512,0,61.04,8,05,0.776,0.673,0.823,0.636,0.61
0.83,0.478,1.0,0.866,0.134,0.734,0.455,0.856,0.682,0.268,0,5.03,2026-08-10,1,3まくり差しv28,0.045,12R,202608100512,0,67.3,3,05,0.776,0.673,0.823,0.636,0.61
0.647,0.526,0.774,0.633,0.367,0.676,0.349,0.78,0.641,0.451,0,5.09,2026-08-10,0,3まくり差しv28,0.1005,04R,202608101404,0,60.16,20,14,0.731,0.602,0.704,0.636,0.587
0.763,0.434,0.235,0.597,0.403,0.848,0.375,0.591,0.84,0.0,0,5.07,2026-08-10,0,3直まくりv28,0.0962,05R,202608101405,0,70.1,7,14,0.558,0.33,0.366,0.726,0.701
0.83,0.505,0.498,0.621,0.379,0.775,0.5,0.5,0.666,0.141,0,5.66,2026-08-10,0,3直まくりv28,0.0796,05R,202608102105,0,62.66,20,21,0.581,0.393,0.486,0.656,0.627
0.737,0.433,0.491,0.56,0.44,0.841,0.343,0.57,1.0,0.0,0,5.11,2026-08-10,0,3直まくりv28,0.0958,07R,202608102307,0,71.51,8,23,0.644,0.42,0.444,0.742,0.715
0.553,0.393,0.397,0.756,0.244,0.734,0.303,0.105,0.598,0.27,0,5.03,2026-08-11,0,3直まくりv28,0.0789,03R,202608110503,0,62.53,10,05,0.49,0.346,0.424,0.65,0.625
0.712,0.429,1.0,0.866,0.134,0.734,0.243,0.77,0.73,0.268,1,5.01,2026-08-11,0,3直まくりv28,0.0884,09R,202608110509,27900,65.01,10,05,0.801,0.697,0.804,0.69,0.65
0.712,0.429,1.0,0.866,0.134,0.734,0.243,0.77,0.73,0.268,0,5.01,2026-08-11,0,3まくり差しv28,0.0461,09R,202608110509,0,69.69,7,05,0.801,0.697,0.804,0.69,0.65
0.805,0.506,0.777,0.646,0.354,0.757,0.5,0.5,0.933,0.198,1,5.01,2026-08-11,0,3直まくりv28,0.0953,07R,202608110707,8520,69.22,8,07,0.727,0.54,0.598,0.735,0.692
0.832,0.714,0.843,0.658,0.342,0.55,0.859,0.8,0.691,0.842,0,7.94,2026-08-11,0,3まくり差しv28,0.0738,11R,202608111311,0,62.98,20,13,0.785,0.63,0.813,0.607,0.535
0.636,0.37,0.326,0.633,0.367,0.899,0.5,0.5,0.699,0.0,0,5.04,2026-08-11,0,3直まくりv28,0.0956,03R,202608111903,0,71.21,10,19,0.502,0.306,0.385,0.711,0.712
0.496,0.517,0.78,0.448,0.552,0.673,0.834,0.99,0.858,0.46,0,5.05,2026-08-11,0,3まくり差しv28,0.0428,10R,202608112310,0,65.55,10,23,0.787,0.656,0.706,0.685,0.658
0.754,0.478,0.677,1.0,0.0,0.666,0.777,0.429,0.749,0.48,0,5.02,2026-08-12,0,3直まくりv28,0.0961,05R,202608120605,0,70.8,12,06,0.706,0.577,0.695,0.75,0.708
0.607,0.385,0.416,0.536,0.464,0.876,0.253,0.57,0.761,0.0,0,5.0,2026-08-12,0,3直まくりv28,0.0945,02R,202608120702,0,68.45,15,07,0.558,0.355,0.406,0.698,0.685
0.884,0.591,1.0,0.572,0.428,0.726,0.63,0.9,0.869,0.293,0,7.72,2026-08-12,0,3直まくりv28,0.0911,12R,202608121312,0,65.67,20,13,0.843,0.678,0.761,0.707,0.657
0.884,0.591,1.0,0.572,0.428,0.726,0.63,0.9,0.869,0.293,0,7.72,2026-08-12,0,3まくり差しv28,0.0454,12R,202608121312,0,67.77,20,13,0.843,0.678,0.761,0.707,0.657
0.788,0.656,1.0,0.375,0.625,0.678,0.803,0.905,0.78,0.445,0,5.06,2026-08-12,0,3まくり差しv28,0.0554,03R,202608122103,0,64.17,12,21,0.813,0.642,0.74,0.648,0.599
0.812,0.68,1.0,0.522,0.478,0.624,0.68,0.8,0.795,0.612,0,5.0,2026-08-13,0,3まくり差しv28,0.0432,09R,202608131309,0,65.87,5,13,0.828,0.659,0.787,0.645,0.579
0.56,0.362,0.0,0.558,0.442,0.824,0.5,0.5,0.79,0.0,0,5.03,2026-08-14,0,3直まくりv28,0.0964,02R,202608140602,0,70.35,6,06,0.468,0.265,0.271,0.714,0.704
0.743,0.404,0.352,0.67,0.33,0.899,0.249,0.381,0.646,0.0,0,5.04,2026-08-14,0,3直まくりv28,0.0936,09R,202608141009,0,67.42,10,10,0.486,0.278,0.378,0.688,0.674
0.552,0.355,0.175,0.56,0.44,0.95,0.811,0.619,0.866,0.0,0,5.04,2026-08-15,0,3直まくりv28,0.0751,06R,202608150506,0,80.39,7,05,0.502,0.294,0.341,0.787,0.804
0.825,0.556,1.0,0.67,0.33,0.71,0.5,0.5,0.798,0.345,1,5.02,2026-08-15,1,3直まくりv28,0.0795,09R,202608150509,186880,62.64,14,05,0.756,0.599,0.708,0.673,0.626
0.825,0.556,1.0,0.67,0.33,0.71,0.5,0.5,0.798,0.345,0,5.04,2026-08-15,0,3まくり差しv28,0.1016,09R,202608150509,0,59.87,7,05,0.756,0.599,0.708,0.673,0.626
0.481,0.343,0.472,0.523,0.477,0.817,0.3,0.666,0.736,0.01,1,5.2,2026-08-15,1,3直まくりv28,0.0929,10R,202608151010,44680,66.55,20,10,0.594,0.432,0.463,0.676,0.665
0.68,0.344,0.099,0.792,0.208,0.891,0.751,0.62,0.486,0.0,1,5.02,2026-08-15,0,3直まくりv28,0.0961,07R,202608151107,13300,70.72,11,11,0.43,0.261,0.376,0.694,0.707
0.761,0.691,0.914,0.58,0.42,0.575,0.223,0.57,0.643,0.767,0,5.02,2026-08-15,0,3まくり差しv28,0.1056,08R,202608152208,0,59.3,11,22,0.76,0.593,0.752,0.584,0.493
0.29,0.218,0.0,0.658,0.342,1.0,0.252,0.486,0.692,0.0,0,5.15,2026-08-15,0,3直まくりv28,0.0811,05R,202608152405,0,77.2,6,24,0.389,0.222,0.278,0.752,0.772
0.736,0.432,0.127,0.56,0.44,0.891,0.68,0.8,0.575,0.0,1,5.05,2026-08-16,0,3直まくりv28,0.094,02R,202608160102,18750,67.67,15,01,0.474,0.272,0.365,0.672,0.677
0.532,0.612,0.6,0.375,0.625,0.616,0.533,0.97,0.889,0.638,0,5.01,2026-08-16,0,3まくり差しv28,0.108,06R,202608160506,0,58.83,9,05,0.747,0.588,0.655,0.611,0.56
0.842,0.743,1.0,0.546,0.454,0.56,0.783,0.705,0.735,0.814,0,5.0,2026-08-16,0,3まくり差しv28,0.0528,08R,202608160708,0,64.32,9,07,0.819,0.643,0.811,0.62,0.538
0.78,0.652,1.0,0.45,0.55,0.657,0.877,0.895,0.7,0.508,0,5.0,2026-08-16,0,3まくり差しv28,0.0805,02R,202608161702,0,62.56,8,17,0.776,0.626,0.769,0.591,0.555
0.77,0.536,1.0,0.731,0.269,0.69,0.579,0.334,0.874,0.408,0,5.02,2026-08-17,0,3直まくりv28,0.0939,09R,202608170209,0,67.59,8,02,0.767,0.606,0.7,0.728,0.676
0.699,0.403,0.159,0.609,0.391,0.882,0.334,0.124,0.62,0.0,1,5.07,2026-08-17,0,3直まくりv28,0.077,07R,202608170507,16080,61.73,8,05,0.349,0.131,0.24,0.612,0.617
0.682,0.416,0.0,0.536,0.464,1.0,0.172,0.286,0.715,0.0,0,5.05,2026-08-17,0,3直まくりv28,0.0958,03R,202608171503,0,71.84,12,15,0.363,0.115,0.202,0.722,0.718
0.863,0.616,1.0,0.45,0.55,0.726,0.409,0.781,0.858,0.293,0,6.88,2026-08-17,0,3まくり差しv28,0.0841,12R,202608171712,0,62.27,20,17,0.804,0.623,0.703,0.659,0.604
0.628,0.616,0.8,0.375,0.625,0.651,0.81,0.9,0.85,0.527,1,5.04,2026-08-17,0,3まくり差しv28,0.1058,05R,202608171805,16080,59.26,6,18,0.748,0.593,0.687,0.604,0.572
0.343,0.316,0.085,0.633,0.367,0.756,0.671,0.419,0.83,0.199,0,5.04,2026-08-18,0,3直まくりv28,0.0918,01R,202608180501,0,73.14,8,05,0.501,0.352,0.342,0.734,0.731
0.674,0.559,0.793,0.804,0.196,0.608,0.303,0.771,0.631,0.661,0,5.01,2026-08-18,0,3まくり差しv28,0.0429,07R,202608181007,0,65.63,7,10,0.777,0.656,0.793,0.651,0.581
0.256,0.161,0.199,0.927,0.073,0.792,0.471,0.219,0.612,0.087,0,5.01,2026-08-18,0,3直まくりv28,0.0956,01R,202608181101,0,72.07,10,11,0.439,0.343,0.391,0.704,0.721
0.726,0.409,0.312,0.658,0.342,0.816,0.615,0.591,0.716,0.012,0,5.01,2026-08-18,1,3直まくりv28,0.0934,03R,202608181103,0,66.82,7,11,0.535,0.353,0.427,0.674,0.668
0.699,0.369,0.0,0.731,0.269,0.966,0.24,0.665,0.906,0.0,0,5.05,2026-08-18,1,3直まくりv28,0.0768,07R,202608181507,0,78.21,12,15,0.504,0.285,0.336,0.795,0.782
0.578,0.38,0.617,0.621,0.379,0.794,0.757,0.23,0.712,0.082,0,5.01,2026-08-18,0,3直まくりv28,0.0962,08R,202608181608,0,70.12,12,16,0.556,0.387,0.456,0.704,0.701
0.604,0.349,0.142,0.658,0.342,0.891,0.931,0.619,0.782,0.0,0,5.13,2026-08-18,1,3直まくりv28,0.0742,01R,202608182001,0,80.17,11,20,0.515,0.315,0.355,0.794,0.802
0.794,0.661,1.0,0.399,0.601,0.668,0.635,0.791,0.729,0.474,0,5.04,2026-08-19,0,3まくり差しv28,0.1003,07R,202608191107,0,60.2,10,11,0.77,0.602,0.727,0.594,0.546
0.673,0.394,0.43,0.658,0.342,0.809,0.86,0.8,0.71,0.035,0,5.01,2026-08-19,1,3直まくりv28,0.0958,02R,202608191302,0,70.96,8,13,0.609,0.449,0.518,0.71,0.71
0.745,0.419,0.0,0.621,0.379,1.0,0.14,0.2,0.93,0.0,0,5.04,2026-08-19,1,3直まくりv28,0.0835,05R,202608191805,0,76.45,13,18,0.404,0.14,0.205,0.777,0.764
0.641,0.396,0.0,0.548,0.452,1.0,0.649,0.78,0.906,0.0,0,5.07,2026-08-20,0,3直まくりv28,0.0798,04R,202608201504,0,81.3,11,15,0.49,0.262,0.314,0.802,0.813
0.556,0.339,0.245,0.621,0.379,0.918,0.172,0.286,0.735,0.0,0,5.13,2026-08-20,0,3直まくりv28,0.0959,02R,202608201902,0,71.01,17,19,0.455,0.248,0.308,0.718,0.71
0.785,0.692,1.0,0.557,0.443,0.592,0.5,0.5,0.837,0.714,0,5.04,2026-08-20,0,3まくり差しv28,0.0979,07R,202608202307,0,60.56,5,23,0.784,0.606,0.75,0.616,0.541
0.747,0.427,0.132,0.593,0.407,0.876,0.5,0.5,0.59,0.0,0,5.11,2026-08-21,0,3直まくりv28,0.0898,04R,202608210304,0,65.33,11,03,0.431,0.217,0.309,0.656,0.653
0.667,0.403,0.223,0.56,0.44,0.884,0.577,0.229,0.556,0.0,0,5.12,2026-08-21,0,3直まくりv28,0.0904,01R,202608210401,0,65.49,13,04,0.383,0.17,0.272,0.647,0.655
0.825,0.635,1.0,0.572,0.428,0.659,0.5,0.5,0.726,0.503,0,5.99,2026-08-21,0,3まくり差しv28,0.111,07R,202608210707,0,58.5,20,07,0.757,0.585,0.713,0.642,0.579
0.578,0.381,0.789,0.719,0.281,0.766,0.67,0.7,0.803,0.168,0,5.16,2026-08-21,0,3直まくりv28,0.0964,01R,202608211301,0,70.54,7,13,0.714,0.59,0.66,0.715,0.705
0.858,0.756,1.0,0.658,0.342,0.5,0.5,0.866,0.729,0.999,0,8.45,2026-08-21,0,3まくり差しv28,0.0459,10R,202608211910,0,68.51,20,19,0.858,0.685,0.851,0.614,0.503
0.641,0.382,0.277,0.597,0.403,0.917,0.3,0.0,0.719,0.0,0,5.01,2026-08-21,0,3直まくりv28,0.0957,03R,202608212303,0,71.18,7,23,0.41,0.176,0.249,0.721,0.712
0.792,0.542,1.0,0.707,0.293,0.7,0.697,0.895,0.851,0.374,0,5.01,2026-08-21,1,3直まくりv28,0.0946,10R,202608212310,0,68.53,9,23,0.859,0.722,0.81,0.733,0.685
0.792,0.542,1.0,0.707,0.293,0.7,0.697,0.895,0.851,0.374,1,5.02,2026-08-21,0,3まくり差しv28,0.0461,10R,202608212310,21190,72.15,4,23,0.859,0.722,0.81,0.733,0.685
0.539,0.403,0.279,0.548,0.452,0.775,0.454,0.125,0.574,0.141,0,5.02,2026-08-22,0,3直まくりv28,0.0754,01R,202608220201,0,59.79,11,02,0.407,0.233,0.31,0.602,0.598
0.731,0.44,0.63,0.609,0.391,0.801,0.94,1.0,0.719,0.059,0,5.46,2026-08-22,0,3直まくりv28,0.0958,07R,202608220407,0,71.0,7,04,0.701,0.545,0.622,0.716,0.71
0.647,0.663,0.871,0.523,0.477,0.567,0.677,0.695,0.734,0.79,0,5.09,2026-08-22,0,3まくり差しv28,0.0853,04R,202608221604,0,62.19,10,16,0.781,0.622,0.755,0.629,0.557
0.857,0.72,1.0,0.536,0.464,0.6,0.568,0.514,0.884,0.689,1,5.0,2026-08-22,0,3まくり差しv28,0.0938,06R,202608221906,61300,61.35,11,19,0.811,0.614,0.743,0.655,0.571
0.472,0.359,0.557,0.694,0.306,0.751,0.5,0.5,0.754,0.216,0,5.03,2026-08-22,0,3直まくりv28,0.0957,02R,202608222202,0,69.45,6,22,0.627,0.496,0.539,0.711,0.695
0.82,0.696,0.923,0.597,0.403,0.59,0.817,0.895,0.889,0.717,0,5.04,2026-08-22,0,3まくり差しv28,0.0461,06R,202608222406,0,69.78,8,24,0.868,0.698,0.822,0.685,0.61
0.766,0.407,0.0,0.694,0.306,1.0,0.59,0.5,0.795,0.0,1,5.03,2026-08-23,0,3直まくりv28,0.0775,03R,202608230303,7120,80.89,13,03,0.441,0.205,0.291,0.809,0.809
0.52,0.326,0.214,0.646,0.354,0.816,0.808,0.514,0.687,0.012,0,5.1,2026-08-23,0,3直まくりv28,0.0894,01R,202608230401,0,74.12,8,04,0.512,0.343,0.374,0.74,0.741
0.457,0.353,0.33,0.853,0.147,0.706,0.605,0.144,0.517,0.355,0,5.04,2026-08-23,0,3直まくりv28,0.0936,01R,202608230601,0,67.43,12,06,0.488,0.373,0.452,0.692,0.674
0.846,0.542,1.0,0.817,0.183,0.691,0.443,0.305,0.692,0.402,1,5.01,2026-08-23,0,3直まくりv28,0.0765,12R,202608232112,14250,61.35,15,21,0.717,0.57,0.715,0.663,0.613
0.61,0.534,0.837,0.56,0.44,0.673,0.88,0.335,0.735,0.46,0,5.09,2026-08-23,0,3直まくりv28,0.0859,07R,202608232207,0,64.51,11,22,0.669,0.513,0.61,0.675,0.645
0.565,0.397,0.348,0.731,0.269,0.741,0.5,0.5,0.685,0.246,0,5.07,2026-08-24,0,3直まくりv28,0.094,06R,202608241006,0,67.79,5,10,0.575,0.433,0.484,0.703,0.678
0.482,0.291,0.096,0.682,0.318,0.891,0.48,0.6,0.661,0.0,1,5.11,2026-08-24,0,3直まくりv28,0.0958,10R,202608241810,17950,69.57,10,18,0.438,0.273,0.342,0.678,0.696
0.432,0.384,0.092,0.523,0.477,0.756,0.86,0.8,0.712,0.199,0,6.72,2026-08-24,0,3直まくりv28,0.0963,06R,202608241906,0,70.28,20,19,0.539,0.391,0.4,0.705,0.703
0.783,0.452,0.325,0.56,0.44,0.865,0.35,0.5,0.566,0.0,0,5.06,2026-08-25,0,3直まくりv28,0.0766,05R,202608250305,0,61.4,20,03,0.471,0.259,0.366,0.624,0.614
0.674,0.361,0.0,0.817,0.183,0.798,0.275,0.856,0.719,0.07,0,5.01,2026-08-25,0,3直まくりv28,0.0892,09R,202608251009,0,65.17,10,10,0.527,0.376,0.432,0.667,0.652
0.504,0.325,0.116,0.597,0.403,0.959,0.279,0.4,0.765,0.0,0,5.07,2026-08-25,0,3直まくりv28,0.0955,01R,202608251301,0,72.17,4,13,0.415,0.213,0.282,0.711,0.722
0.782,0.696,0.984,0.597,0.403,0.572,0.539,0.6,0.675,0.776,0,5.13,2026-08-25,0,3まくり差しv28,0.0982,04R,202608251304,0,60.51,12,13,0.762,0.605,0.789,0.568,0.497
0.873,0.699,1.0,0.45,0.55,0.65,0.561,0.931,0.772,0.533,0,8.21,2026-08-26,0,3まくり差しv28,0.0595,07R,202608260107,0,63.93,20,01,0.807,0.639,0.782,0.577,0.52
0.539,0.32,0.659,0.841,0.159,0.775,0.774,0.99,0.75,0.139,0,5.03,2026-08-26,0,3直まくりv28,0.0838,06R,202608260606,0,76.27,8,06,0.75,0.65,0.705,0.771,0.763
0.647,0.623,0.829,0.45,0.55,0.632,0.491,0.948,0.818,0.589,0,5.03,2026-08-26,0,3まくり差しv28,0.055,07R,202608260607,0,64.19,5,06,0.794,0.642,0.739,0.615,0.559
0.296,0.206,0.0,0.707,0.293,0.966,0.438,0.761,0.714,0.0,1,5.19,2026-08-26,0,3直まくりv28,0.0752,04R,202608260904,37760,79.15,7,09,0.458,0.31,0.351,0.77,0.791
0.679,0.467,0.805,0.776,0.224,0.708,0.5,0.5,0.89,0.35,0,5.04,2026-08-26,0,3直まくりv28,0.0958,02R,202608261102,0,69.78,10,11,0.749,0.606,0.671,0.741,0.698
0.679,0.467,0.805,0.776,0.224,0.708,0.5,0.5,0.89,0.35,0,5.16,2026-08-26,0,3まくり差しv28,0.0977,02R,202608261102,0,60.64,9,11,0.749,0.606,0.671,0.741,0.698
0.652,0.555,0.745,0.792,0.208,0.607,0.432,0.485,0.699,0.667,0,5.01,2026-08-26,0,3まくり差しv28,0.1158,06R,202608261106,0,57.49,13,11,0.71,0.575,0.712,0.645,0.586
0.477,0.262,0.0,0.78,0.22,0.865,1.0,1.0,0.798,0.0,0,5.08,2026-08-26,0,3直まくりv28,0.0851,01R,202608261301,0,83.37,5,13,0.567,0.413,0.423,0.82,0.834
0.764,0.579,0.661,0.682,0.318,0.659,0.76,0.334,0.577,0.504,0,5.0,2026-08-26,0,3直まくりv28,0.0752,01R,202608261701,0,59.92,9,17,0.615,0.453,0.59,0.643,0.599
0.943,0.722,1.0,0.45,0.55,0.656,0.617,0.695,0.748,0.512,0,5.12,2026-08-26,0,3まくり差しv28,0.1115,12R,202608261712,0,58.32,20,17,0.774,0.583,0.726,0.601,0.537
0.557,0.467,0.414,0.621,0.379,0.7,0.598,0.496,0.62,0.375,1,5.06,2026-08-26,1,3直まくりv28,0.0767,03R,202608262003,16450,61.58,11,20,0.562,0.423,0.501,0.639,0.616
0.889,0.63,1.0,0.658,0.342,0.667,0.834,0.99,0.882,0.479,0,5.07,2026-08-27,0,3直まくりv28,0.0932,09R,202608270909,0,66.72,13,09,0.891,0.734,0.839,0.726,0.667
0.889,0.63,1.0,0.658,0.342,0.667,0.834,0.99,0.882,0.479,0,5.04,2026-08-27,0,3まくり差しv28,0.0461,09R,202608270909,0,73.39,9,09,0.891,0.734,0.839,0.726,0.667
0.882,0.751,1.0,0.548,0.452,0.573,0.69,0.9,0.705,0.771,0,5.03,2026-08-27,0,3まくり差しv28,0.0438,09R,202608271309,0,66.12,12,13,0.824,0.661,0.846,0.573,0.499
0.736,0.443,0.0,0.523,0.477,1.0,0.348,0.115,0.935,0.0,0,5.08,2026-08-27,0,3直まくりv28,0.0813,10R,202608271410,0,77.13,6,14,0.377,0.099,0.161,0.775,0.771
0.861,0.764,1.0,0.56,0.44,0.533,0.383,0.97,0.891,0.896,0,5.06,2026-08-27,0,3まくり差しv28,0.0461,12R,202608271412,0,72.79,13,14,0.908,0.728,0.869,0.623,0.514
0.833,0.682,1.0,0.45,0.55,0.65,0.5,0.5,0.825,0.531,0,5.05,2026-08-28,0,3まくり差しv28,0.116,04R,202608280504,0,57.44,10,05,0.77,0.574,0.687,0.637,0.567
0.558,0.308,0.365,0.792,0.208,0.809,0.966,0.81,0.728,0.035,0,5.01,2026-08-28,0,3直まくりv28,0.0837,03R,202608280903,0,76.39,13,09,0.61,0.478,0.533,0.754,0.764
0.851,0.707,0.99,0.694,0.306,0.557,0.549,0.98,0.918,0.823,0,5.01,2026-08-28,0,3まくり差しv28,0.0461,03R,202608281103,0,77.06,10,11,0.931,0.771,0.909,0.68,0.585
0.64,0.392,0.0,0.56,0.44,1.0,0.27,0.3,0.655,0.0,0,5.06,2026-08-28,0,3直まくりv28,0.0937,02R,202608281302,0,67.05,8,13,0.31,0.088,0.212,0.65,0.671
0.598,0.42,0.638,0.67,0.33,0.749,0.5,0.5,0.799,0.221,0,5.02,2026-08-28,0,3直まくりv28,0.0946,03R,202608282303,0,68.53,7,23,0.659,0.509,0.562,0.712,0.685
0.785,0.487,0.874,0.768,0.232,0.734,0.665,0.144,0.576,0.268,0,5.07,2026-08-29,0,3直まくりv28,0.0781,10R,202608291110,0,62.16,17,11,0.599,0.453,0.598,0.644,0.622
0.694,0.425,0.143,0.523,0.477,0.882,0.826,0.611,0.563,0.0,0,5.01,2026-08-29,0,3直まくりv28,0.0952,09R,202608291409,0,69.14,8,14,0.444,0.235,0.319,0.683,0.691
0.846,0.696,1.0,0.511,0.489,0.625,0.5,0.5,0.908,0.608,0,5.01,2026-08-29,0,3まくり差しv28,0.1,11R,202608291911,0,60.38,12,19,0.802,0.604,0.718,0.656,0.578
0.885,0.509,0.806,0.536,0.464,0.817,0.68,0.135,0.683,0.01,0,5.01,2026-08-30,0,3直まくりv28,0.0906,07R,202608300707,0,65.54,13,07,0.576,0.353,0.463,0.677,0.655
0.805,0.459,0.0,0.571,0.429,0.959,0.776,0.429,0.535,0.0,1,5.02,2026-08-30,0,3直まくりv28,0.0964,04R,202608301704,6600,70.35,14,17,0.347,0.114,0.243,0.689,0.703
0.859,0.677,0.976,0.45,0.55,0.665,0.68,0.8,0.726,0.483,0,8.33,2026-08-30,0,3まくり差しv28,0.1003,11R,202608301711,0,60.24,20,17,0.774,0.602,0.736,0.605,0.553
0.841,0.502,1.0,0.646,0.354,0.775,0.5,0.5,0.807,0.139,0,5.01,2026-08-30,1,3直まくりv28,0.094,03R,202608302103,0,67.79,14,21,0.751,0.571,0.663,0.718,0.678
0.815,0.464,0.912,0.743,0.257,0.775,0.5,0.5,0.685,0.139,0,5.85,2026-08-30,0,3直まくりv28,0.0941,09R,202608302109,0,68.04,20,21,0.716,0.554,0.658,0.718,0.68
0.42,0.248,0.076,0.743,0.257,0.891,0.492,0.486,0.603,0.0,0,5.03,2026-08-31,0,3直まくりv28,0.0949,03R,202608310403,0,68.77,9,04,0.392,0.244,0.326,0.66,0.688
0.783,0.565,1.0,0.67,0.33,0.684,0.309,0.38,0.911,0.426,0,5.07,2026-08-31,0,3直まくりv28,0.0813,09R,202608310609,0,63.09,6,06,0.777,0.607,0.698,0.693,0.631
0.576,0.325,0.26,0.853,0.147,0.783,0.209,0.581,0.754,0.117,0,5.41,2026-09-01,0,3直まくりv28,0.0963,05R,202609010505,0,70.02,20,05,0.584,0.44,0.479,0.728,0.7
0.524,0.282,0.173,0.78,0.22,0.917,0.429,0.315,0.551,0.0,0,5.05,2026-09-01,0,3直まくりv28,0.0956,01R,202609010601,0,71.99,7,06,0.405,0.235,0.331,0.711,0.72
0.282,0.245,0.0,0.548,0.452,1.0,0.56,0.865,0.548,0.0,0,5.02,2026-09-01,1,3直まくりv28,0.0964,02R,202609010602,0,70.54,10,06,0.37,0.233,0.333,0.653,0.705
0.592,0.509,0.793,0.658,0.342,0.664,0.329,0.58,0.744,0.488,1,5.04,2026-09-01,0,3直まくりv28,0.0755,05R,202609010605,10000,60.43,9,06,0.722,0.587,0.68,0.653,0.604
0.592,0.509,0.793,0.658,0.342,0.664,0.329,0.58,0.744,0.488,1,5.13,2026-09-01,0,3まくり差しv28,0.1095,05R,202609010605,20000,58.73,6,06,0.722,0.587,0.68,0.653,0.604
0.75,0.501,0.386,0.609,0.391,0.749,0.5,0.5,0.858,0.223,0,5.1,2026-09-01,1,3直まくりv28,0.0935,03R,202609011203,0,67.19,5,12,0.613,0.42,0.46,0.711,0.672
0.793,0.443,0.263,0.633,0.367,0.816,0.41,0.5,0.553,0.012,0,9.25,2026-09-01,0,3直まくりv28,0.0818,10R,202609011210,0,63.28,20,12,0.496,0.299,0.384,0.657,0.633
0.857,0.635,1.0,0.536,0.464,0.682,1.0,1.0,0.892,0.431,0,5.01,2026-09-01,0,3直まくりv28,0.0935,12R,202609011612,0,67.21,13,16,0.873,0.708,0.8,0.72,0.672
0.857,0.635,1.0,0.536,0.464,0.682,1.0,1.0,0.892,0.431,0,5.01,2026-09-01,0,3まくり差しv28,0.0461,12R,202609011612,0,70.81,12,16,0.873,0.708,0.8,0.72,0.672
0.825,0.579,1.0,0.682,0.318,0.684,0.251,0.485,0.74,0.426,0,5.05,2026-09-01,0,3まくり差しv28,0.1051,12R,202609012012,0,59.57,17,20,0.751,0.596,0.724,0.635,0.575
0.85,0.672,1.0,0.45,0.55,0.667,0.871,0.619,0.828,0.479,0,9.79,2026-09-01,0,3まくり差しv28,0.1033,10R,202609012110,0,59.71,20,21,0.787,0.597,0.703,0.676,0.62
0.428,0.303,0.0,0.56,0.44,1.0,0.5,0.5,0.563,0.0,1,5.09,2026-09-01,0,3直まくりv28,0.0963,05R,202609012405,16260,70.29,8,24,0.323,0.145,0.256,0.664,0.703
0.608,0.385,0.0,0.536,0.464,0.966,0.79,0.7,0.614,0.0,0,5.03,2026-09-02,1,3直まくりv28,0.0963,08R,202609021308,0,69.97,7,13,0.374,0.179,0.293,0.662,0.7
0.799,0.635,0.804,0.45,0.55,0.682,0.87,0.9,0.755,0.432,0,5.02,2026-09-02,0,3まくり差しv28,0.1094,10R,202609021810,0,58.75,10,18,0.755,0.588,0.689,0.644,0.604
