date,race_code,venue,race,day_cat,score4,score5,p4,p5,heads_bet,tickets,composite_odds
2026-08-03,202608030111,01,11R,3日目以降,55.42,64.57,0.1289,0.0683,5,12,28.74
2026-08-03,202608031910,19,10R,初日,59.64,63.47,0.1449,0.067,5,12,29.03
2026-08-03,202608032110,21,10R,2日目,60.69,59.87,0.149,0.063,4,12,12.47
2026-08-03,202608032112,21,12R,2日目,52.73,61.65,0.1199,0.065,5,12,35.76
2026-08-03,202608032309,23,09R,3日目以降,67.59,63.23,0.189,0.0667,4,12,11.69
2026-08-04,202608040512,05,12R,3日目以降,42.55,60.14,0.0833,0.0633,5,12,61.04
2026-08-04,202608041212,12,12R,初日,56.65,67.43,0.1328,0.0658,5,12,23.94
2026-08-05,202608051706,17,06R,3日目以降,47.72,66.9,0.0994,0.0663,5,12,31.14
2026-08-05,202608051711,17,11R,3日目以降,67.78,69.97,0.1903,0.0626,4,12,7.62
2026-08-05,202608051905,19,05R,3日目以降,72.1,66.12,0.2275,0.0672,5,12,33.25
2026-08-06,202608060910,09,10R,2日目,60.99,62.01,0.1505,0.0653,4,12,15.22
2026-08-06,202608061810,18,10R,初日,50.25,64.65,0.1108,0.068,5,12,28.3
2026-08-07,202608070410,04,10R,3日目以降,63.41,77.0,0.1636,0.0507,5,12,33.76
2026-08-07,202608071508,15,08R,初日,51.8,62.61,0.1167,0.0659,5,12,24.58
2026-08-07,202608071706,17,06R,3日目以降,47.51,61.84,0.0985,0.0651,5,12,33.65
2026-08-07,202608071711,17,11R,3日目以降,53.44,60.35,0.1225,0.0632,5,12,32.23
2026-08-07,202608071807,18,07R,2日目,60.68,60.28,0.1489,0.0634,5,12,28.3
2026-08-07,202608072002,20,02R,初日,63.51,66.52,0.1641,0.0665,4,12,11.68
2026-08-07,202608072411,24,11R,2日目,59.98,66.59,0.1461,0.0666,5,12,35.29
2026-08-08,202608080901,09,01R,3日目以降,64.46,54.59,0.1694,0.0542,4,12,10.37
2026-08-08,202608080911,09,11R,3日目以降,45.55,63.58,0.0922,0.0673,5,12,42.87
2026-08-08,202608081404,14,04R,3日目以降,62.38,56.98,0.1577,0.0578,4,12,11.16
2026-08-08,202608081612,16,12R,初日,61.18,74.19,0.1516,0.0511,4,12,23.16
2026-08-08,202608081811,18,11R,3日目以降,55.64,61.47,0.1297,0.0644,5,12,55.31
2026-08-09,202608090910,09,10R,3日目以降,49.79,65.78,0.1088,0.0667,5,12,22.98
2026-08-09,202608091308,13,08R,初日,55.91,65.27,0.1306,0.0674,5,12,31.63
2026-08-09,202608091411,14,11R,3日目以降,70.49,72.53,0.2147,0.0553,4,12,12.09
2026-08-09,202608091810,18,10R,3日目以降,66.55,67.29,0.1834,0.0661,4,12,12.68
2026-08-09,202608091811,18,11R,3日目以降,50.78,60.81,0.1128,0.0634,5,12,25.49
2026-08-09,202608091812,18,12R,3日目以降,62.17,69.01,0.1566,0.0638,4,12,17.15
2026-08-09,202608092005,20,05R,3日目以降,53.74,60.01,0.1235,0.063,5,12,36.97
2026-08-09,202608092006,20,06R,3日目以降,66.18,62.29,0.1811,0.0655,5,12,36.34
2026-08-09,202608092011,20,11R,3日目以降,64.53,73.36,0.1699,0.053,4,12,11.71
2026-08-09,202608092301,23,01R,初日,53.42,61.57,0.1224,0.0647,5,12,22.8
2026-08-10,202608101805,18,05R,3日目以降,64.26,62.62,0.168,0.066,5,12,36.88
2026-08-10,202608101812,18,12R,3日目以降,60.96,56.65,0.1504,0.0569,4,12,13.69
2026-08-11,202608110710,07,10R,初日,59.54,63.9,0.1445,0.068,5,12,43.76
2026-08-11,202608111304,13,04R,3日目以降,64.66,60.7,0.1707,0.0636,5,12,33.66
2026-08-11,202608112010,20,10R,3日目以降,62.23,62.41,0.1569,0.0658,4,12,13.56
2026-08-11,202608112110,21,10R,2日目,44.36,66.18,0.0883,0.0668,5,12,30.19
2026-08-11,202608112111,21,11R,2日目,54.27,64.2,0.1252,0.0683,5,12,34.7
2026-08-11,202608112112,21,12R,2日目,63.15,77.13,0.1621,0.0506,4,12,23.13
2026-08-11,202608112305,23,05R,3日目以降,72.55,69.32,0.2311,0.0633,5,12,42.22
2026-08-12,202608120409,04,09R,2日目,64.93,66.48,0.1725,0.0664,5,12,49.57
2026-08-12,202608121305,13,05R,3日目以降,51.12,60.58,0.1141,0.0634,5,12,40.22
2026-08-12,202608121307,13,07R,3日目以降,63.8,61.69,0.1657,0.065,5,12,32.86
2026-08-12,202608121911,19,11R,2日目,54.77,63.34,0.1266,0.067,5,12,48.88
2026-08-12,202608122012,20,12R,3日目以降,47.44,68.62,0.0982,0.0641,5,12,36.19
2026-08-12,202608122105,21,05R,3日目以降,49.32,62.52,0.1065,0.0659,5,12,52.29
2026-08-12,202608122210,22,10R,初日,75.03,70.75,0.2456,0.063,5,12,59.63
2026-08-12,202608122310,23,10R,3日目以降,52.65,63.48,0.1197,0.067,5,12,51.36
2026-08-12,202608122312,23,12R,3日目以降,64.14,70.89,0.1673,0.0627,5,12,69.35
2026-08-13,202608130712,07,12R,3日目以降,52.05,65.89,0.1175,0.067,5,12,38.48
2026-08-13,202608131212,12,12R,初日,59.38,61.32,0.1439,0.0641,5,12,29.65
2026-08-14,202608140311,03,11R,3日目以降,42.65,62.51,0.0836,0.0659,5,12,34.34
2026-08-14,202608140708,07,08R,3日目以降,49.81,62.12,0.1089,0.0652,5,12,33.49
2026-08-14,202608140710,07,10R,3日目以降,52.71,60.87,0.1199,0.0635,5,12,34.91
2026-08-14,202608141003,10,03R,初日,64.13,63.47,0.1673,0.067,4,12,12.38
2026-08-14,202608141307,13,07R,3日目以降,62.13,67.61,0.1563,0.0653,5,12,40.06
2026-08-14,202608142102,21,02R,3日目以降,62.39,61.29,0.1577,0.064,5,12,26.01
2026-08-14,202608142206,22,06R,3日目以降,59.93,62.78,0.146,0.066,5,12,26.53
2026-08-14,202608142312,23,12R,3日目以降,67.08,69.13,0.186,0.0637,4,12,18.71
2026-08-15,202608150109,01,09R,3日目以降,60.57,60.7,0.1485,0.0636,5,12,30.85
2026-08-15,202608150711,07,11R,3日目以降,57.42,61.26,0.1353,0.0641,5,12,45.13
2026-08-15,202608151804,18,04R,初日,68.9,74.03,0.1994,0.0521,4,12,14.12
2026-08-15,202608151909,19,09R,3日目以降,61.12,65.5,0.1513,0.0672,4,12,21.21
2026-08-15,202608152112,21,12R,3日目以降,56.59,68.2,0.1325,0.0645,5,12,44.37
2026-08-16,202608160904,09,04R,2日目,61.34,68.2,0.1523,0.0645,5,12,33.38
2026-08-16,202608161105,11,05R,2日目,68.47,67.92,0.1957,0.0645,4,12,9.58
2026-08-16,202608161112,11,12R,2日目,43.34,66.69,0.0853,0.0666,5,12,49.31
2026-08-16,202608161708,17,08R,3日目以降,63.61,58.79,0.1646,0.0612,4,12,13.37
2026-08-16,202608161812,18,12R,2日目,49.16,65.19,0.1057,0.0673,5,12,52.34
2026-08-17,202608170912,09,12R,3日目以降,38.19,60.57,0.0726,0.0633,5,12,31.65
2026-08-17,202608171002,10,02R,3日目以降,67.64,66.94,0.1893,0.0662,4,12,9.42
2026-08-17,202608171201,12,01R,3日目以降,57.19,64.77,0.1345,0.0679,5,12,34.29
2026-08-17,202608171208,12,08R,3日目以降,63.48,66.54,0.1639,0.0665,4,12,18.34
2026-08-17,202608171212,12,12R,3日目以降,66.42,67.91,0.1825,0.0645,4,12,14.83
2026-08-17,202608171308,13,08R,初日,57.18,67.79,0.1344,0.0649,5,12,41.39
2026-08-17,202608171409,14,09R,2日目,65.56,61.61,0.1766,0.0648,5,12,32.93
2026-08-17,202608171512,15,12R,初日,67.15,70.53,0.1863,0.0633,4,12,10.61
2026-08-17,202608171711,17,11R,3日目以降,66.79,66.52,0.1845,0.0665,5,12,31.99
2026-08-18,202608181312,13,12R,2日目,65.84,63.91,0.1788,0.0681,5,12,30.98
2026-08-19,202608190512,05,12R,3日目以降,53.26,61.74,0.1218,0.065,5,12,36.84
2026-08-19,202608191012,10,12R,3日目以降,51.0,67.12,0.1136,0.0661,5,12,36.42
2026-08-19,202608191311,13,11R,3日目以降,66.02,69.84,0.1802,0.063,4,12,17.13
2026-08-19,202608191602,16,02R,2日目,56.03,61.0,0.1309,0.0637,5,12,51.83
2026-08-19,202608191812,18,12R,3日目以降,55.83,64.44,0.1303,0.0683,5,12,42.42
2026-08-20,202608200902,09,02R,3日目以降,60.63,64.14,0.1487,0.0682,5,12,28.62
2026-08-20,202608201307,13,07R,3日目以降,76.28,70.37,0.2496,0.0629,5,12,32.7
2026-08-20,202608201512,15,12R,3日目以降,56.37,61.72,0.1319,0.0649,5,12,34.86
2026-08-20,202608201803,18,03R,3日目以降,72.13,63.76,0.2277,0.0677,4,12,15.76
2026-08-20,202608202005,20,05R,3日目以降,73.27,60.44,0.2352,0.0632,5,12,30.18
2026-08-20,202608202311,23,11R,初日,55.47,61.87,0.1291,0.0652,5,12,30.0
2026-08-21,202608210205,02,05R,2日目,75.54,67.3,0.2486,0.0661,5,12,30.96
2026-08-21,202608211310,13,10R,3日目以降,60.7,64.39,0.149,0.0683,5,12,35.44
2026-08-21,202608211311,13,11R,3日目以降,70.58,60.53,0.2154,0.0633,5,12,44.73
2026-08-21,202608211908,19,08R,3日目以降,64.02,62.76,0.1666,0.0658,5,12,38.69
2026-08-22,202608220711,07,11R,2日目,61.2,65.86,0.1517,0.0669,5,12,55.6
2026-08-22,202608221610,16,10R,3日目以降,52.1,62.98,0.1177,0.0661,5,12,55.16
2026-08-22,202608222211,22,11R,初日,52.21,60.66,0.1181,0.0635,5,12,28.46
2026-08-22,202608222212,22,12R,初日,65.09,68.3,0.1737,0.0646,4,12,12.93
2026-08-23,202608230604,06,04R,3日目以降,54.88,60.01,0.127,0.0631,5,12,30.09
2026-08-23,202608230710,07,10R,3日目以降,37.59,62.07,0.071,0.0653,5,12,25.89
2026-08-23,202608231603,16,03R,3日目以降,60.07,65.01,0.1466,0.0681,5,12,30.56
2026-08-23,202608231909,19,09R,3日目以降,67.28,67.81,0.187,0.0649,5,12,46.96
2026-08-23,202608232311,23,11R,3日目以降,61.75,58.13,0.1541,0.0603,4,12,18.83
2026-08-24,202608240712,07,12R,3日目以降,74.71,60.26,0.2426,0.0633,5,12,38.59
2026-08-25,202608252005,20,05R,3日目以降,52.53,70.83,0.1193,0.0629,5,12,36.16
2026-08-26,202608260905,09,05R,2日目,86.84,61.44,0.0942,0.0644,5,12,30.93
2026-08-26,202608261312,13,12R,3日目以降,60.38,59.77,0.1477,0.0629,4,12,18.49
2026-08-26,202608262205,22,05R,3日目以降,54.67,60.38,0.1263,0.0632,5,12,43.34
2026-08-27,202608270109,01,09R,3日目以降,51.95,69.17,0.1172,0.0636,5,12,26.12
2026-08-27,202608270912,09,12R,3日目以降,51.08,64.38,0.1139,0.0683,5,12,42.31
2026-08-27,202608271011,10,11R,3日目以降,66.16,58.23,0.181,0.0605,4,12,12.55
2026-08-27,202608271512,15,12R,3日目以降,53.12,61.77,0.1213,0.0651,5,12,41.85
2026-08-27,202608271704,17,04R,3日目以降,68.02,65.91,0.1923,0.067,5,12,38.84
2026-08-27,202608272211,22,11R,3日目以降,46.28,67.87,0.0946,0.0645,5,12,36.46
2026-08-27,202608272212,22,12R,3日目以降,70.09,63.84,0.2116,0.0679,5,12,33.13
2026-08-28,202608280103,01,03R,3日目以降,49.7,60.94,0.1082,0.0636,5,12,25.58
2026-08-28,202608280110,01,10R,3日目以降,49.35,67.68,0.1066,0.0649,5,12,49.14
2026-08-28,202608280912,09,12R,3日目以降,71.63,66.48,0.2241,0.0664,5,12,37.93
2026-08-28,202608281306,13,06R,3日目以降,71.82,65.09,0.2252,0.0677,5,12,37.64
2026-08-28,202608281308,13,08R,3日目以降,63.9,61.04,0.1661,0.0638,5,12,28.89
2026-08-28,202608281309,13,09R,3日目以降,49.43,61.39,0.107,0.0643,5,12,33.35
2026-08-28,202608281710,17,10R,3日目以降,59.12,61.49,0.1424,0.0644,5,12,45.5
2026-08-28,202608282309,23,09R,初日,43.68,60.14,0.0863,0.0633,5,12,35.21
2026-08-29,202608290902,09,02R,3日目以降,61.52,70.69,0.153,0.0629,5,12,46.89
2026-08-29,202608290909,09,09R,3日目以降,63.47,62.32,0.1639,0.0656,5,12,45.83
2026-08-29,202608291310,13,10R,3日目以降,75.76,69.73,0.2497,0.0628,4,12,9.36
2026-08-29,202608291312,13,12R,3日目以降,61.0,64.51,0.1506,0.0683,5,12,30.18
2026-08-29,202608291408,14,08R,3日目以降,48.06,63.59,0.1008,0.0673,5,12,28.76
2026-08-29,202608291608,16,08R,2日目,49.49,60.2,0.1073,0.0633,5,12,26.92
2026-08-29,202608291704,17,04R,3日目以降,55.31,63.03,0.1286,0.0662,5,12,31.45
2026-08-30,202608300405,04,05R,3日目以降,46.84,61.74,0.0963,0.065,5,12,30.21
2026-08-30,202608300609,06,09R,初日,49.4,63.08,0.1068,0.0663,5,12,31.58
2026-08-30,202608301909,19,09R,2日目,53.2,68.99,0.1216,0.0638,5,12,37.39
2026-08-31,202608310410,04,10R,3日目以降,61.27,63.39,0.1521,0.067,4,12,17.84
2026-08-31,202608310611,06,11R,2日目,37.23,61.26,0.0702,0.0641,5,12,74.84
2026-08-31,202608310705,07,05R,3日目以降,57.44,65.28,0.1354,0.0674,5,12,29.33
2026-08-31,202608311812,18,12R,初日,59.24,60.92,0.1432,0.0636,5,12,32.04
2026-08-31,202608311911,19,11R,3日目以降,60.5,69.84,0.1482,0.063,5,12,34.61
2026-09-01,202609010812,08,12R,3日目以降,60.18,65.18,0.1471,0.0673,4,12,19.02
2026-09-01,202609011801,18,01R,2日目,60.13,52.11,0.1469,0.0524,4,12,10.36
2026-09-01,202609011905,19,05R,3日目以降,67.35,60.17,0.1874,0.0633,5,12,30.0
2026-09-01,202609011907,19,07R,3日目以降,63.34,67.06,0.1631,0.0662,4,12,21.76
2026-09-02,202609022207,22,07R,初日,68.6,62.72,0.1967,0.0659,5,12,32.59
