bet_hit,chain5,counter4,date,jump3,model,p,period,race,race_code,return,score,target_hit,tickets,venue
0,0.489,0.565,2026-07-19,0.884,3攻め頭,0.2551,validation,09R,202607190209,0,50.19,0,7,02
0,0.554,0.487,2026-07-19,0.801,3攻め頭,0.2761,validation,08R,202607191608,0,55.07,0,3,16
1,0.572,0.49,2026-07-19,0.785,3攻め頭,0.2743,validation,04R,202607191904,11880,56.06,1,6,19
0,0.457,0.654,2026-07-19,0.884,4刺され,0.0355,validation,01R,202607192001,0,65.35,0,20,20
0,0.658,0.548,2026-07-20,0.918,3攻め頭,0.2629,validation,11R,202607200211,0,51.85,0,16,02
0,0.796,0.657,2026-07-20,1.0,4刺され,0.036,validation,05R,202607200905,0,65.66,0,7,09
0,0.66,0.697,2026-07-20,0.858,4刺され,0.0332,validation,05R,202607201005,0,69.72,0,5,10
0,0.551,0.425,2026-07-20,0.768,3攻め頭,0.2518,validation,04R,202607201104,0,49.49,0,4,11
0,0.653,0.554,2026-07-20,0.734,3攻め頭,0.2377,validation,06R,202607201106,0,60.39,0,20,11
0,0.592,0.407,2026-07-20,0.798,3攻め頭,0.2602,validation,03R,202607201203,0,51.19,0,20,12
0,0.653,0.704,2026-07-20,0.826,4刺され,0.0334,validation,09R,202607201209,0,70.35,0,20,12
0,0.658,0.516,2026-07-20,0.966,3攻め頭,0.2597,validation,07R,202607201507,0,51.03,0,5,15
0,0.552,0.411,2026-07-20,0.794,3攻め頭,0.2516,validation,01R,202607201901,0,40.51,1,7,19
0,0.518,0.382,2026-07-20,0.908,3攻め頭,0.2728,validation,04R,202607202004,0,56.24,0,17,20
0,0.695,0.74,2026-07-20,0.884,4刺され,0.0336,validation,03R,202607202203,0,74.05,0,5,22
1,0.613,0.442,2026-07-20,0.733,3攻め頭,0.2001,validation,05R,202607202205,29700,63.88,1,12,22
0,0.615,0.595,2026-07-21,1.0,5まくり差し,0.0307,validation,02R,202607210402,0,61.48,0,12,04
0,0.516,0.762,2026-07-21,0.757,4刺され,0.0483,validation,03R,202607210403,0,76.18,1,3,04
0,0.677,0.46,2026-07-21,0.918,3攻め頭,0.2419,validation,09R,202607210909,0,59.92,0,8,09
0,0.596,0.666,2026-07-21,0.916,4刺され,0.0385,validation,02R,202607211202,0,66.63,0,20,12
0,0.573,0.384,2026-07-21,0.775,3攻め頭,0.2449,validation,04R,202607211504,0,48.67,0,17,15
0,0.621,0.484,2026-07-21,0.785,3攻め頭,0.2697,validation,02R,202607211602,0,53.41,0,16,16
0,0.744,0.633,2026-07-21,0.925,4刺され,0.0329,validation,11R,202607212011,0,63.33,0,20,20
0,0.607,0.553,2026-07-21,0.792,5まくり差し,0.0311,validation,03R,202607212303,0,60.7,0,20,23
0,0.556,0.553,2026-07-21,0.824,5まくり差し,0.0413,validation,09R,202607212309,0,55.58,0,20,23
0,0.64,0.493,2026-07-22,0.725,3攻め頭,0.2442,validation,07R,202607220907,0,48.57,0,6,09
0,0.699,0.539,2026-07-22,0.8,3攻め頭,0.2437,validation,10R,202607220910,0,59.65,0,20,09
0,0.588,0.567,2026-07-22,0.959,5まくり差し,0.0312,validation,09R,202607221309,0,58.85,0,20,13
1,0.58,0.508,2026-07-22,0.798,3攻め頭,0.2111,validation,10R,202607221410,17820,62.3,1,5,14
0,0.509,0.584,2026-07-22,0.775,3攻め頭,0.2639,validation,05R,202607221905,0,57.28,0,5,19
0,0.65,0.662,2026-07-22,0.876,4刺され,0.0373,validation,08R,202607221908,0,66.19,0,20,19
0,0.548,0.436,2026-07-22,0.775,3攻め頭,0.266,validation,05R,202607222205,0,57.04,0,20,22
0,0.48,0.412,2026-07-22,0.794,3攻め頭,0.2766,validation,09R,202607222309,0,55.3,1,4,23
0,0.55,0.476,2026-07-23,0.918,3攻め頭,0.2767,validation,07R,202607230107,0,55.44,1,5,01
1,0.61,0.544,2026-07-23,0.751,3攻め頭,0.2664,validation,01R,202607230301,35820,52.89,1,7,03
0,0.5,0.377,2026-07-23,0.756,3攻め頭,0.2598,validation,09R,202607230809,0,57.87,1,7,08
0,0.584,0.557,2026-07-23,0.865,5まくり差し,0.0318,validation,03R,202607231303,0,58.39,0,20,13
0,0.569,0.583,2026-07-23,0.794,5まくり差し,0.0354,validation,05R,202607231305,0,56.92,0,20,13
0,0.589,0.647,2026-07-23,0.835,4刺され,0.0345,validation,06R,202607231406,0,64.69,0,20,14
0,0.58,0.46,2026-07-23,0.765,3攻め頭,0.2674,validation,03R,202607231503,0,53.04,0,8,15
1,0.688,0.508,2026-07-23,0.835,3攻め頭,0.2341,validation,05R,202607231505,44400,47.54,0,4,15
0,0.5,0.445,2026-07-23,0.899,3攻め頭,0.2681,validation,02R,202607231902,0,56.78,0,4,19
0,0.435,0.451,2026-07-23,0.899,3攻め頭,0.2674,validation,03R,202607231903,0,56.88,0,12,19
1,0.663,0.547,2026-07-23,1.0,3攻め頭,0.246,validation,03R,202607232103,9420,59.33,1,7,21
0,0.537,0.462,2026-07-24,0.918,3攻め頭,0.2126,validation,07R,202607240107,0,65.33,0,5,01
0,0.606,0.506,2026-07-24,0.918,3攻め頭,0.2754,validation,06R,202607240206,0,55.91,0,7,02
0,0.506,0.421,2026-07-24,0.785,3攻め頭,0.2362,validation,11R,202607240211,0,45.41,0,15,02
0,0.699,0.658,2026-07-24,1.0,4刺され,0.0364,validation,05R,202607240305,0,65.8,0,12,03
0,0.627,0.528,2026-07-24,0.734,3攻め頭,0.2767,validation,07R,202607240307,0,55.33,0,5,03
0,0.68,0.586,2026-07-24,1.0,3攻め頭,0.255,validation,08R,202607240308,0,58.45,0,7,03
0,0.55,0.496,2026-07-24,0.733,3攻め頭,0.2032,validation,10R,202607240310,0,64.39,0,13,03
0,0.684,0.563,2026-07-24,0.867,3攻め頭,0.2643,validation,12R,202607240612,0,57.24,0,6,06
0,0.537,0.691,2026-07-24,0.741,4刺され,0.0336,validation,03R,202607240803,0,69.1,0,10,08
1,0.527,0.456,2026-07-24,0.95,3攻め頭,0.2645,validation,06R,202607241206,8640,52.46,1,6,12
0,0.57,0.365,2026-07-24,0.734,3攻め頭,0.2031,validation,05R,202607241405,0,64.38,1,6,14
0,0.643,0.313,2026-07-24,0.884,3攻め頭,0.2564,validation,01R,202607242201,0,58.31,0,20,22
0,0.695,0.484,2026-07-24,0.785,3攻め頭,0.212,validation,12R,202607242212,0,62.17,0,10,22
0,0.663,0.566,2026-07-25,0.884,3攻め頭,0.2767,validation,09R,202607250409,0,55.53,0,4,04
0,0.507,0.404,2026-07-25,1.0,3攻め頭,0.2493,validation,01R,202607251301,0,58.99,0,5,13
1,0.597,0.321,2026-07-25,0.966,3攻め頭,0.2348,validation,04R,202607251304,4860,60.67,1,4,13
0,0.596,0.604,2026-07-25,1.0,5まくり差し,0.0309,validation,09R,202607251409,0,59.64,0,20,14
0,0.436,0.51,2026-07-25,0.809,3攻め頭,0.2747,validation,05R,202607251705,0,54.35,0,6,17
0,0.578,0.531,2026-07-25,0.891,3攻め頭,0.222,validation,06R,202607251706,0,61.54,0,7,17
1,0.651,0.528,2026-07-25,0.768,3攻め頭,0.272,validation,05R,202607252105,7950,56.33,1,10,21
0,0.596,0.569,2026-07-26,0.816,5まくり差し,0.0309,validation,03R,202607260103,0,59.63,0,16,01
1,0.47,0.425,2026-07-26,0.867,3攻め頭,0.2214,validation,04R,202607260104,8000,66.19,0,6,01
0,0.557,0.382,2026-07-26,0.809,3攻め頭,0.2326,validation,04R,202607260204,0,46.09,1,7,02
0,0.689,0.376,2026-07-26,1.0,3攻め頭,0.2172,validation,08R,202607260208,0,65.81,1,3,02
0,0.551,0.489,2026-07-26,0.768,3攻め頭,0.2503,validation,11R,202607260311,0,58.9,0,7,03
0,0.438,0.345,2026-07-26,0.801,3攻め頭,0.238,validation,07R,202607260407,0,45.04,0,19,04
0,0.483,0.367,2026-07-26,0.741,3攻め頭,0.2668,validation,01R,202607261301,0,56.95,0,4,13
0,0.514,0.537,2026-07-26,0.808,3攻め頭,0.2666,validation,11R,202607262011,0,56.97,0,7,20
0,0.527,0.334,2026-07-26,0.726,3攻め頭,0.2746,validation,03R,202607262103,0,56.03,1,11,21
0,0.622,0.55,2026-07-26,0.959,5まくり差し,0.0307,validation,05R,202607262305,0,62.16,0,20,23
0,0.491,0.527,2026-07-27,0.782,3攻め頭,0.2597,validation,09R,202607270209,0,50.99,0,8,02
0,0.6,0.575,2026-07-27,0.899,5まくり差し,0.0309,validation,03R,202607270303,0,60.02,0,20,03
0,0.525,0.545,2026-07-27,0.734,3攻め頭,0.2411,validation,05R,202607270305,0,48.29,0,20,03
0,0.544,0.469,2026-07-27,0.816,3攻め頭,0.2511,validation,07R,202607270407,0,49.39,0,13,04
0,0.492,0.442,2026-07-27,0.816,3攻め頭,0.2515,validation,12R,202607270412,0,49.45,0,7,04
0,0.633,0.499,2026-07-27,0.725,3攻め頭,0.2612,validation,04R,202607270904,0,51.4,0,13,09
0,0.614,0.593,2026-07-27,0.908,5まくり差し,0.0316,validation,08R,202607270908,0,61.35,0,20,09
0,0.666,0.55,2026-07-27,0.831,3攻め頭,0.2578,validation,08R,202607271008,0,50.58,0,10,10
0,0.546,0.497,2026-07-27,0.876,3攻め頭,0.276,validation,03R,202607271203,0,55.01,0,20,12
0,0.538,0.387,2026-07-27,0.775,3攻め頭,0.2739,validation,10R,202607271210,0,54.08,0,20,12
0,0.663,0.423,2026-07-27,0.817,3攻め頭,0.2249,validation,04R,202607271404,0,61.31,1,5,14
0,0.548,0.269,2026-07-27,0.749,3攻め頭,0.218,validation,08R,202607271408,0,61.84,0,8,14
0,0.483,0.486,2026-07-27,0.732,3攻め頭,0.241,validation,03R,202607271903,0,60.03,0,5,19
0,0.421,0.621,2026-07-27,0.783,4刺され,0.0327,validation,02R,202607272002,0,62.1,0,20,20
0,0.608,0.387,2026-07-27,0.858,3攻め頭,0.2691,validation,03R,202607272003,0,56.67,0,11,20
0,0.523,0.435,2026-07-27,0.867,3攻め頭,0.2371,validation,09R,202607272009,0,60.5,0,12,20
0,0.578,0.477,2026-07-27,0.843,3攻め頭,0.252,validation,08R,202607272108,0,49.53,0,6,21
0,0.458,0.477,2026-07-28,0.741,3攻め頭,0.24,validation,10R,202607280410,0,44.8,1,4,04
0,0.545,0.598,2026-07-28,0.751,5まくり差し,0.048,validation,01R,202607280901,0,54.48,0,20,09
0,0.634,0.682,2026-07-28,0.918,4刺され,0.0345,validation,10R,202607281010,0,68.23,0,6,10
0,0.592,0.503,2026-07-28,0.783,3攻め頭,0.2595,validation,06R,202607281906,0,57.91,0,20,19
0,0.529,0.632,2026-07-28,0.726,4刺され,0.0328,validation,06R,202607282106,0,63.21,0,9,21
0,0.619,0.563,2026-07-28,0.766,5まくり差し,0.0311,validation,02R,202607282402,0,61.9,0,20,24
0,0.518,0.41,2026-07-29,0.734,3攻め頭,0.2634,validation,12R,202607290412,0,52.05,0,20,04
0,0.66,0.329,2026-07-29,0.85,3攻め頭,0.243,validation,12R,202607291012,0,59.82,0,16,10
0,0.582,0.438,2026-07-29,0.959,3攻め頭,0.201,validation,02R,202607291502,0,63.45,0,8,15
0,0.513,0.517,2026-07-29,0.835,3攻め頭,0.241,validation,05R,202607291805,0,60.03,0,20,18
0,0.589,0.578,2026-07-29,0.966,5まくり差し,0.0312,validation,07R,202607291807,0,58.88,0,20,18
0,0.547,0.554,2026-07-29,0.782,5まくり差し,0.0461,validation,01R,202607291901,0,54.72,0,20,19
0,0.559,0.433,2026-07-29,0.749,3攻め頭,0.2757,validation,12R,202607291912,0,54.8,0,20,19
0,0.661,0.652,2026-07-29,0.875,4刺され,0.0353,validation,10R,202607292010,0,65.21,0,20,20
0,0.626,0.575,2026-07-29,0.741,3攻め頭,0.2688,validation,10R,202607292310,0,53.24,0,20,23
1,0.552,0.499,2026-07-29,0.809,3攻め頭,0.2767,validation,05R,202607292405,9200,55.55,0,16,24
0,0.621,0.592,2026-07-30,0.925,5まくり差し,0.0306,validation,07R,202607300407,0,62.11,0,20,04
1,0.742,0.468,2026-07-30,0.899,3攻め頭,0.2645,validation,09R,202607301009,8280,52.49,0,14,10
0,0.563,0.414,2026-07-30,0.734,3攻め頭,0.2005,validation,12R,202607301012,0,63.72,0,20,10
0,0.542,0.637,2026-07-30,0.959,4刺され,0.0333,validation,02R,202607301502,0,63.75,0,20,15
0,0.611,0.501,2026-07-30,0.732,3攻め頭,0.2547,validation,05R,202607301505,0,49.97,0,13,15
0,0.532,0.617,2026-07-30,0.766,4刺され,0.0333,validation,11R,202607301611,0,61.68,0,20,16
0,0.624,0.528,2026-07-30,0.809,3攻め頭,0.2082,validation,12R,202607301612,0,62.57,0,5,16
0,0.579,0.506,2026-07-30,0.809,3攻め頭,0.2749,validation,08R,202607301908,0,54.42,0,8,19
0,0.723,0.515,2026-07-30,0.908,3攻め頭,0.2621,validation,09R,202607302209,0,51.69,0,20,22
0,0.536,0.374,2026-07-30,0.757,3攻め頭,0.2758,validation,03R,202607302403,0,54.84,0,11,24
0,0.48,0.487,2026-07-31,0.807,3攻め頭,0.2692,validation,07R,202607310107,0,56.65,0,2,01
0,0.685,0.582,2026-07-31,1.0,3攻め頭,0.2434,validation,04R,202607310504,0,59.74,1,5,05
0,0.58,0.568,2026-07-31,0.816,5まくり差し,0.0325,validation,03R,202607310603,0,58.03,0,20,06
0,0.624,0.445,2026-07-31,1.0,3攻め頭,0.2477,validation,03R,202607310803,0,59.15,0,12,08
0,0.623,0.493,2026-07-31,0.741,3攻め頭,0.2322,validation,07R,202607310807,0,46.26,0,14,08
0,0.781,0.679,2026-07-31,1.0,4刺され,0.0355,validation,07R,202607311007,0,67.9,0,10,10
0,0.618,0.574,2026-07-31,0.816,5まくり差し,0.0308,validation,11R,202607311011,0,61.76,0,20,10
0,0.569,0.635,2026-07-31,0.918,4刺され,0.0331,validation,10R,202607311510,0,63.55,0,7,15
0,0.56,0.524,2026-07-31,0.775,3攻め頭,0.2633,validation,06R,202607312006,0,51.99,0,17,20
0,0.541,0.469,2026-07-31,0.743,3攻め頭,0.2476,validation,10R,202607312010,0,59.16,0,7,20
1,0.604,0.527,2026-07-31,0.876,3攻め頭,0.2753,validation,11R,202607312011,24050,54.56,1,14,20
0,0.634,0.649,2026-07-31,0.891,4刺され,0.0348,validation,06R,202607312206,0,64.93,0,20,22
0,0.484,0.396,2026-07-31,0.768,3攻め頭,0.201,validation,10R,202607312310,0,64.15,0,8,23
0,0.499,0.507,2026-07-31,0.899,3攻め頭,0.2398,validation,01R,202607312401,0,48.11,0,20,24
0,0.458,0.479,2026-08-01,0.734,3攻め頭,0.2637,validation,07R,202608010107,0,57.32,1,3,01
0,0.605,0.681,2026-08-01,0.723,4刺され,0.035,validation,02R,202608010502,0,68.08,0,10,05
0,0.619,0.487,2026-08-01,0.741,3攻め頭,0.2272,validation,03R,202608010603,0,61.21,0,8,06
1,0.698,0.785,2026-08-01,0.908,4刺され,0.0629,validation,07R,202608010607,52080,78.54,1,7,06
0,0.653,0.437,2026-08-01,0.858,3攻め頭,0.2481,validation,11R,202608010811,0,59.11,0,14,08
0,0.502,0.649,2026-08-01,0.783,4刺され,0.0348,validation,01R,202608011301,0,64.91,0,20,13
0,0.642,0.539,2026-08-01,0.925,3攻め頭,0.2561,validation,04R,202608011504,0,50.33,0,15,15
0,0.655,0.434,2026-08-01,0.794,3攻め頭,0.2675,validation,09R,202608011509,0,56.83,0,7,15
0,0.513,0.709,2026-08-01,0.749,4刺され,0.0335,validation,02R,202608011602,0,70.88,0,6,16
0,0.524,0.486,2026-08-01,0.867,3攻め頭,0.2617,validation,02R,202608011802,0,51.49,0,8,18
0,0.547,0.441,2026-08-02,0.773,3攻め頭,0.2319,validation,05R,202608020105,0,46.71,1,9,01
0,0.745,0.566,2026-08-02,0.824,3攻め頭,0.2562,validation,05R,202608020505,0,50.35,0,11,05
0,0.597,0.452,2026-08-02,0.824,3攻め頭,0.2432,validation,03R,202608020603,0,59.79,0,10,06
1,0.77,0.646,2026-08-02,1.0,4刺され,0.0344,validation,12R,202608022112,18100,64.59,1,14,21
0,0.522,0.714,2026-08-02,0.756,4刺され,0.0335,validation,02R,202608022202,0,71.38,0,5,22
0,0.6,0.665,2026-08-02,0.725,4刺され,0.0381,validation,04R,202608022204,0,66.47,0,11,22
0,0.409,0.375,2026-08-03,0.85,3攻め頭,0.2618,latest_month,02R,202608030102,0,57.61,0,13,01
0,0.609,0.549,2026-08-03,0.743,5まくり差し,0.0313,latest_month,04R,202608030104,0,60.93,0,13,01
0,0.558,0.556,2026-08-03,0.798,5まくり差し,0.0403,latest_month,01R,202608030501,0,55.76,0,20,05
0,0.637,0.589,2026-08-03,0.959,3攻め頭,0.223,latest_month,07R,202608031907,0,61.45,1,6,19
0,0.568,0.527,2026-08-03,0.766,3攻め頭,0.2674,latest_month,11R,202608031911,0,56.88,1,7,19
0,0.683,0.556,2026-08-03,0.918,3攻め頭,0.2751,latest_month,03R,202608032103,0,54.48,0,5,21
0,0.753,0.472,2026-08-03,0.899,3攻め頭,0.2763,latest_month,04R,202608032104,0,55.14,0,20,21
0,0.532,0.632,2026-08-04,0.768,4刺され,0.0328,latest_month,03R,202608040103,0,63.21,0,7,01
0,0.607,0.479,2026-08-04,0.816,3攻め頭,0.2347,latest_month,07R,202608040407,0,47.62,0,14,04
1,0.594,0.393,2026-08-04,0.766,3攻め頭,0.2113,latest_month,01R,202608040601,20200,62.29,1,7,06
0,0.533,0.437,2026-08-04,0.816,3攻め頭,0.2637,latest_month,03R,202608040803,0,52.16,0,11,08
0,0.516,0.493,2026-08-04,0.725,3攻め頭,0.2062,latest_month,03R,202608041003,0,62.84,1,3,10
0,0.668,0.547,2026-08-04,0.833,3攻め頭,0.2514,latest_month,06R,202608041006,0,49.43,0,15,10
0,0.623,0.582,2026-08-04,0.85,3攻め頭,0.2546,latest_month,09R,202608041009,0,49.95,0,5,10
0,0.598,0.512,2026-08-04,0.858,3攻め頭,0.2408,latest_month,11R,202608041011,0,48.23,0,15,10
0,0.628,0.533,2026-08-04,1.0,3攻め頭,0.2569,latest_month,08R,202608042108,0,58.24,1,4,21
0,0.534,0.58,2026-08-05,0.959,5まくり差し,0.0553,latest_month,04R,202608050104,0,53.4,0,20,01
0,0.613,0.786,2026-08-05,0.858,4刺され,0.0634,latest_month,04R,202608050404,0,78.62,0,17,04
0,0.646,0.7,2026-08-05,0.884,4刺され,0.0333,latest_month,04R,202608051004,0,69.95,0,20,10
0,0.586,0.617,2026-08-05,0.747,4刺され,0.0333,latest_month,10R,202608051010,0,61.68,1,4,10
1,0.525,0.505,2026-08-05,0.858,3攻め頭,0.253,latest_month,07R,202608051707,12040,58.65,1,6,17
1,0.543,0.475,2026-08-05,0.816,3攻め頭,0.2494,latest_month,09R,202608051709,39200,58.98,1,9,17
0,0.546,0.601,2026-08-05,0.884,5まくり差し,0.0468,latest_month,03R,202608051903,0,54.62,0,20,19
0,0.631,0.597,2026-08-06,0.876,3攻め頭,0.2634,latest_month,03R,202608060203,0,57.36,0,9,02
0,0.677,0.593,2026-08-06,0.824,3攻め頭,0.2655,latest_month,06R,202608060906,0,52.69,0,7,09
0,0.636,0.624,2026-08-06,0.785,4刺され,0.0325,latest_month,02R,202608061202,0,62.39,0,20,12
0,0.551,0.341,2026-08-06,0.959,3攻め頭,0.2011,latest_month,07R,202608061207,0,63.49,0,8,12
0,0.494,0.427,2026-08-06,0.775,3攻め頭,0.2696,latest_month,02R,202608061402,0,53.38,0,5,14
0,0.521,0.427,2026-08-06,0.807,3攻め頭,0.2005,latest_month,07R,202608061407,0,64.18,0,4,14
0,0.57,0.247,2026-08-06,0.959,3攻め頭,0.2215,latest_month,03R,202608061703,0,66.28,1,5,17
1,0.544,0.433,2026-08-06,0.817,3攻め頭,0.2062,latest_month,06R,202608061706,13490,62.86,1,5,17
0,0.782,0.546,2026-08-06,0.95,3攻め頭,0.259,latest_month,05R,202608061805,0,50.86,0,9,18
0,0.53,0.491,2026-08-06,0.817,3攻め頭,0.2695,latest_month,06R,202608061806,0,53.37,0,20,18
0,0.606,0.604,2026-08-06,0.808,5まくり差し,0.0311,latest_month,06R,202608062406,0,60.63,0,20,24
0,0.605,0.457,2026-08-07,0.725,3攻め頭,0.2218,latest_month,04R,202608070404,0,66.3,0,6,04
0,0.574,0.388,2026-08-07,0.775,3攻め頭,0.2528,latest_month,06R,202608071006,0,49.66,0,5,10
1,0.471,0.261,2026-08-07,0.753,3攻め頭,0.2438,latest_month,10R,202608071010,18000,59.66,1,5,10
0,0.482,0.512,2026-08-07,0.918,3攻め頭,0.2569,latest_month,03R,202608071203,0,50.44,0,5,12
0,0.662,0.411,2026-08-07,0.768,3攻め頭,0.205,latest_month,09R,202608071209,0,62.9,0,5,12
1,0.614,0.405,2026-08-07,0.966,3攻め頭,0.2643,latest_month,06R,202608071406,17610,57.24,1,13,14
0,0.599,0.377,2026-08-07,0.835,3攻め頭,0.2375,latest_month,01R,202608071801,0,47.89,0,20,18
0,0.585,0.55,2026-08-07,1.0,5まくり差し,0.0317,latest_month,01R,202608071901,0,58.48,0,20,19
0,0.49,0.397,2026-08-07,0.757,3攻め頭,0.2669,latest_month,05R,202608071905,0,56.93,0,5,19
0,0.594,0.405,2026-08-08,0.79,3攻め頭,0.2479,latest_month,08R,202608080208,0,59.13,0,7,02
0,0.553,0.563,2026-08-08,0.809,5まくり差し,0.0425,latest_month,03R,202608080903,0,55.33,0,20,09
0,0.578,0.64,2026-08-08,0.726,4刺され,0.0336,latest_month,03R,202608081403,0,64.02,0,8,14
1,0.576,0.677,2026-08-08,0.891,4刺され,0.0361,latest_month,02R,202608081602,40180,67.73,0,20,16
0,0.633,0.506,2026-08-08,0.918,3攻め頭,0.2751,latest_month,08R,202608081608,0,54.49,0,7,16
1,0.488,0.531,2026-08-08,0.835,3攻め頭,0.2654,latest_month,02R,202608081902,19980,52.65,1,5,19
0,0.549,0.419,2026-08-08,0.891,3攻め頭,0.2706,latest_month,02R,202608082002,0,56.49,0,5,20
0,0.529,0.396,2026-08-09,0.734,3攻め頭,0.2323,latest_month,11R,202608090211,0,45.92,0,9,02
0,0.598,0.583,2026-08-09,0.849,5まくり差し,0.0309,latest_month,03R,202608090303,0,59.8,0,20,03
0,0.664,0.635,2026-08-09,1.0,4刺され,0.0331,latest_month,07R,202608090307,0,63.51,0,6,03
1,0.484,0.52,2026-08-09,0.766,3攻め頭,0.2137,latest_month,02R,202608091402,35420,62.05,1,10,14
0,0.589,0.575,2026-08-09,0.85,5まくり差し,0.0312,latest_month,08R,202608091608,0,58.91,0,20,16
0,0.551,0.531,2026-08-09,0.841,3攻め頭,0.2638,latest_month,07R,202608092307,0,57.3,0,5,23
1,0.649,0.625,2026-08-10,0.918,4刺され,0.0325,latest_month,02R,202608100302,20370,62.52,0,10,03
0,0.532,0.478,2026-08-10,0.734,3攻め頭,0.2726,latest_month,04R,202608100304,0,56.27,0,9,03
0,0.584,0.561,2026-08-10,0.809,5まくり差し,0.0318,latest_month,05R,202608100305,0,58.38,0,20,03
0,0.616,0.473,2026-08-10,0.826,3攻め頭,0.265,latest_month,03R,202608100503,0,52.54,1,5,05
0,0.602,0.425,2026-08-10,0.734,3攻め頭,0.2193,latest_month,12R,202608100512,0,61.73,1,3,05
0,0.494,0.763,2026-08-10,0.743,4刺され,0.0497,latest_month,09R,202608101309,0,76.29,0,20,13
0,0.549,0.434,2026-08-10,0.848,3攻め頭,0.2577,latest_month,05R,202608101405,0,58.12,0,4,14
0,0.655,0.55,2026-08-10,0.925,3攻め頭,0.2639,latest_month,04R,202608101604,0,52.26,0,9,16
0,0.621,0.452,2026-08-10,0.959,3攻め頭,0.2738,latest_month,01R,202608101801,0,54.03,0,20,18
0,0.686,0.542,2026-08-10,0.775,3攻め頭,0.2762,latest_month,05R,202608102105,0,55.08,0,20,21
0,0.709,0.822,2026-08-10,0.758,4刺され,0.083,latest_month,12R,202608102112,0,82.23,0,20,21
0,0.526,0.426,2026-08-10,0.841,3攻め頭,0.2091,latest_month,07R,202608102307,0,62.53,0,5,23
0,0.62,0.527,2026-08-11,0.959,3攻め頭,0.2639,latest_month,02R,202608110102,0,52.23,0,19,01
0,0.584,0.527,2026-08-11,0.741,3攻め頭,0.2603,latest_month,04R,202608110104,0,51.16,0,7,01
0,0.587,0.649,2026-08-11,0.843,4刺され,0.0347,latest_month,07R,202608110407,0,64.86,0,20,04
0,0.514,0.529,2026-08-11,0.865,3攻め頭,0.2639,latest_month,08R,202608110508,0,52.24,1,7,05
0,0.503,0.507,2026-08-11,0.734,3攻め頭,0.2041,latest_month,09R,202608110509,0,63.01,0,7,05
1,0.57,0.531,2026-08-11,0.757,3攻め頭,0.2107,latest_month,07R,202608110707,25560,62.4,0,5,07
0,0.54,0.512,2026-08-11,0.826,3攻め頭,0.2743,latest_month,09R,202608110809,0,54.21,1,5,08
0,0.709,0.614,2026-08-11,0.899,4刺され,0.0338,latest_month,03R,202608111903,0,61.43,0,13,19
0,0.431,0.495,2026-08-11,0.835,3攻め頭,0.2761,latest_month,08R,202608111908,0,55.06,0,6,19
0,0.541,0.636,2026-08-11,0.807,4刺され,0.0331,latest_month,07R,202608112107,0,63.57,0,20,21
1,0.487,0.333,2026-08-12,0.831,3攻め頭,0.2585,latest_month,01R,202608120101,21750,50.76,0,19,01
0,0.607,0.459,2026-08-12,0.826,3攻め頭,0.2375,latest_month,07R,202608120107,0,60.4,0,3,01
1,0.639,0.572,2026-08-12,0.966,3攻め頭,0.2597,latest_month,04R,202608120204,6350,57.89,1,9,02
0,0.564,0.531,2026-08-12,0.753,3攻め頭,0.2498,latest_month,07R,202608120407,0,42.08,1,7,04
0,0.537,0.384,2026-08-12,0.741,3攻め頭,0.2343,latest_month,03R,202608120603,0,47.49,0,16,06
0,0.598,0.639,2026-08-12,0.876,4刺され,0.0335,latest_month,02R,202608120702,0,63.93,0,20,07
1,0.68,0.622,2026-08-12,0.775,4刺され,0.0326,latest_month,08R,202608120708,12300,62.2,0,5,07
0,0.49,0.453,2026-08-12,0.816,3攻め頭,0.2473,latest_month,07R,202608120807,0,48.89,0,10,08
0,0.666,0.511,2026-08-12,0.858,3攻め頭,0.2561,latest_month,12R,202608120812,0,58.35,0,4,08
0,0.621,0.342,2026-08-12,0.726,3攻め頭,0.2493,latest_month,12R,202608121312,0,68.9,0,20,13
0,0.604,0.564,2026-08-12,0.843,5まくり差し,0.0309,latest_month,02R,202608121902,0,60.37,0,20,19
0,0.609,0.547,2026-08-12,0.741,3攻め頭,0.2765,latest_month,12R,202608122112,0,55.24,0,20,21
0,0.547,0.452,2026-08-12,0.775,3攻め頭,0.2029,latest_month,02R,202608122302,0,63.32,0,4,23
0,0.574,0.813,2026-08-12,0.95,4刺され,0.0782,latest_month,06R,202608122306,0,81.26,0,5,23
0,0.581,0.354,2026-08-12,0.752,3攻め頭,0.2415,latest_month,07R,202608122307,0,59.93,1,4,23
0,0.598,0.5,2026-08-14,0.95,3攻め頭,0.2674,latest_month,03R,202608140403,0,56.88,0,6,04
0,0.58,0.557,2026-08-14,0.824,5まくり差し,0.0326,latest_month,02R,202608140602,0,57.96,0,20,06
0,0.56,0.557,2026-08-14,0.876,5まくり差し,0.0394,latest_month,07R,202608141007,0,55.97,0,20,10
1,0.617,0.624,2026-08-14,0.899,4刺され,0.0325,latest_month,09R,202608141009,26360,62.43,0,20,10
1,0.511,0.503,2026-08-14,0.794,3攻め頭,0.2477,latest_month,03R,202608141903,12920,48.99,1,16,19
0,0.708,0.569,2026-08-14,1.0,3攻め頭,0.276,latest_month,03R,202608142103,0,54.96,0,6,21
0,0.606,0.569,2026-08-14,0.775,5まくり差し,0.0311,latest_month,04R,202608142104,0,60.6,0,20,21
0,0.507,0.5,2026-08-14,0.733,3攻め頭,0.2613,latest_month,03R,202608142203,0,57.68,1,4,22
0,0.598,0.602,2026-08-14,0.798,5まくり差し,0.0309,latest_month,04R,202608142404,0,59.82,0,20,24
0,0.736,0.558,2026-08-15,0.908,3攻め頭,0.2592,latest_month,03R,202608150303,0,50.9,0,11,03
0,0.473,0.478,2026-08-15,0.775,3攻め頭,0.2603,latest_month,09R,202608150309,0,51.14,0,6,03
0,0.593,0.579,2026-08-15,0.775,5まくり差し,0.031,latest_month,04R,202608150404,0,59.29,0,10,04
0,0.6,0.494,2026-08-15,0.742,3攻め頭,0.24,latest_month,05R,202608150505,0,44.76,0,7,05
0,0.719,0.471,2026-08-15,0.95,3攻め頭,0.2011,latest_month,06R,202608150506,0,63.46,0,7,05
0,0.796,0.504,2026-08-15,1.0,3攻め頭,0.2442,latest_month,02R,202608150602,0,59.57,0,7,06
1,0.5,0.47,2026-08-15,0.741,3攻め頭,0.2403,latest_month,06R,202608151006,14630,60.19,1,6,10
0,0.642,0.648,2026-08-15,0.817,4刺され,0.0347,latest_month,10R,202608151010,0,64.84,0,5,10
1,0.722,0.542,2026-08-15,0.891,3攻め頭,0.2694,latest_month,07R,202608151107,31920,53.34,0,9,11
0,0.448,0.384,2026-08-15,0.749,3攻め頭,0.2645,latest_month,02R,202608151202,0,52.36,0,20,12
0,0.536,0.477,2026-08-15,0.775,3攻め頭,0.1996,latest_month,03R,202608151203,0,63.67,0,5,12
0,0.622,0.51,2026-08-15,0.816,3攻め頭,0.2364,latest_month,10R,202608151710,0,60.55,0,20,17
0,0.5,0.435,2026-08-15,0.835,3攻め頭,0.2599,latest_month,04R,202608151904,0,57.84,0,17,19
0,0.668,0.482,2026-08-15,0.741,3攻め頭,0.2569,latest_month,10R,202608152110,0,50.44,0,14,21
0,0.58,0.548,2026-08-15,1.0,5まくり差し,0.0326,latest_month,05R,202608152405,0,57.96,0,20,24
1,0.58,0.424,2026-08-16,0.891,3攻め頭,0.269,latest_month,02R,202608160102,25000,56.68,0,15,01
0,0.579,0.655,2026-08-16,0.794,4刺され,0.0356,latest_month,04R,202608160104,0,65.46,0,16,01
0,0.675,0.578,2026-08-16,0.775,3攻め頭,0.2325,latest_month,04R,202608160504,0,47.39,1,5,05
0,0.507,0.464,2026-08-16,0.734,3攻め頭,0.2638,latest_month,05R,202608160605,0,57.3,0,12,06
0,0.583,0.426,2026-08-16,0.726,3攻め頭,0.2401,latest_month,04R,202608161004,0,44.7,0,6,10
0,0.668,0.555,2026-08-16,0.857,3攻め頭,0.2659,latest_month,03R,202608161203,0,52.78,0,16,12
0,0.664,0.629,2026-08-16,0.766,4刺され,0.0326,latest_month,02R,202608161802,0,62.86,0,11,18
0,0.541,0.658,2026-08-16,0.775,4刺され,0.0363,latest_month,05R,202608162205,0,65.78,1,8,22
0,0.595,0.713,2026-08-17,0.882,4刺され,0.0335,latest_month,07R,202608170507,0,71.26,0,6,05
0,0.653,0.672,2026-08-17,1.0,4刺され,0.038,latest_month,03R,202608171503,0,67.18,0,14,15
0,0.583,0.504,2026-08-17,0.783,3攻め頭,0.2634,latest_month,04R,202608171704,0,52.05,0,13,17
0,0.617,0.616,2026-08-17,0.726,4刺され,0.0335,latest_month,12R,202608171712,0,61.58,0,11,17
0,0.713,0.326,2026-08-17,0.858,3攻め頭,0.2485,latest_month,06R,202608171806,0,59.06,0,6,18
0,0.531,0.471,2026-08-18,0.756,3攻め頭,0.2703,latest_month,01R,202608180501,0,56.53,0,8,05
0,0.793,0.565,2026-08-18,0.959,3攻め頭,0.2738,latest_month,04R,202608180504,0,54.0,0,7,05
0,0.605,0.436,2026-08-18,0.742,3攻め頭,0.2614,latest_month,06R,202608180506,0,57.68,0,5,05
0,0.685,0.637,2026-08-18,0.792,4刺され,0.0333,latest_month,01R,202608181101,0,63.73,0,5,11
0,0.619,0.634,2026-08-18,0.816,4刺され,0.0329,latest_month,03R,202608181103,0,63.36,0,4,11
0,0.537,0.459,2026-08-18,0.876,3攻め頭,0.2761,latest_month,01R,202608181301,0,55.05,0,6,13
1,0.561,0.504,2026-08-18,0.966,3攻め頭,0.245,latest_month,07R,202608181507,7470,59.45,1,6,15
0,0.483,0.473,2026-08-18,0.794,3攻め頭,0.2607,latest_month,08R,202608181608,0,57.77,0,8,16
0,0.606,0.625,2026-08-18,0.876,4刺され,0.0325,latest_month,09R,202608181609,0,62.51,0,5,16
0,0.704,0.586,2026-08-18,0.891,3攻め頭,0.2549,latest_month,11R,202608181611,0,50.06,0,20,16
0,0.642,0.573,2026-08-18,0.749,3攻め頭,0.268,latest_month,12R,202608181612,0,56.79,0,18,16
0,0.578,0.63,2026-08-18,0.843,4刺され,0.0327,latest_month,02R,202608181702,0,62.96,0,20,17
1,0.665,0.715,2026-08-18,0.918,4刺され,0.0335,latest_month,11R,202608181811,14340,71.52,1,5,18
1,0.525,0.386,2026-08-18,0.891,3攻め頭,0.225,latest_month,01R,202608182001,6120,61.31,1,5,20
0,0.649,0.559,2026-08-18,0.809,3攻め頭,0.2668,latest_month,02R,202608182002,0,52.95,0,7,20
0,0.599,0.399,2026-08-19,0.809,3攻め頭,0.2308,latest_month,02R,202608191302,0,60.98,1,5,13
0,0.614,0.588,2026-08-19,0.741,5まくり差し,0.0316,latest_month,09R,202608191509,0,61.4,0,18,15
0,0.583,0.413,2026-08-19,0.816,3攻め頭,0.2767,latest_month,06R,202608191606,0,55.56,1,7,16
0,0.475,0.317,2026-08-19,0.785,3攻め頭,0.2574,latest_month,08R,202608191608,0,58.16,1,8,16
0,0.672,0.701,2026-08-19,1.0,4刺され,0.0334,latest_month,05R,202608191805,0,70.09,0,20,18
1,0.622,0.414,2026-08-19,0.809,3攻め頭,0.2318,latest_month,06R,202608191806,8190,47.19,0,7,18
0,0.393,0.29,2026-08-19,0.743,3攻め頭,0.2761,latest_month,08R,202608191808,0,55.05,0,20,18
0,0.47,0.523,2026-08-20,0.741,3攻め頭,0.2459,latest_month,04R,202608200404,0,43.46,0,20,04
0,0.559,0.488,2026-08-20,0.8,3攻め頭,0.2506,latest_month,07R,202608200407,0,49.32,0,5,04
0,0.556,0.457,2026-08-20,0.76,3攻め頭,0.2344,latest_month,07R,202608201107,0,45.5,0,7,11
0,0.703,0.436,2026-08-20,1.0,3攻め頭,0.2006,latest_month,04R,202608201504,0,63.55,0,5,15
0,0.523,0.624,2026-08-20,0.918,4刺され,0.0325,latest_month,02R,202608201902,0,62.45,0,20,19
0,0.573,0.571,2026-08-20,0.79,5まくり差し,0.0342,latest_month,04R,202608202304,0,57.32,0,20,23
0,0.625,0.553,2026-08-21,0.734,3攻め頭,0.2501,latest_month,04R,202608210204,0,41.5,0,15,02
0,0.636,0.517,2026-08-21,0.876,3攻め頭,0.2656,latest_month,04R,202608210304,0,52.72,0,9,03
0,0.577,0.545,2026-08-21,0.884,3攻め頭,0.2615,latest_month,01R,202608210401,0,51.52,0,12,04
1,0.594,0.5,2026-08-21,1.0,3攻め頭,0.2599,latest_month,06R,202608210406,13300,51.07,1,6,04
0,0.51,0.529,2026-08-21,0.865,3攻め頭,0.255,latest_month,05R,202608210705,0,50.2,0,15,07
0,0.642,0.558,2026-08-21,0.792,3攻め頭,0.2427,latest_month,12R,202608210712,0,59.87,0,20,07
1,0.503,0.489,2026-08-21,0.766,3攻め頭,0.2029,latest_month,01R,202608211301,30100,63.32,1,4,13
0,0.693,0.729,2026-08-21,0.809,4刺され,0.0333,latest_month,04R,202608211904,0,72.91,0,6,19
0,0.571,0.69,2026-08-21,0.917,4刺され,0.0336,latest_month,03R,202608212303,0,69.05,0,20,23
0,0.608,0.579,2026-08-21,0.749,5まくり差し,0.0312,latest_month,12R,202608212312,0,60.79,0,20,23
0,0.492,0.521,2026-08-21,0.884,3攻め頭,0.261,latest_month,09R,202608212409,0,57.73,0,6,24
0,0.563,0.599,2026-08-22,0.775,5まくり差し,0.0377,latest_month,01R,202608220201,0,56.34,0,20,02
0,0.7,0.686,2026-08-22,0.876,4刺され,0.0342,latest_month,05R,202608220405,0,68.55,0,3,04
0,0.509,0.28,2026-08-22,0.801,3攻め頭,0.2112,latest_month,07R,202608220407,0,65.23,0,6,04
0,0.677,0.443,2026-08-22,0.831,3攻め頭,0.2474,latest_month,09R,202608220409,0,59.18,1,13,04
0,0.581,0.594,2026-08-22,0.858,5まくり差し,0.0324,latest_month,08R,202608220608,0,58.07,0,20,06
0,0.569,0.518,2026-08-22,0.775,3攻め頭,0.253,latest_month,10R,202608222010,0,49.69,0,20,20
0,0.597,0.564,2026-08-22,0.751,5まくり差し,0.0309,latest_month,02R,202608222202,0,59.74,0,20,22
0,0.476,0.465,2026-08-23,0.734,3攻め頭,0.2516,latest_month,02R,202608230202,0,40.57,0,14,02
1,0.743,0.57,2026-08-23,1.0,3攻め頭,0.2514,latest_month,03R,202608230303,14240,58.8,1,14,03
0,0.553,0.448,2026-08-23,0.816,3攻め頭,0.2599,latest_month,01R,202608230401,0,57.84,0,6,04
0,0.565,0.558,2026-08-23,0.741,5まくり差し,0.0372,latest_month,02R,202608230402,0,56.48,0,20,04
1,0.62,0.372,2026-08-23,0.966,3攻め頭,0.2665,latest_month,07R,202608230707,17400,56.98,1,17,07
1,0.595,0.542,2026-08-23,1.0,3攻め頭,0.2662,latest_month,09R,202608231809,13280,52.83,1,7,18
0,0.554,0.376,2026-08-23,0.85,3攻め頭,0.2576,latest_month,02R,202608232302,0,58.13,0,4,23
0,0.558,0.533,2026-08-24,0.792,3攻め頭,0.2538,latest_month,02R,202608240302,0,49.88,0,5,03
0,0.633,0.5,2026-08-24,0.809,3攻め頭,0.2485,latest_month,03R,202608240603,0,49.07,1,8,06
0,0.471,0.565,2026-08-24,0.726,3攻め頭,0.2686,latest_month,10R,202608240610,0,56.72,0,6,06
0,0.434,0.316,2026-08-24,0.918,3攻め頭,0.2414,latest_month,08R,202608240708,0,59.97,0,5,07
1,0.491,0.532,2026-08-24,0.741,3攻め頭,0.2728,latest_month,06R,202608241006,28260,56.24,0,12,10
1,0.497,0.385,2026-08-24,0.891,3攻め頭,0.2762,latest_month,10R,202608241810,39490,55.11,0,5,18
0,0.568,0.397,2026-08-24,0.725,3攻め頭,0.2572,latest_month,11R,202608241811,0,58.2,0,6,18
0,0.65,0.494,2026-08-24,0.756,3攻め頭,0.258,latest_month,06R,202608241906,0,58.08,0,20,19
1,0.513,0.341,2026-08-24,0.876,3攻め頭,0.266,latest_month,03R,202608242003,7770,57.04,0,6,20
0,0.78,0.669,2026-08-24,0.842,4刺され,0.0385,latest_month,04R,202608242004,0,66.91,0,20,20
0,0.539,0.483,2026-08-24,0.858,3攻め頭,0.2564,latest_month,07R,202608242207,0,58.32,0,7,22
0,0.549,0.586,2026-08-24,0.753,5まくり差し,0.045,latest_month,08R,202608242208,0,54.89,0,20,22
0,0.639,0.609,2026-08-25,0.865,3攻め頭,0.2668,latest_month,05R,202608250305,0,52.95,0,20,03
0,0.515,0.584,2026-08-25,0.798,3攻め頭,0.2672,latest_month,09R,202608251009,0,53.01,0,6,10
0,0.632,0.519,2026-08-25,0.766,3攻め頭,0.2611,latest_month,11R,202608251011,0,57.71,0,8,10
0,0.627,0.642,2026-08-25,0.959,4刺され,0.0338,latest_month,01R,202608251301,0,64.18,0,20,13
0,0.6,0.466,2026-08-25,0.766,3攻め頭,0.2481,latest_month,03R,202608251503,0,49.03,0,7,15
1,0.528,0.517,2026-08-25,0.734,3攻め頭,0.2678,latest_month,08R,202608251508,45010,53.11,1,20,15
1,0.602,0.53,2026-08-25,0.732,3攻め頭,0.2723,latest_month,02R,202608251702,22220,56.3,1,5,17
0,0.63,0.552,2026-08-26,0.899,3攻め頭,0.2651,latest_month,10R,202608260310,0,52.57,0,10,03
0,0.586,0.323,2026-08-26,0.775,3攻め頭,0.2151,latest_month,06R,202608260606,0,65.59,0,4,06
0,0.656,0.56,2026-08-26,0.959,3攻め頭,0.2653,latest_month,07R,202608260807,0,52.63,0,7,08
0,0.558,0.415,2026-08-26,0.966,3攻め頭,0.2374,latest_month,04R,202608260904,0,60.43,0,6,09
0,0.602,0.41,2026-08-26,0.876,3攻め頭,0.2028,latest_month,09R,202608260909,0,63.34,0,9,09
0,0.47,0.284,2026-08-26,0.865,3攻め頭,0.2004,latest_month,01R,202608261301,0,63.72,0,3,13
0,0.538,0.477,2026-08-26,0.817,3攻め頭,0.2737,latest_month,03R,202608261503,0,53.99,0,5,15
0,0.544,0.58,2026-08-26,0.824,5まくり差し,0.0489,latest_month,07R,202608261507,0,54.36,0,20,15
0,0.507,0.579,2026-08-26,0.848,3攻め頭,0.2727,latest_month,06R,202608261706,0,53.82,0,8,17
0,0.519,0.613,2026-08-26,0.775,4刺され,0.0342,latest_month,12R,202608262212,0,61.27,0,20,22
0,0.613,0.541,2026-08-27,0.743,3攻め頭,0.2652,latest_month,11R,202608270911,0,57.13,0,12,09
0,0.443,0.416,2026-08-27,0.734,3攻め頭,0.2411,latest_month,04R,202608271004,0,60.01,0,14,10
0,0.489,0.392,2026-08-27,0.8,3攻め頭,0.2739,latest_month,01R,202608271301,0,56.12,1,6,13
1,0.654,0.781,2026-08-27,0.732,4刺され,0.0601,latest_month,05R,202608271305,15240,78.11,0,8,13
1,0.708,0.708,2026-08-27,1.0,4刺され,0.0335,latest_month,10R,202608271410,17450,70.84,0,12,14
0,0.777,0.522,2026-08-27,0.908,3攻め頭,0.2645,latest_month,11R,202608271511,0,57.22,0,20,15
0,0.611,0.419,2026-08-28,0.918,3攻め頭,0.2746,latest_month,03R,202608280703,0,54.34,1,10,07
0,0.566,0.474,2026-08-28,0.876,3攻め頭,0.2707,latest_month,04R,202608280704,0,56.48,0,10,07
0,0.631,0.413,2026-08-28,0.809,3攻め頭,0.2193,latest_month,03R,202608280903,0,61.71,1,12,09
0,0.679,0.662,2026-08-28,1.0,4刺され,0.0375,latest_month,02R,202608281302,0,66.24,0,20,13
0,0.434,0.455,2026-08-28,0.749,3攻め頭,0.2392,latest_month,03R,202608282303,0,60.26,0,2,23
1,0.559,0.527,2026-08-28,0.809,3攻め頭,0.2599,latest_month,10R,202608282310,8400,51.05,1,14,23
0,0.732,0.502,2026-08-29,0.933,3攻め頭,0.2364,latest_month,07R,202608290407,0,47.81,0,9,04
0,0.555,0.66,2026-08-29,0.832,4刺され,0.0367,latest_month,03R,202608290503,0,65.96,0,16,05
0,0.587,0.327,2026-08-29,0.748,3攻め頭,0.2421,latest_month,03R,202608290903,0,59.89,0,8,09
0,0.458,0.514,2026-08-29,0.734,3攻め頭,0.2761,latest_month,10R,202608291110,0,55.04,0,18,11
0,0.493,0.418,2026-08-29,0.882,3攻め頭,0.2764,latest_month,09R,202608291409,0,55.18,0,7,14
0,0.641,0.608,2026-08-29,0.959,3攻め頭,0.2517,latest_month,03R,202608291903,0,49.48,0,6,19
0,0.502,0.421,2026-08-29,0.833,3攻め頭,0.2493,latest_month,09R,202608292309,0,58.98,0,7,23
0,0.49,0.356,2026-08-30,0.749,3攻め頭,0.2645,latest_month,10R,202608300610,0,52.46,1,13,06
0,0.514,0.359,2026-08-30,0.815,3攻め頭,0.2501,latest_month,05R,202608300705,0,58.92,0,6,07
0,0.638,0.696,2026-08-30,0.817,4刺され,0.0332,latest_month,07R,202608300707,0,69.57,0,20,07
1,0.694,0.558,2026-08-30,0.8,3攻め頭,0.2444,latest_month,11R,202608300911,26850,59.53,0,20,09
0,0.491,0.581,2026-08-30,0.783,3攻め頭,0.2611,latest_month,11R,202608301411,0,51.38,0,4,14
1,0.621,0.486,2026-08-30,0.959,3攻め頭,0.2668,latest_month,04R,202608301704,19800,52.96,0,9,17
1,0.56,0.442,2026-08-30,0.734,3攻め頭,0.2386,latest_month,03R,202608301903,43800,60.34,1,6,19
0,0.749,0.602,2026-08-30,0.908,3攻め頭,0.2534,latest_month,06R,202608301906,0,58.61,1,9,19
0,0.582,0.51,2026-08-30,0.775,3攻め頭,0.2051,latest_month,03R,202608302103,0,62.89,1,7,21
0,0.597,0.592,2026-08-30,0.775,5まくり差し,0.0309,latest_month,09R,202608302109,0,59.66,0,20,21
0,0.679,0.535,2026-08-31,0.891,3攻め頭,0.2655,latest_month,03R,202608310403,0,52.66,0,9,04
0,0.636,0.433,2026-08-31,0.801,3攻め頭,0.2657,latest_month,05R,202608310605,0,52.73,0,20,06
0,0.635,0.349,2026-08-31,0.741,3攻め頭,0.2342,latest_month,11R,202608310711,0,47.45,0,20,07
0,0.632,0.571,2026-08-31,0.918,3攻め頭,0.2587,latest_month,07R,202608312007,0,50.8,0,13,20
0,0.557,0.584,2026-08-31,0.723,5まくり差し,0.0408,latest_month,12R,202608312112,0,55.67,0,20,21
0,0.633,0.636,2026-09-01,0.783,4刺され,0.0332,latest_month,05R,202609010505,0,63.65,0,9,05
0,0.749,0.478,2026-09-01,1.0,3攻め頭,0.2593,latest_month,02R,202609010602,0,57.93,1,8,06
0,0.598,0.574,2026-09-01,0.85,5まくり差し,0.0309,latest_month,11R,202609010711,0,59.78,0,20,07
1,0.519,0.547,2026-09-01,0.749,3攻め頭,0.2576,latest_month,03R,202609011203,18400,58.13,1,6,12
0,0.699,0.614,2026-09-01,0.816,4刺され,0.0338,latest_month,10R,202609011210,0,61.44,0,19,12
0,0.485,0.472,2026-09-01,0.749,3攻め頭,0.2361,latest_month,08R,202609011808,0,47.69,0,8,18
1,0.666,0.574,2026-09-01,1.0,3攻め頭,0.2753,latest_month,05R,202609012405,35230,54.58,1,7,24
0,0.541,0.406,2026-09-02,0.865,3攻め頭,0.2769,latest_month,02R,202609020602,0,55.41,0,13,06
0,0.51,0.294,2026-09-02,0.826,3攻め頭,0.2671,latest_month,01R,202609021301,0,56.91,1,6,13
1,0.741,0.587,2026-09-02,0.966,3攻め頭,0.276,latest_month,08R,202609021308,6720,55.82,1,8,13
0,0.53,0.349,2026-09-02,0.766,3攻め頭,0.2516,latest_month,09R,202609021309,0,58.79,0,5,13
0,0.571,0.597,2026-09-02,0.801,5まくり差し,0.0348,latest_month,01R,202609021701,0,57.12,0,20,17
0,0.517,0.442,2026-09-02,0.85,3攻め頭,0.2556,latest_month,09R,202609021709,0,50.23,0,10,17
0,0.539,0.562,2026-09-02,0.816,5まくり差し,0.0524,latest_month,11R,202609022411,0,53.94,0,12,24
