date,race_code,venue,venue_name,race,boat1_name,p109,grade,top7,entry_course,winner,head_hit,actual_combo,payout100,ticket7_hit,invest7,return7
2026-09-01,202609010501,05,多摩川,01,福田 翔吾,0.603069807582692,B,1-3-6;1-3-4;1-3-2;1-4-3;1-2-3;1-6-3;1-3-5,1,1,1,1-6-2,9480,0,700,0
2026-09-01,202609010502,05,多摩川,02,齋藤 達希,0.2868184047157041,B,1-2-3;1-3-2;1-2-4;1-2-6;1-3-4;1-4-2;1-2-5,1,2,0,2-3-4,1290,0,700,0
2026-09-01,202609010503,05,多摩川,03,小林 孝彰,0.5119414634167309,B,1-3-6;1-6-3;1-3-5;1-3-4;1-3-2;1-5-3;1-5-6,1,6,0,6-1-2,16150,0,700,0
2026-09-01,202609010504,05,多摩川,04,中村 泰平,0.8076584924619795,S,1-3-6;1-6-3;1-2-6;1-3-2;1-2-3;1-6-2;1-3-5,1,1,1,1-6-4,2720,0,700,0
2026-09-01,202609010505,05,多摩川,05,岩永 雅人,0.34075989590101086,B,1-4-6;1-4-3;1-3-4;1-6-4;1-4-5;1-4-2;1-3-6,1,4,0,4-5-6,2060,0,700,0
2026-09-01,202609010506,05,多摩川,06,雑賀 勇貴,0.4184874704136522,B,1-2-3;1-3-2;1-2-4;1-4-2;1-3-4;1-4-3;1-2-6,1,1,1,1-4-2,3250,1,700,3250
2026-09-01,202609010507,05,多摩川,07,佐藤 悠,0.6812067913775598,A,1-3-6;1-6-3;1-3-4;1-6-4;1-4-6;1-4-3;1-3-5,1,1,1,1-3-2,2520,0,700,0
2026-09-01,202609010508,05,多摩川,08,浅見 宗孝,0.24505539878687982,B,1-2-3;1-3-2;1-2-6;1-2-4;1-3-6;1-2-5;1-3-4,1,2,0,2-1-5,4760,0,700,0
2026-09-01,202609010509,05,多摩川,09,金田 智博,0.7046045458975041,A,1-2-5;1-2-3;1-5-2;1-2-6;1-3-2;1-2-4;1-6-2,1,2,0,2-1-4,7270,0,700,0
2026-09-01,202609010510,05,多摩川,10,佐々木 康幸,0.7522683471997392,S,1-3-4;1-4-3;1-4-6;1-3-6;1-4-5;1-4-2;1-3-5,1,1,1,1-4-2,1280,1,700,1280
2026-09-01,202609010511,05,多摩川,11,前田 翔,0.8193024367969814,S,1-2-6;1-2-4;1-2-5;1-2-3;1-4-2;1-6-2;1-3-2,1,1,1,1-2-5,1540,1,700,1540
2026-09-01,202609010512,05,多摩川,12,秋元 哲,0.800915504113755,S,1-3-6;1-4-6;1-5-6;1-3-5;1-4-5;1-3-4;1-5-4,1,3,0,3-5-1,20740,0,700,0
2026-09-01,202609010601,06,浜名湖,01,松瀬 弘美,0.4728245562347511,B,1-3-2;1-2-3;1-3-5;1-3-6;1-2-5;1-5-3;1-3-4,1,1,1,1-5-2,4000,0,700,0
2026-09-01,202609010602,06,浜名湖,02,安達 美帆,0.11096752442532488,B,1-3-6;1-3-4;1-6-3;1-3-5;1-3-2;1-4-3;1-2-3,1,3,0,3-5-6,1730,0,700,0
2026-09-01,202609010603,06,浜名湖,03,中里 優子,0.22159567156487694,B,1-4-2;1-2-4;1-4-5;1-2-5;1-4-3;1-4-6;1-5-4,1,2,0,2-1-4,1620,0,700,0
2026-09-01,202609010604,06,浜名湖,04,小芦 るり華,0.8050754944763006,S,1-3-6;1-2-3;1-2-6;1-3-2;1-6-3;1-6-2;1-3-5,1,1,1,1-2-3,800,1,700,800
2026-09-01,202609010605,06,浜名湖,05,山下 奈緒,0.4080944069540021,B,1-3-5;1-5-3;1-5-6;1-6-5;1-2-5;1-5-2;1-3-6,1,3,0,3-1-2,2000,0,700,0
2026-09-01,202609010606,06,浜名湖,06,中村 紋夕梨,0.11711853892073038,B,1-2-4;1-4-2;1-2-5;1-2-3;1-2-6;1-5-2;1-4-5,1,2,0,2-5-3,1280,0,700,0
2026-09-01,202609010607,06,浜名湖,07,谷川 里江,0.413927331121015,B,1-3-5;1-3-2;1-5-3;1-3-6;1-2-3;1-3-4;1-6-3,1,1,1,1-5-4,430,0,700,0
2026-09-01,202609010608,06,浜名湖,08,岩崎 芳美,0.620392671657763,B,1-4-5;1-4-3;1-4-2;1-3-4;1-5-4;1-2-4;1-4-6,1,1,1,1-4-3,750,1,700,750
2026-09-01,202609010609,06,浜名湖,09,堀之内紀代子,0.7360060951945271,S,1-3-2;1-2-3;1-3-5;1-3-4;1-2-5;1-5-3;1-2-4,1,2,0,2-1-3,4430,0,700,0
2026-09-01,202609010610,06,浜名湖,10,野田 彩加,0.36310344364112745,B,1-5-2;1-2-5;1-5-3;1-3-5;1-2-3;1-5-4;1-3-2,1,1,1,1-5-3,1450,1,700,1450
2026-09-01,202609010611,06,浜名湖,11,長嶋 万記,0.5502201309037179,B,1-2-6;1-6-2;1-2-5;1-2-3;1-5-2;1-5-6;1-6-5,1,1,1,1-2-6,1600,1,700,1600
2026-09-01,202609010612,06,浜名湖,12,三浦 永理,0.7655933135135967,S,1-4-3;1-3-4;1-4-5;1-3-5;1-4-2;1-5-4;1-4-6,1,1,1,1-4-2,1360,1,700,1360
2026-09-01,202609010701,07,蒲郡,01,菅沼 佳昭,0.40002106649212005,B,1-5-4;1-4-5;1-5-2;1-5-6;1-2-5;1-5-3;1-4-2,1,4,0,4-3-5,7860,0,700,0
2026-09-01,202609010702,07,蒲郡,02,佐竹 友樹,0.4197865603355036,B,1-2-5;1-5-2;1-2-6;1-2-4;1-5-6;1-2-3;1-5-4,1,4,0,4-5-2,6080,0,700,0
2026-09-01,202609010703,07,蒲郡,03,四宮 与寛,0.7291813815401808,S,1-3-2;1-2-3;1-3-5;1-3-4;1-2-5;1-5-3;1-2-4,1,3,0,3-1-2,1840,0,700,0
2026-09-01,202609010704,07,蒲郡,04,山田 晃大,0.8628056127844341,S,1-4-5;1-4-2;1-5-4;1-2-4;1-4-3;1-2-5;1-5-2,1,1,1,1-4-2,560,1,700,560
2026-09-01,202609010705,07,蒲郡,05,西丸 敦基,0.6871408713184545,A,1-4-5;1-5-4;1-4-2;1-4-6;1-4-3;1-2-4;1-5-2,1,1,1,1-3-5,1070,0,700,0
2026-09-01,202609010706,07,蒲郡,06,金子 萌,0.7525013036044556,S,1-5-3;1-3-5;1-5-6;1-5-4;1-5-2;1-3-6;1-3-4,1,5,0,5-3-1,4890,0,700,0
2026-09-01,202609010707,07,蒲郡,07,小林 一樹,0.6675257998283145,A,1-3-5;1-3-4;1-3-2;1-5-3;1-4-3;1-2-3;1-3-6,1,1,1,1-3-4,320,1,700,320
2026-09-01,202609010708,07,蒲郡,08,大場 恒季,0.8074322566888561,S,1-6-3;1-3-6;1-6-2;1-2-6;1-3-2;1-2-3;1-6-5,1,4,0,4-6-3,41510,0,700,0
2026-09-01,202609010709,07,蒲郡,09,伊藤 誠二,0.7674835912271447,S,1-3-6;1-6-3;1-3-4;1-6-4;1-3-2;1-3-5;1-4-3,1,1,1,1-4-6,3420,0,700,0
2026-09-01,202609010710,07,蒲郡,10,西野 雄貴,0.8665841546849506,S,1-2-6;1-6-2;1-2-5;1-2-3;1-3-2;1-3-6;1-6-5,1,1,1,1-3-2,620,1,700,620
2026-09-01,202609010711,07,蒲郡,11,北村 征嗣,0.7133766318622212,A,1-2-3;1-3-2;1-2-4;1-4-2;1-2-5;1-3-4;1-4-3,1,4,0,4-6-2,48060,0,700,0
2026-09-01,202609010712,07,蒲郡,12,上野 真之介,0.8030205470743973,S,1-3-4;1-4-3;1-4-2;1-2-4;1-3-2;1-2-3;1-4-6,1,3,0,3-1-2,6970,0,700,0
2026-09-01,202609011201,12,住之江,01,上田 紗奈,0.7417128561793398,S,1-4-5;1-5-4;1-3-5;1-5-3;1-3-4;1-4-3;1-2-5,1,1,1,1-5-4,2070,1,700,2070
2026-09-01,202609011202,12,住之江,02,宮村 勇哉,0.5584185186945476,B,1-5-2;1-2-5;1-5-6;1-5-3;1-6-5;1-2-6;1-3-5,1,1,1,1-6-3,7580,0,700,0
2026-09-01,202609011203,12,住之江,03,草場 康幸,0.3495128816725856,B,1-3-4;1-4-3;1-3-6;1-3-2;1-2-3;1-4-2;1-4-6,1,3,0,3-4-5,3680,0,700,0
2026-09-01,202609011204,12,住之江,04,東 健介,0.3107165004442078,B,1-2-4;1-4-2;1-2-6;1-2-3;1-3-2;1-6-2;1-2-5,1,4,0,4-1-2,8350,0,700,0
2026-09-01,202609011205,12,住之江,05,近江 翔吾,0.7916890687913141,S,1-2-6;1-6-2;1-2-4;1-6-4;1-2-3;1-4-6;1-4-2,1,1,1,1-2-6,440,1,700,440
2026-09-01,202609011206,12,住之江,06,齋藤 真之,0.36894953618156234,B,1-2-4;1-4-2;1-2-5;1-2-6;1-2-3;1-5-2;1-4-5,1,2,0,2-1-3,3850,0,700,0
2026-09-01,202609011207,12,住之江,07,芝田 浩治,0.6508510148730191,A,1-3-5;1-3-2;1-2-3;1-5-3;1-3-4;1-2-5;1-3-6,1,1,1,1-4-3,3770,0,700,0
2026-09-01,202609011208,12,住之江,08,佐々木 翔斗,0.6020614384681898,B,1-5-6;1-5-4;1-5-2;1-6-5;1-4-5;1-5-3;1-2-5,1,1,1,1-3-4,2180,0,700,0
2026-09-01,202609011209,12,住之江,09,池田 雄祐,0.5560636557038992,B,1-2-3;1-3-2;1-2-6;1-2-4;1-2-5;1-3-6;1-4-2,1,1,1,1-3-5,1450,0,700,0
2026-09-01,202609011210,12,住之江,10,烏野 賢太,0.7312063426390304,S,1-4-5;1-5-4;1-4-3;1-4-6;1-3-4;1-4-2;1-2-4,1,1,1,1-4-2,1210,1,700,1210
2026-09-01,202609011211,12,住之江,11,渡邉 翼,0.5434648551931336,B,1-2-4;1-4-2;1-2-5;1-5-2;1-2-3;1-2-6;1-4-5,1,2,0,2-1-3,4710,0,700,0
2026-09-01,202609011212,12,住之江,12,徳増 秀樹,0.6065166295455467,B,1-3-5;1-5-3;1-5-6;1-2-5;1-3-6;1-4-5;1-6-5,1,1,1,1-5-3,2610,1,700,2610
2026-09-01,202609011301,13,尼崎,01,中野 孝二,0.46646138667654524,B,1-3-4;1-3-2;1-4-3;1-2-3;1-3-6;1-3-5;1-2-4,1,3,0,3-4-2,3030,0,700,0
2026-09-01,202609011302,13,尼崎,02,橋本 年光,0.4968798901792139,B,1-2-4;1-4-2;1-2-3;1-2-6;1-3-2;1-2-5;1-4-3,1,1,1,1-3-2,3530,1,700,3530
2026-09-01,202609011303,13,尼崎,03,成貞 琳平,0.2652492176780521,B,1-2-4;1-2-5;1-4-2;1-2-6;1-2-3;1-5-2;1-4-5,1,2,0,2-4-1,2150,0,700,0
2026-09-01,202609011304,13,尼崎,04,峰重 侑治,0.5353276778520554,B,1-6-3;1-3-6;1-6-2;1-2-6;1-2-3;1-3-2;1-6-4,1,3,0,3-2-4,13930,0,700,0
2026-09-01,202609011305,13,尼崎,05,奥平 拓也,0.3058925316764204,B,1-2-5;1-5-2;1-2-6;1-5-6;1-2-3;1-5-3;1-6-5,1,2,0,2-5-1,1020,0,700,0
2026-09-01,202609011306,13,尼崎,06,中野 希一,0.8119998338190348,S,1-4-5;1-4-3;1-5-4;1-3-4;1-4-6;1-4-2;1-3-5,1,4,0,4-1-5,3950,0,700,0
2026-09-01,202609011307,13,尼崎,07,木村 亮太,0.610538599762709,B,1-4-2;1-2-4;1-4-5;1-4-6;1-4-3;1-5-4;1-2-5,1,4,0,4-2-1,2660,0,700,0
2026-09-01,202609011308,13,尼崎,08,高橋 直哉,0.3250077375065761,B,1-5-3;1-3-5;1-5-6;1-5-4;1-5-2;1-3-6;1-3-4,1,4,0,4-1-2,30950,0,700,0
2026-09-01,202609011309,13,尼崎,09,久田 武,0.526956611485511,B,1-5-4;1-4-5;1-5-3;1-5-6;1-3-5;1-4-3;1-5-2,1,4,0,4-3-1,19280,0,700,0
2026-09-01,202609011310,13,尼崎,10,渡邉 英児,0.7855289559816517,S,1-2-3;1-3-2;1-2-5;1-2-4;1-3-5;1-5-2;1-3-4,1,1,1,1-2-5,1450,1,700,1450
2026-09-01,202609011311,13,尼崎,11,中 亮太,0.7639786931801374,S,1-4-3;1-3-4;1-4-5;1-3-5;1-4-2;1-4-6;1-5-4,1,1,1,1-4-3,530,1,700,530
2026-09-01,202609011312,13,尼崎,12,平田 忠則,0.7069725681378503,A,1-3-4;1-4-3;1-4-2;1-2-4;1-4-6;1-3-2;1-2-3,1,4,0,4-1-5,3690,0,700,0
2026-09-01,202609011601,16,児島,01,中村 日向,0.8635655620915249,S,1-3-6;1-6-3;1-3-4;1-4-3;1-6-4;1-3-2;1-3-5,1,1,1,1-3-4,610,1,700,610
2026-09-01,202609011602,16,児島,02,岡部 浩,0.30071657368483334,B,1-2-4;1-4-2;1-2-3;1-2-6;1-3-2;1-2-5;1-6-2,1,6,0,6-4-1,8070,0,700,0
2026-09-01,202609011603,16,児島,03,若林 麗,0.19559572153815072,B,1-4-3;1-3-4;1-4-5;1-3-5;1-5-4;1-4-2;1-4-6,1,2,0,2-3-6,14930,0,700,0
2026-09-01,202609011604,16,児島,04,丹下 将,0.5702140081760085,B,1-5-4;1-4-5;1-2-5;1-5-2;1-2-4;1-4-2;1-5-3,1,4,0,4-2-5,4580,0,700,0
2026-09-01,202609011605,16,児島,05,小坂 風太,0.24856314534340013,B,1-2-4;1-4-2;1-2-5;1-2-3;1-5-2;1-3-2;1-4-5,1,3,0,3-4-1,8210,0,700,0
2026-09-01,202609011606,16,児島,06,島田 一生,0.3953928240997102,B,1-3-5;1-5-3;1-5-4;1-3-4;1-4-5;1-4-3;1-5-2,1,3,0,3-5-1,1690,0,700,0
2026-09-01,202609011607,16,児島,07,石倉 洋行,0.8036971664246776,S,1-3-6;1-6-5;1-5-6;1-6-3;1-3-5;1-5-3;1-6-2,1,5,0,5-1-6,14880,0,700,0
2026-09-01,202609011608,16,児島,08,樋口 範政,0.3981643161284941,B,1-2-6;1-2-3;1-3-2;1-6-2;1-2-4;1-3-6;1-4-2,1,3,0,3-5-1,84850,0,700,0
2026-09-01,202609011609,16,児島,09,重木 輝彦,0.8010247386785323,S,1-5-3;1-3-5;1-5-4;1-3-4;1-5-2;1-4-5;1-2-5,1,1,1,1-2-4,960,0,700,0
2026-09-01,202609011610,16,児島,10,南野 利騰,0.4205726621460233,B,1-4-5;1-5-4;1-3-5;1-5-3;1-4-3;1-3-4;1-2-5,1,3,0,3-1-5,2970,0,700,0
2026-09-01,202609011611,16,児島,11,山田 祐也,0.732199058251455,S,1-2-4;1-2-5;1-4-2;1-2-3;1-3-2;1-5-2;1-2-6,1,2,0,2-1-5,9010,0,700,0
2026-09-01,202609011612,16,児島,12,今垣 光太郎,0.5325218580242423,B,1-3-4;1-4-3;1-3-2;1-2-3;1-4-2;1-2-4;1-3-6,1,5,0,5-3-4,54710,0,700,0
2026-09-01,202609011801,18,徳山,01,柘植 政浩,0.8005420767733666,S,1-4-3;1-3-4;1-4-6;1-4-2;1-2-4;1-6-4;1-3-6,1,1,1,1-4-5,3360,0,700,0
2026-09-01,202609011802,18,徳山,02,稗田 聖也,0.7599253122360146,S,1-5-4;1-4-5;1-5-3;1-3-5;1-3-4;1-4-3;1-5-2,1,1,1,1-5-4,770,1,700,770
2026-09-01,202609011803,18,徳山,03,和田 拓也,0.8765448752903855,S,1-5-3;1-3-5;1-5-6;1-5-4;1-6-5;1-5-2;1-3-6,1,1,1,1-2-3,3250,0,700,0
2026-09-01,202609011804,18,徳山,04,原田 秀弥,0.6059144561050308,B,1-2-5;1-2-4;1-5-2;1-2-6;1-4-2;1-2-3;1-5-4,1,1,1,1-6-4,32310,0,700,0
2026-09-01,202609011805,18,徳山,05,山口 修路,0.30128612307990565,B,1-4-5;1-4-3;1-3-4;1-5-4;1-4-2;1-2-4;1-3-5,1,1,1,1-2-4,1800,1,700,1800
2026-09-01,202609011806,18,徳山,06,藤森 拓海,0.42398131188709903,B,1-3-2;1-3-6;1-2-3;1-3-5;1-6-3;1-2-6;1-3-4,1,3,0,3-4-6,9170,0,700,0
2026-09-01,202609011807,18,徳山,07,新田 洋一,0.4963863919940513,B,1-3-5;1-5-3;1-3-4;1-4-3;1-3-2;1-3-6;1-5-4,1,1,1,1-3-5,910,1,700,910
2026-09-01,202609011808,18,徳山,08,沼田 大都,0.2563167966911442,B,1-3-6;1-3-2;1-2-3;1-6-3;1-3-4;1-2-6;1-6-2,1,2,0,2-3-6,1750,0,700,0
2026-09-01,202609011809,18,徳山,09,藤田 浩人,0.5607818229439422,B,1-3-6;1-6-3;1-3-4;1-6-4;1-4-6;1-4-3;1-3-5,1,5,0,5-3-1,35990,0,700,0
2026-09-01,202609011810,18,徳山,10,花田 和明,0.35998930753617553,B,1-3-5;1-5-3;1-5-6;1-5-4;1-3-6;1-3-4;1-5-2,1,3,0,3-5-2,4970,0,700,0
2026-09-01,202609011811,18,徳山,11,高橋 勲,0.5191588468244905,B,1-2-6;1-2-4;1-2-3;1-6-2;1-4-2;1-2-5;1-3-2,1,2,0,2-1-6,1060,0,700,0
2026-09-01,202609011812,18,徳山,12,岡村 慶太,0.7579651130280363,S,1-3-4;1-4-3;1-2-4;1-4-2;1-2-3;1-3-2;1-4-6,1,1,1,1-3-2,1450,1,700,1450
2026-09-01,202609011901,19,下関,01,岸蔭 亮,0.20746641648445724,B,1-5-4;1-4-5;1-5-2;1-2-5;1-4-2;1-2-4;1-5-3,1,4,0,4-2-5,2100,0,700,0
2026-09-01,202609011902,19,下関,02,永田 楽,0.5307124895529655,B,1-4-6;1-4-3;1-3-4;1-4-5;1-4-2;1-6-4;1-3-6,1,4,0,4-3-6,1960,0,700,0
2026-09-01,202609011903,19,下関,03,阪本 勇介,0.20752743428597362,B,1-2-3;1-3-2;1-2-5;1-2-4;1-3-5;1-5-2;1-3-4,1,2,0,2-3-5,860,0,700,0
2026-09-01,202609011904,19,下関,04,吉村 正明,0.7836267236091792,S,1-5-3;1-5-6;1-3-5;1-5-4;1-6-5;1-5-2;1-3-6,1,1,1,1-3-5,1210,1,700,1210
2026-09-01,202609011905,19,下関,05,藤原 啓史朗,0.8256517970166859,S,1-4-2;1-2-4;1-4-5;1-4-3;1-2-5;1-5-4;1-3-4,1,1,1,1-4-6,2440,0,700,0
2026-09-01,202609011906,19,下関,06,福田 宗平,0.6432308002909599,B,1-2-5;1-5-2;1-2-6;1-5-6;1-2-4;1-5-4;1-2-3,1,2,0,2-4-1,25440,0,700,0
2026-09-01,202609011907,19,下関,07,辻 栄蔵,0.7642470475228036,S,1-5-4;1-4-5;1-5-3;1-5-6;1-5-2;1-3-5;1-4-3,1,1,1,1-5-3,2910,1,700,2910
2026-09-01,202609011908,19,下関,08,田中 京介,0.5556675881823134,B,1-2-6;1-2-3;1-2-4;1-3-2;1-6-2;1-2-5;1-3-6,1,1,1,1-2-6,660,1,700,660
2026-09-01,202609011909,19,下関,09,櫻井 優,0.700999393441649,A,1-2-4;1-4-2;1-4-5;1-2-5;1-4-3;1-5-4;1-2-3,1,1,1,1-5-3,3220,0,700,0
2026-09-01,202609011910,19,下関,10,小坂 尚哉,0.8354569015959574,S,1-3-5;1-3-2;1-5-3;1-2-3;1-3-4;1-2-5;1-5-2,1,1,1,1-5-3,2100,1,700,2100
2026-09-01,202609011911,19,下関,11,内堀 学,0.7480887907019762,S,1-3-2;1-2-3;1-3-4;1-2-4;1-4-3;1-3-6;1-4-2,1,1,1,1-3-2,670,1,700,670
2026-09-01,202609011912,19,下関,12,船岡 洋一郎,0.7795178117826593,S,1-2-3;1-3-2;1-2-5;1-2-6;1-3-5;1-2-4;1-5-2,1,1,1,1-2-5,890,1,700,890
2026-09-01,202609012001,20,若松,01,桂林 寛,0.37514029221595924,B,1-3-6;1-3-5;1-2-6;1-5-6;1-6-3;1-6-5;1-2-3,1,1,1,1-2-6,1240,1,700,1240
2026-09-01,202609012002,20,若松,02,増田 進,0.4543860605728092,B,1-3-5;1-5-3;1-3-2;1-3-6;1-2-3;1-3-4;1-2-5,1,5,0,5-2-1,12150,0,700,0
2026-09-01,202609012003,20,若松,03,宮武 英司,0.5129096078319905,B,1-2-4;1-4-2;1-4-5;1-2-5;1-5-4;1-4-3;1-4-6,1,1,1,1-4-5,2840,1,700,2840
2026-09-01,202609012004,20,若松,04,河合 三弘,0.295084596169932,B,1-5-6;1-4-6;1-6-5;1-4-5;1-6-4;1-5-4;1-2-6,1,1,1,1-6-3,6260,0,700,0
2026-09-01,202609012005,20,若松,05,山田 竜一,0.5619035914952379,B,1-2-4;1-4-2;1-4-5;1-2-5;1-5-4;1-4-6;1-4-3,1,3,0,3-1-2,19010,0,700,0
2026-09-01,202609012006,20,若松,06,吉永 泰弘,0.3237312421648703,B,1-2-5;1-5-2;1-5-6;1-6-5;1-2-6;1-5-3;1-3-5,1,5,0,5-4-6,20310,0,700,0
2026-09-01,202609012007,20,若松,07,榮田 将彦,0.5513291839174776,B,1-5-6;1-2-6;1-6-5;1-2-5;1-5-2;1-6-2;1-5-4,1,3,0,3-1-2,25590,0,700,0
2026-09-01,202609012008,20,若松,08,佐竹 恒彦,0.42285269230547723,B,1-2-3;1-3-2;1-2-4;1-3-4;1-4-2;1-2-6;1-2-5,1,3,0,3-2-1,2670,0,700,0
2026-09-01,202609012009,20,若松,09,胡本 悟志,0.40115146735543333,B,1-3-6;1-6-3;1-3-5;1-3-2;1-6-5;1-6-2;1-2-6,1,6,0,6-2-3,1160,0,700,0
2026-09-01,202609012010,20,若松,10,浅見 昌克,0.457546646369526,B,1-3-6;1-6-3;1-3-2;1-3-5;1-2-3;1-6-2;1-2-6,1,3,0,3-1-6,1470,0,700,0
2026-09-01,202609012011,20,若松,11,鈴木 博,0.5865497000357983,B,1-3-5;1-3-4;1-5-3;1-4-3;1-3-2;1-3-6;1-4-5,1,1,1,1-5-6,6520,0,700,0
2026-09-01,202609012012,20,若松,12,益田 啓司,0.7490919724419342,S,1-3-5;1-5-3;1-3-4;1-4-3;1-3-2;1-3-6;1-5-4,1,1,1,1-2-4,1480,0,700,0
2026-09-01,202609012101,21,芦屋,01,安達 裕樹,0.781387954622039,S,1-4-2;1-4-6;1-2-4;1-4-3;1-6-4;1-3-4;1-2-6,1,6,0,6-2-3,152730,0,700,0
2026-09-01,202609012102,21,芦屋,02,石川 諒,0.5135978836127681,B,1-4-3;1-4-2;1-3-4;1-2-4;1-4-6;1-2-3;1-3-2,1,1,1,1-4-3,890,1,700,890
2026-09-01,202609012103,21,芦屋,03,松井 洪弥,0.7473859516146814,S,1-3-5;1-3-4;1-5-3;1-3-2;1-4-3;1-2-3;1-3-6,1,1,1,1-4-5,6630,0,700,0
2026-09-01,202609012104,21,芦屋,04,中野 次郎,0.7790155761258047,S,1-4-6;1-4-2;1-2-4;1-6-4;1-4-3;1-2-6;1-3-4,1,1,1,1-4-2,780,1,700,780
2026-09-01,202609012105,21,芦屋,05,竹田 和哉,0.8150629420251166,S,1-4-3;1-3-4;1-4-6;1-6-4;1-4-5;1-4-2;1-3-6,1,1,1,1-6-4,3260,1,700,3260
2026-09-01,202609012106,21,芦屋,06,森作 広大,0.11427139475980551,B,1-2-5;1-2-6;1-5-2;1-2-4;1-2-3;1-6-2;1-4-2,1,2,0,2-1-4,460,0,700,0
2026-09-01,202609012107,21,芦屋,07,一宮 稔弘,0.588185933570131,B,1-4-6;1-2-4;1-2-6;1-6-4;1-4-2;1-4-5;1-3-4,1,1,1,1-3-2,1060,0,700,0
2026-09-01,202609012108,21,芦屋,08,松本 庸平,0.19634170016061234,B,1-2-6;1-6-2;1-2-5;1-2-4;1-2-3;1-5-2;1-6-5,1,3,0,3-6-4,3650,0,700,0
2026-09-01,202609012109,21,芦屋,09,井内 将太郎,0.7633622563301662,S,1-3-4;1-4-3;1-3-5;1-3-2;1-5-3;1-2-3;1-4-5,1,1,1,1-3-5,850,1,700,850
2026-09-01,202609012110,21,芦屋,10,原田 篤志,0.720145367294111,S,1-5-4;1-4-5;1-5-3;1-3-5;1-3-4;1-4-3;1-5-2,1,5,0,5-1-4,6160,0,700,0
2026-09-01,202609012111,21,芦屋,11,前原 大道,0.7536723381031439,S,1-3-2;1-2-3;1-3-4;1-2-4;1-4-3;1-3-6;1-4-2,1,3,0,3-1-2,3100,0,700,0
2026-09-01,202609012112,21,芦屋,12,村岡 賢人,0.6647734181335155,A,1-3-4;1-4-3;1-3-2;1-2-3;1-4-2;1-2-4;1-3-6,1,1,1,1-3-4,420,1,700,420
2026-09-01,202609012401,24,大村,01,宇土 泰就,0.2865644732484496,B,1-5-6;1-2-6;1-2-5;1-5-2;1-6-5;1-6-2;1-5-3,1,3,0,3-5-2,4520,0,700,0
2026-09-01,202609012402,24,大村,02,泉 具巳,0.4246783763913109,B,1-4-6;1-6-4;1-3-6;1-3-4;1-4-3;1-4-5;1-2-6,1,1,1,1-6-3,7620,0,700,0
2026-09-01,202609012403,24,大村,03,西村 秀樹,0.19516117640229774,B,1-4-3;1-3-4;1-4-5;1-4-2;1-5-4;1-3-5;1-2-4,1,1,1,1-2-4,6180,1,700,6180
2026-09-01,202609012404,24,大村,04,坪口 竜也,0.6110041852125602,B,1-6-3;1-3-6;1-6-5;1-6-2;1-3-5;1-3-2;1-2-6,1,3,0,3-1-5,4550,0,700,0
2026-09-01,202609012405,24,大村,05,菊池 峰晴,0.24043071229686228,B,1-3-5;1-3-4;1-5-3;1-3-2;1-4-3;1-2-3;1-3-6,1,3,0,3-1-5,2710,0,700,0
2026-09-01,202609012406,24,大村,06,本村 大,0.3796174620989015,B,1-6-4;1-4-6;1-6-3;1-6-5;1-4-3;1-3-6;1-4-5,1,1,1,1-2-6,2310,0,700,0
2026-09-01,202609012407,24,大村,07,石田 貴洋,0.7480235347398703,S,1-3-4;1-3-2;1-4-3;1-2-3;1-3-5;1-2-4;1-4-2,1,1,1,1-3-4,860,1,700,860
2026-09-01,202609012408,24,大村,08,三苫 晃幸,0.7023770375282773,A,1-2-6;1-2-4;1-2-3;1-6-2;1-4-2;1-3-2;1-2-5,1,2,0,2-4-3,10750,0,700,0
2026-09-01,202609012409,24,大村,09,石岡 将太,0.6921056270108015,A,1-2-6;1-2-5;1-5-6;1-6-5;1-5-2;1-6-2;1-2-3,1,2,0,2-3-5,8230,0,700,0
2026-09-01,202609012410,24,大村,10,安東 幸治,0.5282945507262234,B,1-3-6;1-6-3;1-3-5;1-6-5;1-3-4;1-3-2;1-6-4,1,1,1,1-3-6,620,1,700,620
2026-09-01,202609012411,24,大村,11,野末 智一,0.5957582710274097,B,1-4-6;1-4-5;1-4-2;1-2-4;1-5-4;1-6-4;1-4-3,1,1,1,1-2-3,2370,0,700,0
2026-09-01,202609012412,24,大村,12,永田 啓二,0.7132132109742346,A,1-4-3;1-3-4;1-4-5;1-4-2;1-3-5;1-3-2;1-2-4,1,1,1,1-3-4,570,1,700,570
2026-09-02,202609020501,05,多摩川,01,井川 大作,0.5516933604982079,B,1-3-2;1-2-3;1-3-4;1-4-3;1-2-4;1-3-6;1-4-2,1,2,0,2-1-6,3280,0,700,0
2026-09-02,202609020502,05,多摩川,02,渡部 悟,0.5156892243152211,B,1-5-2;1-5-6;1-2-5;1-5-3;1-3-5;1-6-5;1-2-6,1,2,0,2-5-6,8930,0,700,0
2026-09-02,202609020503,05,多摩川,03,福田 翔吾,0.6554959809981005,A,1-4-6;1-6-4;1-3-6;1-3-4;1-4-3;1-6-3;1-4-5,1,6,0,6-1-3,2710,0,700,0
2026-09-02,202609020504,05,多摩川,04,高橋 英之,0.4190433037454194,B,1-2-3;1-3-2;1-2-6;1-2-5;1-3-6;1-2-4;1-3-5,1,3,0,3-6-2,5220,0,700,0
2026-09-02,202609020505,05,多摩川,05,滝沢 芳行,0.515005794935325,B,1-3-6;1-3-2;1-2-3;1-2-6;1-6-3;1-6-2;1-3-5,1,3,0,3-4-1,8250,0,700,0
2026-09-02,202609020506,05,多摩川,06,金子 猛志,0.4367498610284454,B,1-4-6;1-4-3;1-4-5;1-3-4;1-6-4;1-4-2;1-5-4,1,3,0,3-4-1,1890,0,700,0
2026-09-02,202609020507,05,多摩川,07,新井 英孝,0.29513352083604216,B,1-2-6;1-6-2;1-6-5;1-2-5;1-5-6;1-6-4;1-3-6,1,4,0,4-5-6,2380,0,700,0
2026-09-02,202609020508,05,多摩川,08,岩下 巧斗,0.7515887797425589,S,1-4-6;1-3-6;1-3-4;1-4-3;1-6-4;1-2-6;1-2-4,1,1,1,1-2-4,1020,1,700,1020
2026-09-02,202609020509,05,多摩川,09,畑 竜生,0.6312390629964387,B,1-3-4;1-4-3;1-2-4;1-4-2;1-3-2;1-2-3;1-4-5,1,1,1,1-2-4,910,1,700,910
2026-09-02,202609020510,05,多摩川,10,和田 操拓,0.5588410449787528,B,1-4-5;1-5-4;1-2-5;1-5-2;1-2-4;1-4-2;1-5-3,1,2,0,2-5-1,12770,0,700,0
2026-09-02,202609020511,05,多摩川,11,秋元 哲,0.7839943022037678,S,1-4-2;1-2-4;1-4-5;1-4-3;1-2-5;1-3-4;1-2-3,1,1,1,1-2-3,1150,1,700,1150
2026-09-02,202609020512,05,多摩川,12,前田 翔,0.7558595214461432,S,1-2-5;1-5-2;1-2-6;1-2-4;1-2-3;1-5-6;1-5-4,1,1,1,1-4-2,2030,0,700,0
2026-09-02,202609020601,06,浜名湖,01,池田 浩美,0.6251462507877967,B,1-2-6;1-6-2;1-2-3;1-3-2;1-3-6;1-6-3;1-2-4,1,6,0,6-1-2,5340,0,700,0
2026-09-02,202609020602,06,浜名湖,02,坂本 奈央,0.20160080802195282,B,1-2-3;1-3-2;1-2-5;1-2-4;1-5-2;1-3-5;1-5-3,1,2,0,2-5-1,2810,0,700,0
2026-09-02,202609020603,06,浜名湖,03,水口 由紀,0.2598821271542234,B,1-2-3;1-3-2;1-2-6;1-2-4;1-3-6;1-2-5;1-3-4,1,2,0,2-1-3,560,0,700,0
2026-09-02,202609020604,06,浜名湖,04,山下 友貴,0.6577927414329838,A,1-3-2;1-2-3;1-3-6;1-3-4;1-2-6;1-2-4;1-4-3,1,5,0,5-1-4,81200,0,700,0
2026-09-02,202609020605,06,浜名湖,05,廣中 智紗衣,0.5273168536398516,B,1-4-3;1-4-6;1-3-4;1-6-4;1-4-5;1-4-2;1-3-6,1,3,0,3-2-6,38370,0,700,0
2026-09-02,202609020606,06,浜名湖,06,樋江井 舞,0.2535915373841211,B,1-2-6;1-6-2;1-6-3;1-2-3;1-3-6;1-3-2;1-6-4,1,4,0,4-3-2,7320,0,700,0
2026-09-02,202609020607,06,浜名湖,07,木村 紗友希,0.3553246453265478,B,1-3-5;1-5-3;1-3-6;1-3-2;1-2-3;1-6-3;1-5-6,1,2,0,2-5-3,15910,0,700,0
2026-09-02,202609020608,06,浜名湖,08,戸敷 晃美,0.530553480823714,B,1-4-5;1-4-6;1-4-2;1-5-4;1-4-3;1-2-4;1-6-4,1,1,1,1-5-2,10630,0,700,0
2026-09-02,202609020609,06,浜名湖,09,稲生 夏季,0.24536806128661295,B,1-2-4;1-2-3;1-4-2;1-2-5;1-3-2;1-2-6;1-4-3,1,2,0,2-1-4,1060,0,700,0
2026-09-02,202609020610,06,浜名湖,10,倉持 莉々,0.7755446508615221,S,1-2-5;1-2-3;1-5-2;1-2-4;1-3-2;1-3-5;1-4-2,1,1,1,1-3-5,1730,1,700,1730
2026-09-02,202609020611,06,浜名湖,11,小芦 るり華,0.7280254929147002,S,1-2-6;1-2-4;1-6-2;1-2-5;1-4-2;1-2-3;1-5-2,1,1,1,1-6-5,5910,0,700,0
2026-09-02,202609020612,06,浜名湖,12,川野 芽唯,0.6256621488271642,B,1-3-5;1-5-3;1-5-4;1-3-4;1-4-5;1-5-2;1-3-2,1,1,1,1-2-3,1130,0,700,0
2026-09-02,202609021201,12,住之江,01,大塚 浩二,0.5109807568646234,B,1-4-3;1-3-4;1-4-5;1-4-2;1-2-4;1-5-4;1-3-5,1,1,1,1-4-3,1260,1,700,1260
2026-09-02,202609021202,12,住之江,02,森 貴洋,0.6449230442047368,B,1-4-3;1-3-4;1-4-6;1-4-2;1-4-5;1-3-6;1-2-4,1,1,1,1-3-4,750,1,700,750
2026-09-02,202609021203,12,住之江,03,中村 駿平,0.1743956556137988,B,1-4-3;1-3-4;1-4-5;1-4-2;1-3-5;1-2-4;1-3-2,1,4,0,4-2-3,6150,0,700,0
2026-09-02,202609021204,12,住之江,04,間庭 菜摘,0.4826595785958372,B,1-2-4;1-4-2;1-2-5;1-2-6;1-2-3;1-5-2;1-4-5,1,4,0,4-5-2,1990,0,700,0
2026-09-02,202609021205,12,住之江,05,榎 幸司,0.6512647187541003,A,1-3-6;1-3-4;1-6-3;1-4-3;1-2-3;1-3-2;1-4-6,1,6,0,6-2-5,48920,0,700,0
2026-09-02,202609021206,12,住之江,06,須藤 隆雄,0.29410692727911436,B,1-4-3;1-3-4;1-4-2;1-2-4;1-2-3;1-3-2;1-4-6,1,2,0,2-3-1,3080,0,700,0
2026-09-02,202609021207,12,住之江,07,中野 夢斗,0.4020545774348776,B,1-3-5;1-5-3;1-5-2;1-2-5;1-3-2;1-2-3;1-5-6,1,2,0,2-1-3,1910,0,700,0
2026-09-02,202609021208,12,住之江,08,中島 浩哉,0.4806006483671612,B,1-5-2;1-2-5;1-5-6;1-5-3;1-2-6;1-2-3;1-6-5,1,1,1,1-3-5,5740,0,700,0
2026-09-02,202609021209,12,住之江,09,安藤 裕貴,0.27866980355447163,B,1-3-2;1-2-3;1-3-5;1-2-5;1-3-6;1-5-3;1-3-4,1,1,1,1-2-3,1010,1,700,1010
2026-09-02,202609021210,12,住之江,10,山田 理央,0.8381967509056142,S,1-2-6;1-2-5;1-2-4;1-2-3;1-6-2;1-5-2;1-3-2,1,2,0,2-1-5,2200,0,700,0
2026-09-02,202609021211,12,住之江,11,藤岡 俊介,0.8107238385041995,S,1-4-5;1-2-4;1-5-4;1-4-2;1-4-6;1-2-5;1-4-3,1,1,1,1-2-6,900,0,700,0
2026-09-02,202609021212,12,住之江,12,木谷 賢太,0.8012040311922456,S,1-3-5;1-5-3;1-2-5;1-2-3;1-5-2;1-3-2;1-5-6,1,1,1,1-5-2,2820,1,700,2820
2026-09-02,202609021301,13,尼崎,01,柴田 直哉,0.5363047278716415,B,1-3-4;1-3-2;1-4-3;1-2-3;1-3-5;1-2-4;1-3-6,1,3,0,3-2-6,14920,0,700,0
2026-09-02,202609021302,13,尼崎,02,中島 友和,0.3641984659068862,B,1-2-6;1-2-5;1-2-3;1-6-2;1-2-4;1-5-2;1-3-2,1,1,1,1-2-3,1290,1,700,1290
2026-09-02,202609021303,13,尼崎,03,小畑 実成,0.32408812915562996,B,1-2-6;1-6-2;1-2-5;1-6-5;1-2-3;1-6-3;1-3-6,1,1,1,1-3-5,12960,0,700,0
2026-09-02,202609021304,13,尼崎,04,富田 恕生,0.3548278952525684,B,1-4-2;1-2-4;1-4-3;1-4-6;1-2-3;1-2-6;1-3-4,1,3,0,3-4-6,18480,0,700,0
2026-09-02,202609021305,13,尼崎,05,中里 英夫,0.5978259566908909,B,1-6-3;1-3-6;1-6-2;1-2-6;1-2-3;1-3-2;1-6-5,1,1,1,1-6-3,1140,1,700,1140
2026-09-02,202609021306,13,尼崎,06,高橋 正男,0.7175871246855425,A,1-4-5;1-4-2;1-5-4;1-2-4;1-4-3;1-4-6;1-2-5,1,4,0,4-6-5,18420,0,700,0
2026-09-02,202609021307,13,尼崎,07,角山 雄哉,0.6053128154204948,B,1-5-3;1-5-6;1-3-5;1-5-4;1-6-5;1-5-2;1-3-6,1,1,1,1-5-4,2340,1,700,2340
2026-09-02,202609021308,13,尼崎,08,竹田 広樹,0.2253689954896479,B,1-3-4;1-4-3;1-4-6;1-3-6;1-4-5;1-4-2;1-3-5,1,3,0,3-4-5,1120,0,700,0
2026-09-02,202609021309,13,尼崎,09,水摩 敦,0.45458806788105577,B,1-3-6;1-3-4;1-3-5;1-4-3;1-3-2;1-6-3;1-5-3,1,1,1,1-3-6,990,1,700,990
2026-09-02,202609021310,13,尼崎,10,大澤 風葵,0.8246375017713999,S,1-3-5;1-5-3;1-5-4;1-3-4;1-5-2;1-4-5;1-3-2,1,1,1,1-4-5,1330,1,700,1330
2026-09-02,202609021311,13,尼崎,11,茶谷 信次,0.2971755959879856,B,1-2-4;1-4-2;1-2-3;1-3-2;1-2-5;1-4-3;1-3-4,1,2,0,2-1-3,860,0,700,0
2026-09-02,202609021312,13,尼崎,12,小山 勉,0.7404639716353852,S,1-3-5;1-3-4;1-3-2;1-5-3;1-3-6;1-4-3;1-2-3,1,3,0,3-4-6,42810,0,700,0
2026-09-02,202609021601,16,児島,01,入海 馨,0.8016423897147744,S,1-2-6;1-6-2;1-2-3;1-6-3;1-3-6;1-3-2;1-2-4,1,1,1,1-6-2,1370,1,700,1370
2026-09-02,202609021602,16,児島,02,高田 明,0.8770153674168794,S,1-3-5;1-5-3;1-3-2;1-3-6;1-2-3;1-3-4;1-2-5,1,1,1,1-2-3,870,1,700,870
2026-09-02,202609021603,16,児島,03,堤 啓輔,0.35170347922578493,B,1-5-4;1-5-2;1-4-5;1-5-6;1-5-3;1-2-5;1-6-5,1,5,0,5-4-6,1200,0,700,0
2026-09-02,202609021604,16,児島,04,川崎 智幸,0.5006321700198612,B,1-3-4;1-4-3;1-3-5;1-3-2;1-2-3;1-5-3;1-4-5,1,3,0,3-1-2,3060,0,700,0
2026-09-02,202609021605,16,児島,05,松尾 宣邦,0.3057611598501663,B,1-3-6;1-3-5;1-3-2;1-6-3;1-5-3;1-2-3;1-3-4,1,3,0,3-1-2,3610,0,700,0
2026-09-02,202609021606,16,児島,06,吉田 一郎,0.6029996595278581,B,1-4-6;1-3-6;1-3-4;1-6-4;1-4-3;1-6-3;1-2-6,1,1,1,1-3-6,1090,1,700,1090
2026-09-02,202609021607,16,児島,07,吉永 則雄,0.6331790345371142,B,1-3-6;1-6-3;1-3-4;1-6-4;1-4-3;1-4-6;1-3-5,1,1,1,1-5-3,3440,0,700,0
2026-09-02,202609021608,16,児島,08,山下 昂大,0.6824467377783732,A,1-2-4;1-4-2;1-4-6;1-2-6;1-6-4;1-4-3;1-3-4,1,1,1,1-6-2,3620,0,700,0
2026-09-02,202609021609,16,児島,09,丹下 将,0.6132244049797165,B,1-6-5;1-2-6;1-6-2;1-5-6;1-2-5;1-5-2;1-6-4,1,6,0,6-1-2,7380,0,700,0
2026-09-02,202609021610,16,児島,10,山田 祐也,0.6016709794599951,B,1-2-5;1-2-4;1-5-2;1-2-3;1-4-2;1-3-2;1-5-4,1,1,1,1-4-3,2190,0,700,0
2026-09-02,202609021611,16,児島,11,今垣 光太郎,0.5244055097451572,B,1-4-2;1-2-4;1-4-3;1-2-3;1-3-4;1-4-5;1-3-2,1,1,1,1-2-4,800,1,700,800
2026-09-02,202609021612,16,児島,12,石倉 洋行,0.7630826758887368,S,1-2-6;1-2-4;1-2-5;1-2-3;1-6-2;1-4-2;1-3-2,1,1,1,1-2-4,470,1,700,470
2026-09-02,202609021701,17,宮島,01,深川 麻奈美,0.6617330692618638,A,1-4-3;1-3-4;1-4-6;1-4-5;1-4-2;1-3-6;1-6-4,1,1,1,1-4-5,880,1,700,880
2026-09-02,202609021702,17,宮島,02,小原 聡将,0.5316595758012554,B,1-2-6;1-2-3;1-3-2;1-6-2;1-2-5;1-2-4;1-3-6,1,2,0,2-1-5,1970,0,700,0
2026-09-02,202609021703,17,宮島,03,牧 宏次,0.5207339694678247,B,1-3-4;1-4-3;1-4-6;1-4-5;1-3-6;1-4-2;1-3-5,1,1,1,1-4-5,2850,1,700,2850
2026-09-02,202609021704,17,宮島,04,後藤 正宗,0.7239633238791956,S,1-5-3;1-3-5;1-5-2;1-5-6;1-3-2;1-2-5;1-3-6,1,1,1,1-5-2,1500,1,700,1500
2026-09-02,202609021705,17,宮島,05,武重 雄介,0.34515979979031963,B,1-2-4;1-2-3;1-4-2;1-3-2;1-2-6;1-2-5;1-4-3,1,1,1,1-6-2,21110,0,700,0
2026-09-02,202609021706,17,宮島,06,福田 雅一,0.49525758710287404,B,1-3-6;1-3-2;1-2-3;1-6-3;1-3-5;1-2-6;1-3-4,1,1,1,1-2-3,910,1,700,910
2026-09-02,202609021707,17,宮島,07,佐竹 太一,0.444293857288533,B,1-2-6;1-2-4;1-6-2;1-2-5;1-2-3;1-4-2;1-6-4,1,6,0,6-5-4,52140,0,700,0
2026-09-02,202609021708,17,宮島,08,貫地谷 直人,0.2511458352082137,B,1-3-2;1-3-6;1-2-3;1-3-4;1-6-3;1-2-6;1-3-5,1,3,0,3-5-2,4390,0,700,0
2026-09-02,202609021709,17,宮島,09,神田 達也,0.46007492134791667,B,1-3-6;1-6-3;1-3-2;1-2-6;1-2-3;1-6-2;1-3-5,1,1,1,1-3-6,2520,1,700,2520
2026-09-02,202609021710,17,宮島,10,島倉 都,0.32976674490959784,B,1-2-4;1-4-2;1-2-6;1-2-3;1-3-2;1-2-5;1-6-2,1,5,0,5-2-4,12720,0,700,0
2026-09-02,202609021711,17,宮島,11,外崎 悟,0.6197806817863124,B,1-3-5;1-5-3;1-2-5;1-3-2;1-2-3;1-5-2;1-3-4,1,1,1,1-2-5,1480,1,700,1480
2026-09-02,202609021712,17,宮島,12,谷村 一哉,0.6138782021687083,B,1-2-6;1-4-6;1-6-4;1-2-4;1-6-2;1-4-2;1-6-3,1,1,1,1-2-6,780,1,700,780
2026-09-02,202609021801,18,徳山,01,長岡 良也,0.8142200869758897,S,1-3-6;1-2-3;1-3-2;1-2-6;1-6-3;1-6-2;1-3-4,1,1,1,1-2-3,560,1,700,560
2026-09-02,202609021802,18,徳山,02,坂元 浩仁,0.7391643879060433,S,1-4-6;1-6-4;1-4-5;1-4-3;1-6-5;1-6-3;1-4-2,1,1,1,1-3-4,2880,0,700,0
2026-09-02,202609021803,18,徳山,03,西丸 侑太朗,0.6683122439839545,A,1-4-5;1-5-4;1-4-2;1-2-4;1-5-2;1-2-5;1-4-6,1,1,1,1-2-3,4390,0,700,0
2026-09-02,202609021804,18,徳山,04,三浦 洋次朗,0.507129424292245,B,1-2-5;1-2-3;1-2-6;1-5-2;1-2-4;1-3-2;1-6-2,1,2,0,2-1-6,2830,0,700,0
2026-09-02,202609021805,18,徳山,05,金田 大輔,0.6079721344250324,B,1-3-6;1-6-3;1-3-5;1-6-5;1-3-4;1-6-4;1-3-2,1,1,1,1-3-5,1900,1,700,1900
2026-09-02,202609021806,18,徳山,06,深川 和仁,0.603216773716794,B,1-2-4;1-4-2;1-2-5;1-2-3;1-5-2;1-4-5;1-4-3,1,1,1,1-2-5,1040,1,700,1040
2026-09-02,202609021807,18,徳山,07,内田 圭,0.30337679483293545,B,1-2-5;1-5-2;1-5-4;1-2-4;1-4-5;1-4-2;1-5-6,1,2,0,2-1-5,1290,0,700,0
2026-09-02,202609021808,18,徳山,08,渡邊 哲也,0.13931566737163206,B,1-4-5;1-4-3;1-3-4;1-5-4;1-3-5;1-5-3;1-4-2,1,1,1,1-3-5,7850,1,700,7850
2026-09-02,202609021809,18,徳山,09,藤山 雅弘,0.6030081205967238,B,1-4-6;1-6-4;1-4-3;1-3-6;1-6-3;1-3-4;1-4-2,1,1,1,1-4-6,1000,1,700,1000
2026-09-02,202609021810,18,徳山,10,嶋田 貴支,0.5286914708271251,B,1-3-5;1-3-2;1-5-3;1-2-3;1-3-4;1-2-5;1-5-2,1,3,0,3-5-2,3200,0,700,0
2026-09-02,202609021811,18,徳山,11,蒲原 健太,0.6897001766332409,A,1-3-2;1-3-6;1-2-3;1-6-3;1-3-4;1-2-6;1-3-5,1,3,0,3-1-2,2920,0,700,0
2026-09-02,202609021812,18,徳山,12,里岡 右貴,0.8132132057093295,S,1-4-6;1-3-4;1-3-6;1-4-3;1-4-5;1-6-4;1-5-4,1,1,1,1-2-3,1150,0,700,0
2026-09-02,202609021901,19,下関,01,長谷川 暖,0.7102319398525138,A,1-2-4;1-4-2;1-2-5;1-2-3;1-3-2;1-5-2;1-2-6,1,1,1,1-4-3,1810,0,700,0
2026-09-02,202609021902,19,下関,02,山道 諄也,0.2928629301027169,B,1-3-5;1-5-3;1-5-4;1-3-4;1-5-2;1-4-5;1-3-2,1,1,1,1-5-3,2350,1,700,2350
2026-09-02,202609021903,19,下関,03,小林 京平,0.5619520430202116,B,1-5-6;1-6-5;1-3-6;1-6-3;1-5-3;1-3-5;1-6-2,1,1,1,1-3-4,7960,0,700,0
2026-09-02,202609021904,19,下関,04,野中 一平,0.7753647180302966,S,1-3-6;1-6-3;1-3-2;1-2-6;1-2-3;1-6-2;1-3-5,1,1,1,1-3-2,630,1,700,630
2026-09-02,202609021905,19,下関,05,福田 宗平,0.7242530361435693,S,1-4-3;1-3-4;1-4-2;1-2-4;1-3-2;1-2-3;1-4-5,1,1,1,1-3-2,970,1,700,970
2026-09-02,202609021906,19,下関,06,大野 芳顕,0.6497276635071427,B,1-5-6;1-3-6;1-6-5;1-6-3;1-3-5;1-5-3;1-6-4,1,1,1,1-6-3,2200,1,700,2200
2026-09-02,202609021907,19,下関,07,浜先 真範,0.8075448177652449,S,1-2-3;1-3-2;1-2-6;1-2-4;1-3-6;1-2-5;1-6-2,1,1,1,1-3-2,570,1,700,570
2026-09-02,202609021908,19,下関,08,奥田 誠,0.6948431421514322,A,1-3-6;1-3-5;1-3-2;1-2-3;1-5-3;1-6-3;1-3-4,1,1,1,1-6-3,1450,1,700,1450
2026-09-02,202609021909,19,下関,09,深谷 知博,0.7906800691419167,S,1-2-6;1-6-2;1-2-4;1-2-3;1-4-2;1-4-6;1-6-4,1,1,1,1-2-6,870,1,700,870
2026-09-02,202609021910,19,下関,10,守田 俊介,0.818157504511842,S,1-2-3;1-3-2;1-2-5;1-2-6;1-3-5;1-5-2;1-2-4,1,1,1,1-3-2,500,1,700,500
2026-09-02,202609021911,19,下関,11,小坂 尚哉,0.7895972986419798,S,1-2-5;1-5-2;1-5-4;1-2-4;1-4-5;1-4-2;1-5-3,1,1,1,1-4-6,4740,0,700,0
2026-09-02,202609021912,19,下関,12,角谷 健吾,0.7095628778015188,A,1-3-6;1-3-4;1-3-2;1-4-3;1-2-3;1-6-3;1-3-5,1,1,1,1-3-4,690,1,700,690
2026-09-02,202609022001,20,若松,01,志道 吉和,0.3537990865685027,B,1-3-4;1-4-3;1-4-6;1-4-5;1-3-6;1-4-2;1-3-5,1,4,0,4-2-6,35340,0,700,0
2026-09-02,202609022002,20,若松,02,広瀬 聖仁,0.4974351533659595,B,1-3-6;1-6-3;1-3-4;1-4-3;1-4-6;1-6-4;1-3-5,1,3,0,3-1-6,1970,0,700,0
2026-09-02,202609022003,20,若松,03,中嶋 誠一郎,0.6007061744834556,B,1-5-3;1-5-6;1-3-5;1-5-2;1-2-5;1-6-5;1-3-6,1,1,1,1-4-5,4390,0,700,0
2026-09-02,202609022004,20,若松,04,内山 文典,0.5462055281931331,B,1-3-6;1-3-5;1-5-6;1-5-3;1-2-6;1-6-5;1-6-3,1,2,0,2-1-3,8340,0,700,0
2026-09-02,202609022005,20,若松,05,馬袋 義則,0.6965278392517752,A,1-2-4;1-2-3;1-4-2;1-3-2;1-2-5;1-4-3;1-3-4,1,4,0,4-1-3,17610,0,700,0
2026-09-02,202609022006,20,若松,06,渡 修平,0.24958383929518718,B,1-2-5;1-5-2;1-5-6;1-2-6;1-6-5;1-5-4;1-5-3,1,5,0,5-2-3,1050,0,700,0
2026-09-02,202609022007,20,若松,07,平石 和男,0.62212005870095,B,1-5-3;1-3-5;1-5-2;1-5-6;1-2-5;1-3-2;1-3-6,1,5,0,5-1-3,2340,0,700,0
2026-09-02,202609022008,20,若松,08,久富 政弘,0.484074157250793,B,1-3-2;1-2-3;1-3-6;1-3-4;1-2-6;1-2-4;1-3-5,1,3,0,3-4-1,4320,0,700,0
2026-09-02,202609022009,20,若松,09,宮地 博士,0.23735612279410498,B,1-2-4;1-4-2;1-4-5;1-2-5;1-4-3;1-4-6;1-5-4,1,2,0,2-4-3,2210,0,700,0
2026-09-02,202609022010,20,若松,10,重成 一人,0.7244751498025951,S,1-2-4;1-4-2;1-4-6;1-4-3;1-2-6;1-2-3;1-3-4,1,2,0,2-4-1,5650,0,700,0
2026-09-02,202609022011,20,若松,11,田頭 実,0.7861601028992407,S,1-4-3;1-4-6;1-3-4;1-4-2;1-6-4;1-2-4;1-3-6,1,1,1,1-4-3,670,1,700,670
2026-09-02,202609022012,20,若松,12,江夏 満,0.6993903727832745,A,1-3-5;1-3-4;1-5-3;1-4-3;1-3-2;1-3-6;1-4-5,1,1,1,1-4-3,990,1,700,990
2026-09-02,202609022101,21,芦屋,01,真庭 明志,0.7375870300213155,S,1-3-2;1-3-6;1-2-3;1-3-4;1-6-3;1-2-6;1-4-3,1,2,0,2-1-5,23420,0,700,0
2026-09-02,202609022102,21,芦屋,02,竹田 吉行,0.38599214403704013,B,1-4-5;1-4-3;1-4-2;1-3-4;1-5-4;1-2-4;1-3-5,1,1,1,1-4-5,1660,1,700,1660
2026-09-02,202609022103,21,芦屋,03,山田 亮太,0.6390651998544299,B,1-3-5;1-5-3;1-5-2;1-5-6;1-3-2;1-3-6;1-2-5,1,1,1,1-3-2,1300,1,700,1300
2026-09-02,202609022104,21,芦屋,04,麻生 慎介,0.6988199739544508,A,1-2-6;1-6-2;1-2-5;1-2-3;1-6-5;1-2-4;1-6-3,1,1,1,1-4-2,4040,0,700,0
2026-09-02,202609022105,21,芦屋,05,赤羽 克也,0.7411588417554036,S,1-2-6;1-2-5;1-6-2;1-2-4;1-5-2;1-2-3;1-4-2,1,1,1,1-5-4,2370,0,700,0
2026-09-02,202609022106,21,芦屋,06,泥谷 一毅,0.6223627973767255,B,1-6-4;1-6-3;1-4-6;1-3-6;1-6-2;1-2-6;1-3-4,1,1,1,1-4-2,2420,0,700,0
2026-09-02,202609022107,21,芦屋,07,木場 雄二郎,0.5516578752178818,B,1-4-5;1-5-4;1-4-2;1-2-4;1-4-6;1-4-3;1-2-5,1,1,1,1-3-4,1670,0,700,0
2026-09-02,202609022108,21,芦屋,08,村越 篤,0.4378951574376376,B,1-3-6;1-6-3;1-3-2;1-2-6;1-2-3;1-6-2;1-3-4,1,3,0,3-1-4,3680,0,700,0
2026-09-02,202609022109,21,芦屋,09,今村 暢孝,0.4429570117291701,B,1-5-4;1-5-6;1-5-2;1-4-5;1-2-5;1-5-3;1-6-5,1,5,0,5-1-2,5590,0,700,0
2026-09-02,202609022110,21,芦屋,10,桑原 将光,0.4946300979440158,B,1-3-2;1-2-3;1-3-4;1-2-4;1-3-6;1-4-3;1-3-5,1,1,1,1-2-4,1050,1,700,1050
2026-09-02,202609022111,21,芦屋,11,中野 次郎,0.6768471190121473,A,1-2-3;1-3-2;1-2-4;1-2-5;1-4-2;1-3-4;1-4-3,1,1,1,1-4-2,1760,1,700,1760
2026-09-02,202609022112,21,芦屋,12,村岡 賢人,0.6061993442466411,B,1-4-2;1-2-4;1-4-6;1-4-3;1-4-5;1-6-4;1-2-6,1,1,1,1-3-5,2800,0,700,0
2026-09-02,202609022201,22,福岡,01,近藤 雄一郎,0.7268730564063878,S,1-3-6;1-2-3;1-3-2;1-2-6;1-6-3;1-6-2;1-3-5,1,1,1,1-3-4,910,0,700,0
2026-09-02,202609022202,22,福岡,02,大町 利克,0.23962032939798314,B,1-6-5;1-6-2;1-2-6;1-5-6;1-2-5;1-6-4;1-5-2,1,2,0,2-6-5,4990,0,700,0
2026-09-02,202609022203,22,福岡,03,田中 孝明,0.34005627953142253,B,1-2-3;1-3-2;1-2-4;1-2-5;1-4-2;1-3-4;1-2-6,1,1,1,1-5-2,6930,0,700,0
2026-09-02,202609022204,22,福岡,04,田代 達也,0.39411910024306723,B,1-3-5;1-3-4;1-5-3;1-3-2;1-4-3;1-2-3;1-5-4,1,3,0,3-1-2,1950,0,700,0
2026-09-02,202609022205,22,福岡,05,岩田 凌,0.29408922397041914,B,1-2-6;1-2-3;1-2-4;1-6-2;1-3-2;1-2-5;1-3-6,1,1,1,1-2-3,1770,1,700,1770
2026-09-02,202609022206,22,福岡,06,寳田 亮治,0.357848666572657,B,1-6-4;1-4-6;1-6-3;1-3-6;1-3-4;1-4-3;1-6-2,1,1,1,1-3-4,1320,1,700,1320
2026-09-02,202609022207,22,福岡,07,品田 直樹,0.5703750454897899,B,1-2-4;1-4-2;1-2-5;1-2-3;1-2-6;1-5-2;1-4-5,1,1,1,1-4-6,2950,0,700,0
2026-09-02,202609022208,22,福岡,08,河野 主樹,0.7290319081297131,S,1-3-6;1-6-3;1-3-4;1-4-3;1-4-6;1-6-4;1-2-3,1,1,1,1-2-3,1120,1,700,1120
2026-09-02,202609022209,22,福岡,09,長野 壮志郎,0.7086922061503561,A,1-3-4;1-4-3;1-3-5;1-3-2;1-2-3;1-5-3;1-4-5,1,2,0,2-1-3,4940,0,700,0
2026-09-02,202609022210,22,福岡,10,作間 章,0.7707192459267884,S,1-3-5;1-3-4;1-5-3;1-3-2;1-2-3;1-4-3;1-2-5,1,1,1,1-2-5,1330,1,700,1330
2026-09-02,202609022211,22,福岡,11,濱本 優一,0.5415560007163875,B,1-2-3;1-3-2;1-2-5;1-2-6;1-3-5;1-5-2;1-2-4,1,1,1,1-3-2,660,1,700,660
2026-09-02,202609022212,22,福岡,12,新開 航,0.7832077594671114,S,1-2-3;1-3-2;1-2-5;1-2-6;1-2-4;1-5-2;1-3-5,1,1,1,1-4-5,2400,0,700,0
2026-09-02,202609022401,24,大村,01,折下 寛法,0.5445645607106094,B,1-4-2;1-2-4;1-4-3;1-2-3;1-3-4;1-3-2;1-4-6,1,1,1,1-4-6,7470,1,700,7470
2026-09-02,202609022402,24,大村,02,宮本 夏樹,0.5374278108599572,B,1-5-6;1-5-4;1-5-2;1-6-5;1-2-5;1-5-3;1-4-5,1,5,0,5-1-6,2460,0,700,0
2026-09-02,202609022403,24,大村,03,相原 利章,0.4265474229785534,B,1-4-3;1-3-4;1-4-5;1-4-2;1-3-5;1-2-4;1-3-2,1,1,1,1-3-4,720,1,700,720
2026-09-02,202609022404,24,大村,04,佐々木 和伸,0.5976929670091932,B,1-3-2;1-2-3;1-3-4;1-3-5;1-4-3;1-2-4;1-3-6,1,1,1,1-3-5,750,1,700,750
2026-09-02,202609022405,24,大村,05,岩永 節也,0.41840247032647676,B,1-4-2;1-2-4;1-4-5;1-4-3;1-2-5;1-5-4;1-2-3,1,4,0,4-5-6,24960,0,700,0
2026-09-02,202609022406,24,大村,06,佐口 達也,0.419498501045257,B,1-2-6;1-6-2;1-6-4;1-2-4;1-4-6;1-6-3;1-2-3,1,2,0,2-1-4,2490,0,700,0
2026-09-02,202609022407,24,大村,07,妹尾 忠幸,0.797766803700287,S,1-3-5;1-3-2;1-2-3;1-5-3;1-3-6;1-3-4;1-2-5,1,1,1,1-2-3,970,1,700,970
2026-09-02,202609022408,24,大村,08,市橋 卓士,0.7362013920268666,S,1-2-6;1-2-5;1-2-4;1-2-3;1-6-2;1-5-2;1-4-2,1,1,1,1-2-3,590,1,700,590
2026-09-02,202609022409,24,大村,09,松村 敏,0.9432568415970507,S,1-2-6;1-2-5;1-5-6;1-5-2;1-2-3;1-6-2;1-6-5,1,3,0,3-1-6,15370,0,700,0
2026-09-02,202609022410,24,大村,10,宮崎 奨,0.7075124958209581,A,1-4-6;1-6-4;1-4-2;1-2-6;1-2-4;1-6-2;1-4-3,1,1,1,1-6-3,7530,0,700,0
2026-09-02,202609022411,24,大村,11,柳内 敬太,0.6902006411988713,A,1-3-4;1-4-3;1-3-2;1-3-6;1-2-3;1-6-3;1-3-5,1,1,1,1-3-2,530,1,700,530
2026-09-02,202609022412,24,大村,12,前田 篤哉,0.8401823527659054,S,1-2-5;1-5-6;1-5-4;1-4-5;1-5-2;1-6-5;1-2-4,1,1,1,1-2-6,2340,0,700,0
2026-09-03,202609030201,02,戸田,01,山崎 善庸,0.18446986706772336,B,1-2-6;1-6-2;1-2-5;1-2-4;1-2-3;1-5-2;1-6-5,1,5,0,5-6-2,11480,0,700,0
2026-09-03,202609030202,02,戸田,02,萬 正嗣,0.18459961595404956,B,1-3-4;1-3-2;1-4-3;1-2-3;1-3-5;1-2-4;1-3-6,1,3,0,3-1-2,1520,0,700,0
2026-09-03,202609030203,02,戸田,03,汐崎 正則,0.23388633195195604,B,1-2-6;1-2-5;1-2-4;1-6-2;1-2-3;1-5-2;1-4-2,1,2,0,2-4-1,2770,0,700,0
2026-09-03,202609030204,02,戸田,04,柴田 光,0.3423864389390306,B,1-3-6;1-3-2;1-2-3;1-6-3;1-3-5;1-2-6;1-3-4,1,1,1,1-2-3,1100,1,700,1100
2026-09-03,202609030205,02,戸田,05,郷原 章平,0.3712873343307112,B,1-4-3;1-3-4;1-4-5;1-4-6;1-4-2;1-3-5;1-5-4,1,1,1,1-4-3,800,1,700,800
2026-09-03,202609030206,02,戸田,06,田邉 亮蔵,0.18669418624949405,B,1-4-6;1-6-4;1-4-5;1-5-4;1-5-6;1-4-2;1-6-5,1,4,0,4-6-3,13250,0,700,0
2026-09-03,202609030207,02,戸田,07,井上 忠政,0.8498099301164578,S,1-2-6;1-2-5;1-2-4;1-6-2;1-2-3;1-5-2;1-4-2,1,1,1,1-5-2,2900,1,700,2900
2026-09-03,202609030208,02,戸田,08,中井 俊祐,0.16246330908734125,B,1-2-5;1-2-3;1-5-2;1-2-4;1-3-2;1-5-3;1-3-5,1,2,0,2-1-4,2320,0,700,0
2026-09-03,202609030209,02,戸田,09,加藤 啓太,0.16864204173529554,B,1-2-4;1-2-6;1-4-2;1-2-5;1-2-3;1-6-2;1-4-6,1,2,0,2-5-3,8260,0,700,0
2026-09-03,202609030210,02,戸田,10,安河内鈴之介,0.6523587234267114,A,1-4-5;1-5-4;1-2-5;1-5-2;1-2-4;1-4-2;1-5-3,1,2,0,2-1-3,21230,0,700,0
2026-09-03,202609030211,02,戸田,11,島川 海輝,0.6257965822724125,B,1-2-4;1-2-5;1-4-2;1-2-3;1-5-2;1-3-2;1-4-5,1,1,1,1-5-4,2240,0,700,0
2026-09-03,202609030212,02,戸田,12,海野 康志郎,0.36840401929516875,B,1-4-3;1-3-4;1-4-6;1-6-4;1-3-6;1-4-5;1-4-2,1,4,0,4-1-5,4250,0,700,0
2026-09-03,202609030601,06,浜名湖,01,木村 紗友希,0.4920645119090162,B,1-3-2;1-2-3;1-3-5;1-2-5;1-3-6;1-5-3;1-3-4,1,1,1,1-6-3,11320,0,700,0
2026-09-03,202609030602,06,浜名湖,02,中里 優子,0.2705160222239367,B,1-2-5;1-5-2;1-5-4;1-2-4;1-4-5;1-5-3;1-4-2,1,2,0,2-1-5,1070,0,700,0
2026-09-03,202609030603,06,浜名湖,03,笠野 友紀恵,0.3507868171656786,B,1-2-6;1-2-5;1-6-2;1-2-4;1-5-2;1-2-3;1-5-6,1,2,0,2-5-4,3720,0,700,0
2026-09-03,202609030604,06,浜名湖,04,岩崎 芳美,0.8199626755131313,S,1-2-4;1-4-2;1-4-5;1-2-5;1-5-4;1-4-3;1-4-6,1,1,1,1-4-2,440,1,700,440
2026-09-03,202609030605,06,浜名湖,05,喜多 那由夏,0.2788509563134509,B,1-2-5;1-5-2;1-2-6;1-5-6;1-5-4;1-2-4;1-5-3,1,4,0,4-6-5,20990,0,700,0
2026-09-03,202609030606,06,浜名湖,06,稲生 夏季,0.33169427908568033,B,1-3-6;1-6-3;1-3-4;1-6-4;1-4-6;1-3-5;1-3-2,1,1,1,1-3-4,2720,1,700,2720
2026-09-03,202609030607,06,浜名湖,07,谷川 里江,0.3830950893284036,B,1-6-4;1-4-6;1-6-3;1-6-2;1-3-6;1-4-3;1-3-4,1,4,0,4-6-2,4210,0,700,0
2026-09-03,202609030608,06,浜名湖,08,海野 ゆかり,0.8035562696128661,S,1-4-6;1-4-2;1-4-5;1-2-4;1-4-3;1-6-4;1-5-4,1,6,0,6-4-5,105340,0,700,0
2026-09-03,202609030609,06,浜名湖,09,池田 浩美,0.6177934178765989,B,1-3-6;1-3-5;1-3-4;1-3-2;1-6-3;1-5-3;1-2-3,1,1,1,1-3-6,860,1,700,860
2026-09-03,202609030610,06,浜名湖,10,武井 莉里佳,0.663926181482662,A,1-4-5;1-4-3;1-5-4;1-4-2;1-3-4;1-2-4;1-5-3,1,1,1,1-3-5,1030,0,700,0
2026-09-03,202609030611,06,浜名湖,11,三浦 永理,0.8009538984516099,S,1-2-3;1-3-2;1-2-5;1-2-4;1-3-5;1-5-2;1-2-6,1,1,1,1-3-2,660,1,700,660
2026-09-03,202609030612,06,浜名湖,12,倉持 莉々,0.7752394375254914,S,1-3-5;1-3-4;1-5-3;1-4-3;1-3-2;1-3-6;1-4-5,1,1,1,1-4-3,1500,1,700,1500
2026-09-03,202609030901,09,津,01,春園 功太,0.5817351021241779,B,1-4-5;1-5-4;1-3-5;1-5-3;1-3-4;1-4-3;1-2-5,1,1,1,1-2-6,3840,0,700,0
2026-09-03,202609030902,09,津,02,加藤 翔馬,0.6828095823984996,A,1-4-3;1-3-4;1-4-6;1-6-4;1-4-2;1-3-6;1-2-4,1,6,0,6-5-2,105820,0,700,0
2026-09-03,202609030903,09,津,03,若林 義人,0.7600718191312705,S,1-4-5;1-3-5;1-5-4;1-3-4;1-5-3;1-2-5;1-4-3,1,4,0,4-1-3,15770,0,700,0
2026-09-03,202609030904,09,津,04,篠崎 仁志,0.5355226654229924,B,1-3-4;1-4-3;1-3-5;1-5-3;1-3-2;1-3-6;1-4-5,1,1,1,1-3-2,2060,1,700,2060
2026-09-03,202609030905,09,津,05,宮地 元輝,0.6961051516797145,A,1-3-4;1-4-3;1-2-4;1-4-2;1-2-3;1-3-2;1-4-5,1,1,1,1-5-3,2590,0,700,0
2026-09-03,202609030906,09,津,06,宮之原 輝紀,0.676275099188202,A,1-2-3;1-3-2;1-2-4;1-4-2;1-3-4;1-2-5;1-4-3,1,3,0,3-1-4,3690,0,700,0
2026-09-03,202609030907,09,津,07,中田 竜太,0.6117764734504132,B,1-3-5;1-2-5;1-2-3;1-5-3;1-3-2;1-5-2;1-3-6,1,1,1,1-2-5,3000,1,700,3000
2026-09-03,202609030908,09,津,08,豊田 健士郎,0.7145653973249917,A,1-2-4;1-2-3;1-4-2;1-3-2;1-2-6;1-3-4;1-4-3,1,3,0,3-1-4,6010,0,700,0
2026-09-03,202609030909,09,津,09,福島 勇樹,0.660525124187997,A,1-3-5;1-5-4;1-4-5;1-5-6;1-5-3;1-2-5;1-5-2,1,1,1,1-3-6,2170,0,700,0
2026-09-03,202609030910,09,津,10,山崎 郡,0.7552456127377941,S,1-2-4;1-4-2;1-4-3;1-2-3;1-3-4;1-3-2;1-4-5,1,2,0,2-4-5,22040,0,700,0
2026-09-03,202609030911,09,津,11,関 浩哉,0.7541187347147017,S,1-3-5;1-5-3;1-3-4;1-5-4;1-2-5;1-3-2;1-4-5,1,1,1,1-3-2,870,1,700,870
2026-09-03,202609030912,09,津,12,池田 浩二,0.6827540214326666,A,1-2-6;1-2-5;1-6-2;1-2-4;1-2-3;1-5-2;1-3-2,1,2,0,2-5-3,64440,0,700,0
2026-09-03,202609031001,10,三国,01,島村 隆幸,0.810158521692417,S,1-2-6;1-2-4;1-4-2;1-6-2;1-2-5;1-4-6;1-2-3,1,1,1,1-4-3,2310,0,700,0
2026-09-03,202609031002,10,三国,02,吉島 祥之,0.3810573041916891,B,1-2-3;1-3-2;1-2-5;1-2-6;1-2-4;1-5-2;1-3-5,1,2,0,2-1-5,920,0,700,0
2026-09-03,202609031003,10,三国,03,百武 翔,0.6223323318567286,B,1-3-5;1-3-4;1-5-3;1-3-6;1-3-2;1-4-3;1-2-3,1,1,1,1-3-4,520,1,700,520
2026-09-03,202609031004,10,三国,04,森 智也,0.6671782472264269,A,1-3-6;1-6-3;1-3-2;1-2-3;1-2-6;1-6-2;1-3-4,1,1,1,1-2-4,1470,0,700,0
2026-09-03,202609031005,10,三国,05,香川 颯太,0.6275918177335942,B,1-4-6;1-3-6;1-6-4;1-3-4;1-4-3;1-6-3;1-2-6,1,1,1,1-4-3,1260,1,700,1260
2026-09-03,202609031006,10,三国,06,岩川 仁士,0.44602308629993304,B,1-4-5;1-5-4;1-4-3;1-4-6;1-4-2;1-3-4;1-2-4,1,4,0,4-1-5,1850,0,700,0
2026-09-03,202609031007,10,三国,07,多田 有佑,0.23923460839717645,B,1-6-5;1-2-6;1-6-2;1-5-6;1-2-5;1-5-2;1-6-4,1,2,0,2-6-5,4170,0,700,0
2026-09-03,202609031008,10,三国,08,松下 哲也,0.31168245284010104,B,1-5-4;1-5-2;1-4-5;1-2-5;1-5-3;1-4-2;1-2-4,1,5,0,5-3-2,7770,0,700,0
2026-09-03,202609031009,10,三国,09,前田 健太郎,0.3085063671896759,B,1-3-5;1-5-3;1-2-5;1-5-2;1-3-2;1-2-3;1-5-4,1,1,1,1-2-5,2560,1,700,2560
2026-09-03,202609031010,10,三国,10,岸本 雄貴,0.5308079665025606,B,1-4-5;1-2-4;1-4-2;1-5-4;1-2-5;1-5-2;1-4-6,1,4,0,4-5-2,2820,0,700,0
2026-09-03,202609031011,10,三国,11,中本 大樹,0.4073804853323054,B,1-2-5;1-5-2;1-2-3;1-5-3;1-3-5;1-3-2;1-2-4,1,4,0,4-2-3,8070,0,700,0
2026-09-03,202609031012,10,三国,12,萩原 秀人,0.5918496581897108,B,1-3-4;1-4-3;1-2-4;1-4-2;1-3-2;1-2-3;1-4-6,1,5,0,5-1-2,23080,0,700,0
2026-09-03,202609031201,12,住之江,01,田中 勇輔,0.519957387681058,B,1-3-5;1-3-2;1-2-3;1-5-3;1-3-4;1-2-5;1-5-2,1,4,0,4-1-3,11030,0,700,0
2026-09-03,202609031202,12,住之江,02,鈴木 智啓,0.5073670721114106,B,1-2-6;1-2-4;1-2-5;1-2-3;1-6-2;1-4-2;1-3-2,1,2,0,2-6-1,2020,0,700,0
2026-09-03,202609031203,12,住之江,03,三原 司,0.4042685041994673,B,1-3-2;1-2-3;1-3-5;1-2-5;1-3-6;1-5-3;1-3-4,1,2,0,2-4-5,11060,0,700,0
2026-09-03,202609031204,12,住之江,04,深山 祐二,0.5065135601589648,B,1-3-2;1-2-3;1-3-4;1-2-4;1-4-3;1-3-5;1-4-2,1,1,1,1-3-4,1440,1,700,1440
2026-09-03,202609031205,12,住之江,05,山本 修一,0.6397828259818427,B,1-3-6;1-6-3;1-3-2;1-2-6;1-6-2;1-2-3;1-3-4,1,3,0,3-1-2,5960,0,700,0
2026-09-03,202609031206,12,住之江,06,久保原 秀人,0.2104362095188278,B,1-4-5;1-4-3;1-3-4;1-5-4;1-3-5;1-5-3;1-4-6,1,4,0,4-5-3,1350,0,700,0
2026-09-03,202609031207,12,住之江,07,浦田 晃嗣,0.28317586957320406,B,1-2-5;1-2-3;1-5-2;1-3-2;1-2-4;1-3-5;1-5-3,1,4,0,4-3-2,18520,0,700,0
2026-09-03,202609031208,12,住之江,08,乙藤 智史,0.6952163710948088,A,1-3-6;1-6-3;1-3-5;1-3-2;1-2-3;1-5-3;1-2-6,1,1,1,1-3-2,690,1,700,690
2026-09-03,202609031209,12,住之江,09,柏野 幸二,0.661487543199851,A,1-2-6;1-6-2;1-2-5;1-2-3;1-6-5;1-2-4;1-6-3,1,2,0,2-6-1,4190,0,700,0
2026-09-03,202609031210,12,住之江,10,高倉 和士,0.74653688914857,S,1-4-5;1-4-2;1-2-4;1-5-4;1-4-3;1-2-5;1-3-4,1,1,1,1-3-6,7880,0,700,0
2026-09-03,202609031211,12,住之江,11,白水 勝也,0.6644152709271767,A,1-3-5;1-5-3;1-5-2;1-3-2;1-5-6;1-3-6;1-2-5,1,4,0,4-1-6,46490,0,700,0
2026-09-03,202609031212,12,住之江,12,末永 祐輝,0.6931885376952281,A,1-2-6;1-2-3;1-3-2;1-3-6;1-6-2;1-6-3;1-2-5,1,3,0,3-1-6,5750,0,700,0
2026-09-03,202609031301,13,尼崎,01,乃村 康友,0.4031240642988423,B,1-3-4;1-3-6;1-4-3;1-3-5;1-3-2;1-6-3;1-4-6,1,3,0,3-1-4,870,0,700,0
2026-09-03,202609031302,13,尼崎,02,樅山 拓馬,0.5253345200200793,B,1-2-5;1-5-2;1-5-3;1-2-3;1-3-5;1-3-2;1-5-4,1,5,0,5-3-2,5020,0,700,0
2026-09-03,202609031303,13,尼崎,03,吉田 宗弘,0.2517476377238644,B,1-4-2;1-4-6;1-2-4;1-4-3;1-6-4;1-3-4;1-4-5,1,4,0,4-3-2,3530,0,700,0
2026-09-03,202609031304,13,尼崎,04,佐藤 太亮,0.7080397644951207,A,1-2-6;1-5-6;1-6-5;1-6-2;1-2-5;1-5-2;1-6-4,1,1,1,1-2-6,1300,1,700,1300
2026-09-03,202609031305,13,尼崎,05,上野 秀和,0.694999125243353,A,1-2-5;1-5-2;1-5-6;1-5-4;1-2-6;1-2-4;1-5-3,1,1,1,1-5-2,720,1,700,720
2026-09-03,202609031306,13,尼崎,06,高井 雄基,0.4321752435333225,B,1-4-5;1-4-3;1-4-2;1-5-4;1-3-4;1-2-4;1-3-5,1,1,1,1-5-2,6420,0,700,0
2026-09-03,202609031307,13,尼崎,07,池田 雄一,0.5738694534266889,B,1-2-6;1-2-4;1-2-5;1-2-3;1-6-2;1-4-2;1-3-2,1,1,1,1-3-6,14010,0,700,0
2026-09-03,202609031308,13,尼崎,08,近藤 友宝,0.28927440210350963,B,1-3-2;1-2-3;1-3-6;1-3-4;1-2-6;1-3-5;1-2-4,1,2,0,2-1-3,830,0,700,0
2026-09-03,202609031309,13,尼崎,09,寺本 重宣,0.6359583388226882,B,1-5-4;1-4-5;1-5-3;1-5-2;1-3-5;1-4-3;1-2-5,1,1,1,1-5-4,960,1,700,960
2026-09-03,202609031310,13,尼崎,10,佐藤 博亮,0.8899302521365416,S,1-3-6;1-3-4;1-6-3;1-4-3;1-4-6;1-3-5;1-3-2,1,1,1,1-5-6,2000,0,700,0
2026-09-03,202609031311,13,尼崎,11,天野 友和,0.5799385365694602,B,1-2-5;1-2-6;1-5-2;1-2-3;1-2-4;1-3-2;1-6-2,1,2,0,2-3-1,9880,0,700,0
2026-09-03,202609031312,13,尼崎,12,柳沢 一,0.6667610004785044,A,1-2-6;1-2-5;1-2-3;1-6-2;1-2-4;1-3-2;1-5-2,1,1,1,1-2-6,510,1,700,510
2026-09-03,202609031601,16,児島,01,川崎 智幸,0.8284493406160264,S,1-2-6;1-2-3;1-2-5;1-6-2;1-3-2;1-3-6;1-5-2,1,1,1,1-5-3,1490,0,700,0
2026-09-03,202609031602,16,児島,02,泉 啓文,0.45442982711106056,B,1-5-4;1-4-5;1-5-3;1-3-5;1-4-3;1-3-4;1-5-2,1,2,0,2-1-5,4970,0,700,0
2026-09-03,202609031603,16,児島,03,濱崎 誠,0.43075182079795654,B,1-4-3;1-3-4;1-4-6;1-4-5;1-4-2;1-3-6;1-3-5,1,2,0,2-1-6,17840,0,700,0
2026-09-03,202609031604,16,児島,04,抹香 雄三,0.5734102831503382,B,1-5-3;1-3-5;1-5-6;1-5-4;1-3-6;1-5-2;1-4-5,1,2,0,2-3-1,16210,0,700,0
2026-09-03,202609031605,16,児島,05,山下 昂大,0.6512499341064418,A,1-3-6;1-3-2;1-2-3;1-6-3;1-3-4;1-2-6;1-6-2,1,1,1,1-2-4,3590,0,700,0
2026-09-03,202609031606,16,児島,06,是澤 孝宏,0.6587958436453387,A,1-6-3;1-3-6;1-6-4;1-6-2;1-3-4;1-3-2;1-2-6,1,1,1,1-6-4,900,1,700,900
2026-09-03,202609031607,16,児島,07,中村 日向,0.8982662145907878,S,1-3-2;1-2-3;1-3-4;1-2-4;1-4-3;1-3-6;1-3-5,1,1,1,1-2-3,270,1,700,270
2026-09-03,202609031608,16,児島,08,鶴田 勇雄,0.5973640054537925,B,1-6-4;1-4-6;1-6-3;1-3-6;1-4-3;1-3-4;1-6-2,1,4,0,4-2-3,29030,0,700,0
2026-09-03,202609031609,16,児島,09,畑 和宏,0.6244060239045259,B,1-3-5;1-2-5;1-5-3;1-5-6;1-5-2;1-3-6;1-2-3,1,4,0,4-3-1,38450,0,700,0
2026-09-03,202609031610,16,児島,10,重木 輝彦,0.7470090396965211,S,1-3-2;1-2-3;1-3-5;1-3-6;1-2-5;1-3-4;1-5-3,1,6,0,6-1-3,100410,0,700,0
2026-09-03,202609031611,16,児島,11,今井 貴士,0.5320429299952667,B,1-4-3;1-3-4;1-4-6;1-4-2;1-2-4;1-3-6;1-3-2,1,4,0,4-5-6,9650,0,700,0
2026-09-03,202609031612,16,児島,12,石倉 洋行,0.768582257075774,S,1-2-5;1-2-6;1-2-4;1-5-2;1-2-3;1-4-2;1-3-2,1,1,1,1-3-2,1040,1,700,1040
2026-09-03,202609031701,17,宮島,01,峰重 力也,0.75183087831162,S,1-2-5;1-4-5;1-5-4;1-2-4;1-5-2;1-4-2;1-5-3,1,1,1,1-4-5,930,1,700,930
2026-09-03,202609031702,17,宮島,02,飯田 庄吾,0.4042606818171906,B,1-3-4;1-4-3;1-3-2;1-2-3;1-2-4;1-4-2;1-3-5,1,3,0,3-4-1,1650,0,700,0
2026-09-03,202609031703,17,宮島,03,原村 拓也,0.30550861280624175,B,1-2-3;1-3-2;1-2-4;1-4-2;1-3-4;1-2-6;1-4-3,1,3,0,3-4-1,14800,0,700,0
2026-09-03,202609031704,17,宮島,04,内山 七海,0.6798087342102282,A,1-2-5;1-5-2;1-2-3;1-5-3;1-2-6;1-5-6;1-3-5,1,1,1,1-3-5,1570,1,700,1570
2026-09-03,202609031705,17,宮島,05,山地 正樹,0.3053927919958868,B,1-3-6;1-3-5;1-6-3;1-3-4;1-3-2;1-5-3;1-4-3,1,3,0,3-6-2,3300,0,700,0
2026-09-03,202609031706,17,宮島,06,石川 哲秀,0.24654190151368985,B,1-2-4;1-4-2;1-4-3;1-2-3;1-3-4;1-3-2;1-4-6,1,4,0,4-6-2,13160,0,700,0
2026-09-03,202609031707,17,宮島,07,亀山 雅幸,0.7210649455229997,S,1-3-5;1-5-3;1-5-4;1-3-4;1-4-5;1-4-3;1-5-2,1,1,1,1-3-5,570,1,700,570
2026-09-03,202609031708,17,宮島,08,山本 景士郎,0.5463292905358917,B,1-2-5;1-5-2;1-2-4;1-5-4;1-4-5;1-4-2;1-2-3,1,4,0,4-5-6,15860,0,700,0
2026-09-03,202609031709,17,宮島,09,谷口 知優,0.46237174719273094,B,1-2-6;1-6-2;1-2-5;1-2-3;1-3-2;1-3-6;1-5-2,1,4,0,4-2-5,15860,0,700,0
2026-09-03,202609031710,17,宮島,10,吉田 和仁,0.2361801684739491,B,1-5-2;1-2-5;1-5-4;1-2-4;1-5-3;1-5-6;1-4-5,1,1,1,1-4-5,4000,1,700,4000
2026-09-03,202609031711,17,宮島,11,北川 潤二,0.6761023689124676,A,1-2-4;1-4-2;1-4-6;1-2-6;1-4-5;1-4-3;1-6-4,1,1,1,1-3-4,1600,0,700,0
2026-09-03,202609031712,17,宮島,12,長尾 章平,0.4295182115637947,B,1-2-4;1-4-5;1-4-2;1-5-4;1-2-5;1-5-2;1-4-3,1,1,1,1-5-4,4870,1,700,4870
2026-09-03,202609031801,18,徳山,01,島川 光男,0.8317843597299694,S,1-4-3;1-3-4;1-4-6;1-4-5;1-4-2;1-3-6;1-2-4,1,1,1,1-3-2,1810,0,700,0
2026-09-03,202609031802,18,徳山,02,里岡 右貴,0.8131052481290413,S,1-2-6;1-2-4;1-4-2;1-2-5;1-6-2;1-2-3;1-4-6,1,1,1,1-3-2,1020,0,700,0
2026-09-03,202609031803,18,徳山,03,安河内 将,0.809651596258874,S,1-2-4;1-4-2;1-4-6;1-2-6;1-4-5;1-4-3;1-2-5,1,1,1,1-4-6,300,1,700,300
2026-09-03,202609031804,18,徳山,04,三好 勇人,0.6863808895800138,A,1-2-6;1-2-5;1-2-4;1-2-3;1-6-2;1-5-2;1-4-2,1,1,1,1-2-5,740,1,700,740
2026-09-03,202609031805,18,徳山,05,古澤 光紀,0.728288780877251,S,1-4-5;1-4-2;1-4-6;1-5-4;1-2-4;1-4-3;1-2-5,1,1,1,1-2-4,560,1,700,560
2026-09-03,202609031806,18,徳山,06,都築 正治,0.5339139278579315,B,1-4-5;1-4-2;1-2-4;1-5-4;1-4-3;1-2-5;1-5-2,1,2,0,2-1-4,900,0,700,0
2026-09-03,202609031807,18,徳山,07,本吉 正樹,0.1966563424703807,B,1-3-6;1-3-5;1-3-2;1-6-3;1-3-4;1-2-3;1-5-3,1,5,0,5-3-6,9130,0,700,0
2026-09-03,202609031808,18,徳山,08,牧村 俊輝,0.38033981595475524,B,1-3-4;1-4-3;1-4-6;1-4-2;1-3-6;1-3-2;1-2-4,1,4,0,4-6-5,6230,0,700,0
2026-09-03,202609031809,18,徳山,09,和田 拓也,0.8428552179430193,S,1-5-4;1-4-5;1-5-2;1-2-5;1-2-4;1-4-2;1-5-3,1,1,1,1-4-2,900,1,700,900
2026-09-03,202609031810,18,徳山,10,高村 諒,0.23177974257619025,B,1-4-5;1-4-3;1-3-4;1-5-4;1-3-5;1-4-2;1-5-3,1,4,0,4-3-5,2170,0,700,0
2026-09-03,202609031811,18,徳山,11,幸田 智裕,0.5506687864894383,B,1-2-3;1-3-2;1-2-5;1-2-4;1-5-2;1-3-5;1-5-3,1,3,0,3-2-4,3040,0,700,0
2026-09-03,202609031812,18,徳山,12,稗田 聖也,0.7130414728684203,A,1-4-3;1-3-4;1-4-2;1-2-4;1-3-2;1-2-3;1-4-6,1,4,0,4-2-3,30420,0,700,0
2026-09-03,202609031901,19,下関,01,淺香 文武,0.6963012078738208,A,1-3-2;1-2-3;1-3-5;1-2-5;1-3-6;1-5-3;1-3-4,1,1,1,1-3-2,450,1,700,450
2026-09-03,202609031902,19,下関,02,長谷川 暖,0.6093087388505185,B,1-4-2;1-2-4;1-4-5;1-2-5;1-5-4;1-4-6;1-4-3,1,1,1,1-4-5,1770,1,700,1770
2026-09-03,202609031903,19,下関,03,福田 宗平,0.6261543084159182,B,1-6-4;1-4-6;1-6-3;1-3-6;1-2-6;1-3-4;1-4-3,1,1,1,1-4-6,1130,1,700,1130
2026-09-03,202609031904,19,下関,04,中村 有裕,0.7655236258351362,S,1-4-6;1-6-4;1-2-6;1-2-4;1-6-2;1-4-2;1-6-5,1,1,1,1-6-2,1760,1,700,1760
2026-09-03,202609031905,19,下関,05,田路 朋史,0.6174482237899834,B,1-4-3;1-3-4;1-4-2;1-2-4;1-3-2;1-4-5;1-2-3,1,1,1,1-3-4,530,1,700,530
2026-09-03,202609031906,19,下関,06,田中 京介,0.5673837063934596,B,1-3-6;1-3-2;1-6-3;1-3-4;1-2-3;1-6-2;1-3-5,1,1,1,1-3-4,2540,1,700,2540
2026-09-03,202609031907,19,下関,07,山崎 裕司,0.7414568317440529,S,1-2-6;1-2-4;1-2-3;1-4-2;1-3-2;1-6-2;1-2-5,1,1,1,1-3-2,1080,1,700,1080
2026-09-03,202609031908,19,下関,08,櫻井 優,0.5775785082536011,B,1-2-5;1-2-4;1-2-3;1-5-2;1-4-2;1-2-6;1-3-2,1,1,1,1-4-2,1740,1,700,1740
2026-09-03,202609031909,19,下関,09,浜野 孝志,0.6419271617689436,B,1-2-6;1-2-3;1-6-2;1-2-5;1-3-2;1-2-4;1-3-6,1,1,1,1-2-5,1310,1,700,1310
2026-09-03,202609031910,19,下関,10,辻 栄蔵,0.7905635962119969,S,1-3-6;1-3-5;1-6-3;1-2-6;1-6-5;1-5-6;1-2-3,1,1,1,1-3-2,700,0,700,0
2026-09-03,202609031911,19,下関,11,藤原 啓史朗,0.7600487601503315,S,1-4-2;1-2-4;1-4-5;1-4-3;1-2-5;1-2-3;1-3-4,1,1,1,1-2-3,690,1,700,690
2026-09-03,202609031912,19,下関,12,小坂 尚哉,0.8365376713582042,S,1-2-3;1-3-2;1-3-6;1-3-5;1-2-6;1-2-5;1-3-4,1,1,1,1-2-3,410,1,700,410
2026-09-03,202609032001,20,若松,01,豊田 訓靖,0.33245652937117587,B,1-4-6;1-4-5;1-4-3;1-3-4;1-4-2;1-2-4;1-5-4,1,1,1,1-2-6,11160,0,700,0
2026-09-03,202609032002,20,若松,02,鈴木 茂正,0.14877695072648742,B,1-5-3;1-3-5;1-5-4;1-3-4;1-4-5;1-5-2;1-4-3,1,2,0,2-3-5,3360,0,700,0
2026-09-03,202609032003,20,若松,03,小野 勇作,0.5065049890875973,B,1-3-5;1-5-3;1-2-5;1-3-2;1-5-2;1-2-3;1-3-4,1,4,0,4-1-5,12880,0,700,0
2026-09-03,202609032004,20,若松,04,木村 光宏,0.39890094690185923,B,1-3-6;1-6-3;1-3-5;1-3-4;1-6-5;1-3-2;1-5-3,1,6,0,6-1-3,9110,0,700,0
2026-09-03,202609032005,20,若松,05,倉尾 大介,0.4243693518102108,B,1-2-4;1-4-2;1-4-5;1-2-5;1-5-4;1-4-6;1-4-3,1,1,1,1-2-4,690,1,700,690
2026-09-03,202609032006,20,若松,06,中野 和裕,0.21743431592064097,B,1-2-6;1-2-4;1-2-3;1-4-2;1-6-2;1-3-2;1-2-5,1,3,0,3-4-2,7120,0,700,0
2026-09-03,202609032007,20,若松,07,松下 直也,0.4000416157085963,B,1-3-6;1-6-3;1-3-4;1-6-4;1-4-6;1-4-3;1-3-2,1,3,0,3-4-2,21000,0,700,0
2026-09-03,202609032008,20,若松,08,芦澤 望,0.5177129430241233,B,1-3-2;1-2-3;1-3-4;1-3-5;1-2-4;1-4-3;1-4-2,1,1,1,1-2-5,2170,0,700,0
2026-09-03,202609032009,20,若松,09,深井 利寿,0.7197147735410288,A,1-2-4;1-2-5;1-4-2;1-2-6;1-2-3;1-5-2;1-4-5,1,1,1,1-2-5,2010,1,700,2010
2026-09-03,202609032010,20,若松,10,仲口 博崇,0.6076313361359783,B,1-3-4;1-4-3;1-3-2;1-3-6;1-2-3;1-3-5;1-6-3,1,1,1,1-3-2,790,1,700,790
2026-09-03,202609032011,20,若松,11,江夏 満,0.5506469198057546,B,1-3-4;1-4-3;1-3-6;1-3-5;1-3-2;1-4-6;1-6-3,1,3,0,3-2-1,26020,0,700,0
2026-09-03,202609032012,20,若松,12,重成 一人,0.5803780200469022,B,1-3-2;1-2-3;1-3-4;1-3-5;1-2-4;1-4-3;1-4-2,1,1,1,1-5-4,6020,0,700,0
2026-09-03,202609032201,22,福岡,01,長尾 京志郎,0.42818383644433583,B,1-5-4;1-2-5;1-5-6;1-5-2;1-4-5;1-6-5;1-2-4,1,4,0,4-1-6,6600,0,700,0
2026-09-03,202609032202,22,福岡,02,深澤 達徳,0.5116373950501831,B,1-4-2;1-4-6;1-2-4;1-6-4;1-4-3;1-4-5;1-2-6,1,2,0,2-1-6,12470,0,700,0
2026-09-03,202609032203,22,福岡,03,佐藤 大騎,0.18016069717577812,B,1-3-5;1-3-4;1-3-2;1-5-3;1-4-3;1-2-3;1-3-6,1,1,1,1-3-2,680,1,700,680
2026-09-03,202609032204,22,福岡,04,関 裕也,0.36414703102646934,B,1-2-5;1-5-2;1-5-3;1-2-3;1-3-5;1-3-2;1-5-6,1,1,1,1-2-5,840,1,700,840
2026-09-03,202609032205,22,福岡,05,森 弘行,0.27164473774760456,B,1-4-5;1-4-2;1-5-4;1-2-4;1-4-3;1-5-2;1-2-5,1,4,0,4-1-5,2580,0,700,0
2026-09-03,202609032206,22,福岡,06,土井 祥伍,0.342970613404642,B,1-4-6;1-6-4;1-4-3;1-4-5;1-3-4;1-3-6;1-4-2,1,1,1,1-5-3,7450,0,700,0
2026-09-03,202609032207,22,福岡,07,鳥飼 眞,0.5365334774005209,B,1-2-6;1-2-3;1-3-2;1-2-4;1-6-2;1-3-6;1-2-5,1,1,1,1-2-3,700,1,700,700
2026-09-03,202609032208,22,福岡,08,山本 英志,0.6224586447716369,B,1-2-4;1-4-2;1-2-3;1-3-2;1-2-5;1-4-3;1-3-4,1,1,1,1-2-3,1240,1,700,1240
2026-09-03,202609032209,22,福岡,09,佐々木 大河,0.8132742909270972,S,1-6-3;1-3-6;1-6-2;1-2-6;1-3-2;1-2-3;1-6-5,1,1,1,1-2-3,1190,1,700,1190
2026-09-03,202609032210,22,福岡,10,竹井 貴史,0.6037713015721259,B,1-3-6;1-3-5;1-3-2;1-2-3;1-3-4;1-6-3;1-5-3,1,4,0,4-6-1,20160,0,700,0
2026-09-03,202609032211,22,福岡,11,今泉 友吾,0.8322703819727562,S,1-3-6;1-3-4;1-3-5;1-3-2;1-6-3;1-4-3;1-2-3,1,1,1,1-4-6,2880,0,700,0
2026-09-03,202609032212,22,福岡,12,木下 翔太,0.6723608529394504,A,1-3-5;1-3-4;1-5-3;1-3-2;1-4-3;1-2-3;1-4-5,1,4,0,4-1-2,9060,0,700,0
2026-09-03,202609032401,24,大村,01,寺島 吉彦,0.6380002957283847,B,1-3-4;1-4-3;1-3-5;1-3-2;1-2-3;1-5-3;1-2-4,1,2,0,2-3-4,9920,0,700,0
2026-09-03,202609032402,24,大村,02,浜崎 準也,0.6470270547419019,B,1-2-6;1-2-4;1-4-6;1-4-2;1-6-4;1-6-2;1-2-3,1,1,1,1-2-5,3160,0,700,0
2026-09-03,202609032403,24,大村,03,村田 敦,0.4214984308037258,B,1-4-6;1-4-3;1-6-4;1-3-4;1-4-5;1-4-2;1-3-6,1,4,0,4-1-5,6030,0,700,0
2026-09-03,202609032404,24,大村,04,今出 晋二,0.20463454085901114,B,1-3-4;1-4-3;1-3-6;1-3-5;1-3-2;1-2-3;1-6-3,1,3,0,3-4-6,1680,0,700,0
2026-09-03,202609032405,24,大村,05,川原 涼,0.5685908961897763,B,1-3-4;1-3-2;1-4-3;1-2-3;1-3-6;1-2-4;1-3-5,1,3,0,3-2-1,3170,0,700,0
2026-09-03,202609032406,24,大村,06,佐々木 和伸,0.5684258596427891,B,1-4-3;1-4-6;1-3-4;1-4-2;1-6-4;1-2-4;1-3-6,1,2,0,2-1-3,2760,0,700,0
2026-09-03,202609032407,24,大村,07,荒木 颯斗,0.7679723308830593,S,1-2-5;1-2-3;1-2-6;1-5-2;1-2-4;1-3-2;1-6-2,1,1,1,1-3-2,1220,1,700,1220
2026-09-03,202609032408,24,大村,08,浮田 圭浩,0.527803226197816,B,1-3-5;1-5-3;1-3-6;1-3-4;1-3-2;1-4-3;1-6-3,1,1,1,1-3-2,1450,1,700,1450
2026-09-03,202609032409,24,大村,09,市橋 卓士,0.7865063152138914,S,1-2-3;1-3-2;1-2-6;1-2-5;1-2-4;1-3-6;1-6-2,1,1,1,1-4-2,2500,0,700,0
2026-09-03,202609032410,24,大村,10,中越 博紀,0.40991919671884575,B,1-3-2;1-2-3;1-3-5;1-2-5;1-3-6;1-3-4;1-5-3,1,2,0,2-1-3,760,0,700,0
2026-09-03,202609032411,24,大村,11,柳内 敬太,0.7138072214091767,A,1-2-3;1-3-2;1-2-4;1-4-2;1-3-4;1-2-5;1-4-3,1,1,1,1-3-4,760,1,700,760
2026-09-03,202609032412,24,大村,12,青木 蓮,0.8064928124830728,S,1-2-5;1-5-2;1-2-3;1-5-3;1-2-6;1-3-5;1-5-6,1,1,1,1-5-3,2010,1,700,2010
2026-09-04,202609040201,02,戸田,01,関口 智久,0.4526456498127612,B,1-2-5;1-5-2;1-2-4;1-5-4;1-4-5;1-4-2;1-2-3,1,1,1,1-2-5,1710,1,700,1710
2026-09-04,202609040202,02,戸田,02,宇野 博之,0.06518726536198531,B,1-3-5;1-5-3;1-3-6;1-3-4;1-3-2;1-4-3;1-5-6,1,4,0,4-3-5,4100,0,700,0
2026-09-04,202609040203,02,戸田,03,森 晋太郎,0.23836699707614972,B,1-2-4;1-2-3;1-4-2;1-3-2;1-2-5;1-3-4;1-4-3,1,1,1,1-2-4,1960,1,700,1960
2026-09-04,202609040204,02,戸田,04,鈴木 猛,0.18947323036226685,B,1-3-5;1-3-4;1-5-3;1-3-6;1-4-3;1-3-2;1-5-4,1,5,0,5-6-4,21440,0,700,0
2026-09-04,202609040205,02,戸田,05,岡瀬 正人,0.44600167643520383,B,1-4-2;1-2-4;1-4-6;1-4-5;1-4-3;1-2-6;1-6-4,1,4,0,4-6-1,1390,0,700,0
2026-09-04,202609040206,02,戸田,06,杢野 誓良,0.21677204051541382,B,1-2-6;1-2-3;1-6-2;1-2-4;1-3-2;1-2-5;1-6-3,1,2,0,2-1-6,1350,0,700,0
2026-09-04,202609040207,02,戸田,07,藤原 碧生,0.5183958516880888,B,1-2-3;1-3-2;1-2-5;1-2-6;1-5-2;1-3-5;1-2-4,1,1,1,1-6-4,250,0,700,0
2026-09-04,202609040208,02,戸田,08,畔柳 俊吾,0.2530388961874262,B,1-6-5;1-6-3;1-3-6;1-5-6;1-6-4;1-6-2;1-3-5,1,6,0,6-1-3,1790,0,700,0
2026-09-04,202609040209,02,戸田,09,木幡 純也,0.07193873474367887,B,1-2-5;1-5-2;1-5-4;1-2-4;1-4-5;1-4-2;1-5-3,1,2,0,2-5-3,7350,0,700,0
2026-09-04,202609040210,02,戸田,10,三村 岳人,0.6201897283124559,B,1-2-6;1-6-2;1-2-5;1-6-5;1-2-4;1-6-4;1-2-3,1,1,1,1-2-4,5090,1,700,5090
2026-09-04,202609040211,02,戸田,11,齊藤 仁,0.4650608602414773,B,1-2-4;1-2-3;1-4-2;1-3-2;1-2-5;1-4-3;1-3-4,1,2,0,2-1-5,2940,0,700,0
2026-09-04,202609040212,02,戸田,12,椎名 豊,0.6264688512897773,B,1-5-6;1-5-4;1-5-2;1-5-3;1-4-5;1-2-5;1-6-5,1,1,1,1-2-3,4880,0,700,0
2026-09-04,202609040601,06,浜名湖,01,倉田 郁美,0.3694541707118216,B,1-2-5;1-5-2;1-2-3;1-5-3;1-3-5;1-3-2;1-2-4,1,5,0,5-4-1,8790,0,700,0
2026-09-04,202609040602,06,浜名湖,02,中田 夕貴,0.5814200253147264,B,1-6-4;1-4-6;1-6-5;1-6-3;1-3-6;1-5-6;1-6-2,1,1,1,1-2-5,3430,0,700,0
2026-09-04,202609040603,06,浜名湖,03,赤澤 文香,0.33882431343954994,B,1-3-6;1-6-3;1-2-6;1-3-2;1-2-3;1-6-2;1-3-4,1,2,0,2-4-6,4160,0,700,0
2026-09-04,202609040604,06,浜名湖,04,廣中 智紗衣,0.5984286279911817,B,1-3-4;1-4-3;1-3-5;1-3-2;1-3-6;1-5-3;1-4-5,1,1,1,1-3-4,1310,1,700,1310
2026-09-04,202609040605,06,浜名湖,05,水口 由紀,0.3944639109905525,B,1-3-6;1-6-3;1-3-4;1-6-4;1-3-5;1-3-2;1-4-3,1,4,0,4-3-1,6510,0,700,0
2026-09-04,202609040606,06,浜名湖,06,戸敷 晃美,0.6046408006747275,B,1-4-3;1-4-6;1-3-4;1-4-5;1-4-2;1-6-4;1-3-6,1,1,1,1-4-3,670,1,700,670
2026-09-04,202609040607,06,浜名湖,07,山川 美由紀,0.6658328799082487,A,1-2-6;1-2-4;1-4-6;1-4-2;1-6-4;1-6-2;1-2-3,1,1,1,1-6-2,4040,1,700,4040
2026-09-04,202609040608,06,浜名湖,08,山本 梨菜,0.6032008114327552,B,1-2-4;1-4-2;1-4-6;1-2-6;1-4-5;1-4-3;1-2-5,1,2,0,2-4-3,8880,0,700,0
2026-09-04,202609040609,06,浜名湖,09,松瀬 弘美,0.5932445527648407,B,1-3-5;1-5-3;1-5-4;1-3-4;1-4-5;1-5-2;1-4-3,1,1,1,1-4-3,1920,1,700,1920
2026-09-04,202609040610,06,浜名湖,10,小芦 るり華,0.7168623958556319,A,1-4-2;1-2-4;1-4-6;1-4-5;1-4-3;1-6-4;1-2-6,1,1,1,1-4-2,1050,1,700,1050
2026-09-04,202609040611,06,浜名湖,11,川野 芽唯,0.7789268945539762,S,1-2-3;1-3-2;1-2-6;1-2-5;1-3-6;1-2-4;1-6-2,1,1,1,1-3-2,600,1,700,600
2026-09-04,202609040612,06,浜名湖,12,倉持 莉々,0.7528707054271323,S,1-2-3;1-3-2;1-2-4;1-4-2;1-2-6;1-3-4;1-4-3,1,1,1,1-3-5,2500,0,700,0
2026-09-04,202609040701,07,蒲郡,01,西川 新太郎,0.6478214212538678,B,1-2-5;1-5-2;1-2-3;1-2-6;1-2-4;1-3-2;1-6-2,1,1,1,1-2-3,680,1,700,680
2026-09-04,202609040702,07,蒲郡,02,池本 輝明,0.4803005318340009,B,1-4-6;1-4-5;1-4-2;1-6-4;1-2-4;1-4-3;1-5-4,1,5,0,5-4-6,11270,0,700,0
2026-09-04,202609040703,07,蒲郡,03,谷川 将太,0.6296342487630526,B,1-5-2;1-2-5;1-5-6;1-5-4;1-5-3;1-2-6;1-2-4,1,1,1,1-6-5,14220,0,700,0
2026-09-04,202609040704,07,蒲郡,04,下河 誉史,0.43692770047141033,B,1-2-3;1-3-2;1-2-6;1-2-5;1-2-4;1-3-6;1-6-2,1,2,0,2-5-4,19760,0,700,0
2026-09-04,202609040705,07,蒲郡,05,山下 流心,0.46656034832416377,B,1-3-6;1-6-3;1-2-6;1-6-2;1-3-2;1-2-3;1-6-4,1,1,1,1-3-6,1430,1,700,1430
2026-09-04,202609040706,07,蒲郡,06,岡田 憲行,0.490103402806785,B,1-4-6;1-6-4;1-6-3;1-3-6;1-4-3;1-3-4;1-6-2,1,6,0,6-3-4,3470,0,700,0
2026-09-04,202609040707,07,蒲郡,07,中辻 崇人,0.8456214327124479,S,1-4-5;1-4-3;1-5-4;1-3-4;1-4-2;1-4-6;1-3-5,1,1,1,1-4-3,440,1,700,440
2026-09-04,202609040708,07,蒲郡,08,飯島 昌弘,0.5985506848909946,B,1-3-5;1-3-6;1-5-3;1-3-4;1-3-2;1-6-3;1-4-3,1,1,1,1-3-5,500,1,700,500
2026-09-04,202609040709,07,蒲郡,09,服部 達哉,0.5259667088545366,B,1-2-6;1-2-3;1-3-2;1-6-2;1-2-4;1-3-6;1-2-5,1,1,1,1-2-4,1350,1,700,1350
2026-09-04,202609040710,07,蒲郡,10,鰐部 太空海,0.7277852917501498,S,1-3-5;1-3-4;1-5-3;1-3-2;1-4-3;1-2-3;1-3-6,1,1,1,1-4-5,3060,0,700,0
2026-09-04,202609040711,07,蒲郡,11,品川 二千翔,0.6810076360163964,A,1-3-2;1-2-3;1-3-6;1-3-5;1-3-4;1-2-6;1-2-5,1,1,1,1-2-3,410,1,700,410
2026-09-04,202609040712,07,蒲郡,12,吉田 裕平,0.8111461081731246,S,1-3-6;1-3-4;1-6-3;1-4-3;1-4-6;1-2-3;1-3-2,1,1,1,1-3-5,1530,0,700,0
2026-09-04,202609040901,09,津,01,高田 ひかる,0.6134474125565893,B,1-4-5;1-2-4;1-4-2;1-4-3;1-5-4;1-3-4;1-2-5,1,1,1,1-3-5,3160,0,700,0
2026-09-04,202609040902,09,津,02,下出 卓矢,0.6399504850331301,B,1-2-6;1-2-5;1-6-2;1-2-4;1-2-3;1-5-2;1-4-2,1,1,1,1-2-6,920,1,700,920
2026-09-04,202609040903,09,津,03,黒井 達矢,0.6155042104963485,B,1-3-5;1-5-3;1-2-5;1-5-6;1-5-2;1-2-3;1-3-6,1,2,0,2-1-5,2420,0,700,0
2026-09-04,202609040904,09,津,04,塩田 北斗,0.7330421385761802,S,1-3-4;1-4-3;1-4-6;1-4-2;1-2-4;1-3-6;1-4-5,1,1,1,1-3-5,3170,0,700,0
2026-09-04,202609040905,09,津,05,中島 孝平,0.4845277298885979,B,1-3-5;1-4-5;1-5-4;1-3-4;1-5-3;1-4-3;1-2-5,1,3,0,3-5-6,20430,0,700,0
2026-09-04,202609040906,09,津,06,渡辺 浩司,0.6442449999269569,B,1-3-2;1-2-3;1-3-5;1-2-5;1-5-3;1-3-6;1-3-4,1,1,1,1-2-6,1190,0,700,0
2026-09-04,202609040907,09,津,07,井上 一輝,0.7935387675842994,S,1-3-5;1-3-4;1-3-2;1-5-3;1-2-3;1-4-3;1-2-5,1,1,1,1-4-2,1660,0,700,0
2026-09-04,202609040908,09,津,08,青木 玄太,0.6121971962270294,B,1-3-6;1-3-5;1-6-3;1-3-4;1-3-2;1-2-3;1-5-3,1,1,1,1-3-2,1050,1,700,1050
2026-09-04,202609040909,09,津,09,尾上 雅也,0.7265039816498263,S,1-2-4;1-4-2;1-2-5;1-2-3;1-3-2;1-5-2;1-4-5,1,5,0,5-4-3,28590,0,700,0
2026-09-04,202609040910,09,津,10,柳生 泰二,0.7257024894372731,S,1-3-6;1-3-4;1-6-3;1-4-3;1-4-6;1-3-2;1-3-5,1,1,1,1-3-2,1940,1,700,1940
2026-09-04,202609040911,09,津,11,山口 剛,0.6643795486723478,A,1-3-4;1-4-3;1-4-6;1-4-5;1-3-6;1-4-2;1-3-5,1,3,0,3-2-4,39360,0,700,0
2026-09-04,202609040912,09,津,12,新田 雄史,0.7654557727608253,S,1-3-6;1-3-4;1-6-3;1-3-2;1-2-3;1-4-3;1-2-6,1,1,1,1-3-2,950,1,700,950
2026-09-04,202609041001,10,三国,01,板橋 侑我,0.7998593643486485,S,1-2-4;1-4-2;1-4-3;1-3-4;1-2-3;1-3-2;1-4-6,1,1,1,1-4-5,1480,0,700,0
2026-09-04,202609041002,10,三国,02,登玉 隼百,0.363032592988321,B,1-2-6;1-2-5;1-2-4;1-2-3;1-6-2;1-5-2;1-4-2,1,1,1,1-2-5,770,1,700,770
2026-09-04,202609041003,10,三国,03,大橋 純一郎,0.7517525189638495,S,1-3-5;1-5-3;1-3-2;1-3-6;1-2-3;1-3-4;1-6-3,1,1,1,1-3-2,650,1,700,650
2026-09-04,202609041004,10,三国,04,岡村 将也,0.448019442608136,B,1-6-4;1-4-6;1-6-3;1-6-5;1-6-2;1-3-6;1-2-6,1,6,0,6-5-1,13740,0,700,0
2026-09-04,202609041005,10,三国,05,山崎 聖司,0.21401540322358908,B,1-2-6;1-6-2;1-6-3;1-2-3;1-3-6;1-3-2;1-6-4,1,3,0,3-2-6,2790,0,700,0
2026-09-04,202609041006,10,三国,06,土性 雅也,0.17872003109354564,B,1-3-2;1-2-3;1-3-4;1-2-4;1-4-3;1-3-6;1-4-2,1,2,0,2-1-4,13600,0,700,0
2026-09-04,202609041007,10,三国,07,中村 将隆,0.3113629383887594,B,1-5-4;1-5-3;1-4-5;1-3-5;1-4-3;1-3-4;1-5-6,1,4,0,4-3-1,10150,0,700,0
2026-09-04,202609041008,10,三国,08,塩崎 優司,0.13507240418680486,B,1-2-6;1-2-3;1-3-2;1-2-4;1-6-2;1-2-5;1-3-6,1,4,0,4-5-1,134670,0,700,0
2026-09-04,202609041009,10,三国,09,竹腰 正樹,0.5027025553241748,B,1-3-6;1-3-4;1-6-3;1-4-3;1-3-2;1-4-6;1-3-5,1,1,1,1-2-6,3130,0,700,0
2026-09-04,202609041010,10,三国,10,熊本 英一,0.2156419401198839,B,1-4-6;1-6-4;1-3-6;1-6-3;1-3-4;1-4-3;1-2-6,1,1,1,1-4-3,5350,1,700,5350
2026-09-04,202609041011,10,三国,11,間野 兼礼,0.42287887231924026,B,1-2-4;1-4-2;1-2-6;1-2-5;1-2-3;1-6-2;1-5-2,1,1,1,1-3-4,2600,0,700,0
2026-09-04,202609041012,10,三国,12,吉田 拡郎,0.8861494805019758,S,1-2-6;1-2-5;1-5-6;1-3-6;1-6-5;1-5-2;1-6-2,1,1,1,1-5-3,1490,0,700,0
2026-09-04,202609041101,11,びわこ,01,市川 健太,0.5498179787915023,B,1-5-4;1-5-3;1-4-5;1-3-5;1-3-4;1-4-3;1-5-2,1,6,0,6-1-5,60340,0,700,0
2026-09-04,202609041102,11,びわこ,02,藤田 俊祐,0.533278124520627,B,1-2-4;1-2-3;1-4-2;1-3-2;1-2-5;1-4-3;1-3-4,1,1,1,1-5-3,11330,0,700,0
2026-09-04,202609041103,11,びわこ,03,小川 竜太朗,0.39139618796104847,B,1-3-6;1-3-4;1-6-3;1-3-2;1-4-3;1-2-3;1-6-4,1,6,0,6-4-1,11050,0,700,0
2026-09-04,202609041104,11,びわこ,04,金子 龍斗,0.5028582251711111,B,1-3-5;1-5-3;1-5-6;1-3-6;1-6-5;1-5-4;1-6-3,1,4,0,4-1-3,15270,0,700,0
2026-09-04,202609041105,11,びわこ,05,塚越 海斗,0.7898270504683985,S,1-2-5;1-2-3;1-5-2;1-3-2;1-2-6;1-5-3;1-2-4,1,2,0,2-1-5,3640,0,700,0
2026-09-04,202609041106,11,びわこ,06,大島 隆乃介,0.4086134092696909,B,1-5-4;1-5-3;1-4-5;1-5-2;1-3-5;1-4-3;1-2-5,1,5,0,5-1-4,1560,0,700,0
2026-09-04,202609041107,11,びわこ,07,宮崎 心之介,0.6157373984852027,B,1-2-6;1-2-5;1-2-4;1-2-3;1-6-2;1-5-2;1-4-2,1,2,0,2-1-5,2170,0,700,0
2026-09-04,202609041108,11,びわこ,08,仲 航太,0.6307978086676054,B,1-3-5;1-5-3;1-5-4;1-3-4;1-5-2;1-4-5;1-3-2,1,1,1,1-3-2,1540,1,700,1540
2026-09-04,202609041109,11,びわこ,09,藤井 公人,0.636308379700044,B,1-2-4;1-4-2;1-4-3;1-3-4;1-2-3;1-3-2;1-4-6,1,4,0,,0,0,700,0
2026-09-04,202609041110,11,びわこ,10,山崎 祥,0.5875969284523115,B,1-3-5;1-5-3;1-5-4;1-5-6;1-3-4;1-3-6;1-5-2,1,1,1,1-5-4,1740,1,700,1740
2026-09-04,202609041111,11,びわこ,11,松田 淳平,0.7163771551053891,A,1-2-4;1-4-2;1-4-6;1-4-3;1-6-4;1-2-6;1-3-4,1,4,0,4-6-2,27880,0,700,0
2026-09-04,202609041112,11,びわこ,12,廣瀬 凜,0.6576783558923075,A,1-3-4;1-4-3;1-2-4;1-4-2;1-2-3;1-3-2;1-4-6,1,1,1,1-2-4,1380,1,700,1380
2026-09-04,202609041201,12,住之江,01,小野 京平,0.30647980972605704,B,1-3-4;1-4-3;1-3-5;1-3-2;1-4-5;1-2-3;1-4-2,1,4,0,4-3-2,4820,0,700,0
2026-09-04,202609041202,12,住之江,02,滝沢 織寧,0.3148720047889935,B,1-2-5;1-5-2;1-5-3;1-2-3;1-3-5;1-3-2;1-5-4,1,3,0,3-2-5,1360,0,700,0
2026-09-04,202609041203,12,住之江,03,松下 知幸,0.36871116574913004,B,1-3-4;1-3-2;1-4-3;1-2-3;1-3-5;1-2-4;1-4-2,1,4,0,4-3-2,5170,0,700,0
2026-09-04,202609041204,12,住之江,04,赤池 修平,0.169635918718906,B,1-2-5;1-5-2;1-5-3;1-2-3;1-3-5;1-3-2;1-5-6,1,2,0,2-1-5,2260,0,700,0
2026-09-04,202609041205,12,住之江,05,徳増 秀樹,0.7487938971811569,S,1-2-6;1-6-2;1-2-4;1-6-4;1-4-6;1-4-2;1-2-5,1,1,1,1-3-2,650,0,700,0
2026-09-04,202609041206,12,住之江,06,柴田 朋哉,0.6869376514366928,A,1-2-5;1-5-2;1-5-3;1-2-3;1-3-5;1-3-2;1-5-6,1,1,1,1-2-5,730,1,700,730
2026-09-04,202609041207,12,住之江,07,南 佑典,0.4066672405909028,B,1-2-6;1-2-3;1-3-2;1-2-4;1-6-2;1-2-5;1-3-6,1,1,1,1-2-3,640,1,700,640
2026-09-04,202609041208,12,住之江,08,金子 和之,0.6044026362900227,B,1-2-4;1-4-2;1-2-3;1-2-6;1-3-2;1-4-3;1-2-5,1,2,0,2-4-1,3970,0,700,0
2026-09-04,202609041209,12,住之江,09,藤岡 俊介,0.7853659089660372,S,1-3-4;1-4-3;1-3-2;1-2-3;1-2-4;1-4-2;1-3-6,1,1,1,1-3-2,730,1,700,730
2026-09-04,202609041210,12,住之江,10,木谷 賢太,0.7761784457997273,S,1-3-6;1-6-3;1-3-5;1-3-4;1-3-2;1-5-3;1-6-5,1,1,1,1-3-6,570,1,700,570
2026-09-04,202609041211,12,住之江,11,高倉 和士,0.7875910453989093,S,1-2-4;1-4-2;1-2-5;1-2-3;1-3-2;1-5-2;1-2-6,1,1,1,1-3-2,850,1,700,850
2026-09-04,202609041212,12,住之江,12,上田 紗奈,0.7218494128919518,S,1-3-2;1-2-3;1-3-5;1-2-5;1-5-3;1-3-6;1-3-4,1,1,1,1-2-5,1160,1,700,1160
2026-09-04,202609041301,13,尼崎,01,北川 敏弘,0.4180383868469876,B,1-3-2;1-2-3;1-3-4;1-3-6;1-4-3;1-2-4;1-3-5,1,3,0,3-1-2,620,0,700,0
2026-09-04,202609041302,13,尼崎,02,西川 真人,0.6192491269173989,B,1-2-6;1-2-3;1-2-5;1-6-2;1-3-2;1-3-6;1-5-2,1,1,1,1-5-6,2610,0,700,0
2026-09-04,202609041303,13,尼崎,03,國弘 翔平,0.4725678906098854,B,1-3-2;1-2-3;1-3-4;1-4-3;1-2-4;1-3-5;1-4-2,1,2,0,2-1-5,4460,0,700,0
2026-09-04,202609041304,13,尼崎,04,小山 勉,0.8459054391715455,S,1-3-5;1-5-3;1-5-6;1-5-4;1-3-6;1-3-4;1-5-2,1,1,1,1-5-3,500,1,700,500
2026-09-04,202609041305,13,尼崎,05,渡邉 英児,0.59196228040561,B,1-5-4;1-5-2;1-4-5;1-2-5;1-2-4;1-4-2;1-5-3,1,2,0,2-5-4,22180,0,700,0
2026-09-04,202609041306,13,尼崎,06,茶谷 信次,0.39123664918905227,B,1-4-3;1-3-4;1-4-2;1-2-4;1-3-2;1-4-6;1-2-3,1,1,1,1-4-3,640,1,700,640
2026-09-04,202609041307,13,尼崎,07,大澤 風葵,0.8855150350754379,S,1-5-4;1-4-5;1-5-3;1-3-5;1-5-2;1-2-5;1-4-3,1,1,1,1-4-2,2800,0,700,0
2026-09-04,202609041308,13,尼崎,08,柳沢 一,0.8210214028443241,S,1-2-5;1-2-4;1-2-3;1-5-2;1-4-2;1-3-2;1-2-6,1,2,0,2-1-5,6000,0,700,0
2026-09-04,202609041309,13,尼崎,09,栗山 繁洋,0.3002074034106655,B,1-4-6;1-3-6;1-6-4;1-3-4;1-4-3;1-6-3;1-4-2,1,1,1,1-4-6,4590,1,700,4590
2026-09-04,202609041310,13,尼崎,10,中野 希一,0.7238226078923312,S,1-2-3;1-3-2;1-2-5;1-2-4;1-5-2;1-2-6;1-3-5,1,1,1,1-2-4,610,1,700,610
2026-09-04,202609041311,13,尼崎,11,中 亮太,0.8246138796322632,S,1-2-4;1-4-2;1-2-6;1-2-5;1-2-3;1-6-2;1-4-6,1,1,1,1-2-5,1860,1,700,1860
2026-09-04,202609041312,13,尼崎,12,平田 忠則,0.8402445509595986,S,1-2-3;1-3-2;1-2-5;1-2-4;1-5-2;1-3-5;1-5-3,1,1,1,1-3-2,660,1,700,660
2026-09-04,202609041701,17,宮島,01,山下 和彦,0.7249576462613304,S,1-2-5;1-2-3;1-5-2;1-2-6;1-3-2;1-2-4;1-6-2,1,1,1,1-2-3,610,1,700,610
2026-09-04,202609041702,17,宮島,02,小野 桜,0.36576255061571855,B,1-3-6;1-3-5;1-3-4;1-6-3;1-3-2;1-5-3;1-2-3,1,4,0,4-5-6,7690,0,700,0
2026-09-04,202609041703,17,宮島,03,清水 紀克,0.1955403100974915,B,1-3-4;1-3-5;1-4-3;1-3-2;1-2-3;1-5-3;1-3-6,1,3,0,3-2-4,1770,0,700,0
2026-09-04,202609041704,17,宮島,04,松井 賢治,0.7066765014756553,A,1-5-6;1-6-5;1-2-6;1-5-4;1-6-4;1-5-2;1-2-5,1,1,1,1-3-4,9230,0,700,0
2026-09-04,202609041705,17,宮島,05,向後 龍一,0.7122459211384997,A,1-2-6;1-2-4;1-6-2;1-4-2;1-2-3;1-2-5;1-6-4,1,1,1,1-3-6,1510,0,700,0
2026-09-04,202609041706,17,宮島,06,山本 光雄,0.38189730123346555,B,1-2-4;1-4-2;1-2-6;1-2-3;1-3-2;1-6-2;1-2-5,1,4,0,4-2-1,4040,0,700,0
2026-09-04,202609041707,17,宮島,07,栗原 一馬,0.26555236458086623,B,1-3-2;1-2-3;1-3-6;1-3-4;1-2-6;1-2-4;1-3-5,1,1,1,1-2-5,10880,0,700,0
2026-09-04,202609041708,17,宮島,08,野長瀬 正孝,0.6623336463847087,A,1-6-5;1-5-6;1-6-4;1-6-2;1-2-6;1-5-4;1-5-2,1,6,0,6-2-4,1900,0,700,0
2026-09-04,202609041709,17,宮島,09,越智 照浩,0.532157303542707,B,1-3-5;1-3-4;1-5-3;1-4-3;1-3-2;1-3-6;1-4-5,1,2,0,2-4-5,21790,0,700,0
2026-09-04,202609041710,17,宮島,10,江藤 敦宏,0.2562635385120912,B,1-3-5;1-5-3;1-2-5;1-3-2;1-2-3;1-5-2;1-3-6,1,4,0,4-3-6,20430,0,700,0
2026-09-04,202609041711,17,宮島,11,大平 誉史明,0.620009519107423,B,1-3-2;1-2-3;1-3-6;1-3-4;1-2-6;1-2-4;1-6-3,1,3,0,3-1-2,2680,0,700,0
2026-09-04,202609041712,17,宮島,12,前田 滉,0.855309695405074,S,1-4-6;1-3-4;1-3-6;1-4-3;1-6-4;1-4-5;1-5-4,1,1,1,1-3-6,2120,1,700,2120
2026-09-04,202609041801,18,徳山,01,坂元 浩仁,0.8530542611139935,S,1-3-5;1-5-3;1-3-2;1-5-2;1-2-5;1-3-6;1-2-3,1,1,1,1-2-3,520,1,700,520
2026-09-04,202609041802,18,徳山,02,藤山 雅弘,0.5281206978218314,B,1-3-6;1-6-3;1-3-4;1-6-4;1-4-3;1-4-6;1-3-2,1,1,1,1-2-6,2180,0,700,0
2026-09-04,202609041803,18,徳山,03,柘植 政浩,0.7108423829377137,A,1-4-6;1-6-4;1-2-4;1-2-6;1-4-2;1-4-5;1-5-4,1,6,0,6-1-4,6630,0,700,0
2026-09-04,202609041804,18,徳山,04,吉村 誠,0.711147159624243,A,1-3-5;1-3-4;1-5-3;1-4-3;1-3-2;1-3-6;1-2-3,1,5,0,5-2-1,35950,0,700,0
2026-09-04,202609041805,18,徳山,05,島川 光男,0.7768104738171717,S,1-3-6;1-6-3;1-3-5;1-3-2;1-5-3;1-5-6;1-6-5,1,1,1,1-3-5,530,1,700,530
2026-09-04,202609041806,18,徳山,06,池田 雷太,0.4214092844823672,B,1-2-6;1-6-5;1-5-6;1-6-2;1-2-5;1-5-2;1-6-3,1,1,1,1-2-5,1090,1,700,1090
2026-09-04,202609041807,18,徳山,07,山田 真聖,0.5510486017277763,B,1-4-5;1-4-3;1-5-4;1-4-6;1-3-4;1-4-2;1-2-4,1,4,0,4-3-6,7620,0,700,0
2026-09-04,202609041808,18,徳山,08,藤田 浩人,0.5617274451423383,B,1-3-6;1-6-3;1-3-5;1-3-4;1-6-5;1-3-2;1-6-4,1,2,0,2-1-3,6240,0,700,0
2026-09-04,202609041809,18,徳山,09,江本 真治,0.7295616795368586,S,1-3-6;1-6-3;1-3-5;1-3-2;1-6-5;1-6-2;1-5-6,1,1,1,1-3-2,870,1,700,870
2026-09-04,202609041810,18,徳山,10,里岡 右貴,0.8181092929297614,S,1-2-6;1-2-4;1-2-3;1-4-2;1-6-2;1-3-2;1-2-5,1,1,1,1-3-4,1140,0,700,0
2026-09-04,202609041811,18,徳山,11,山口 晃朋,0.8173819695972163,S,1-4-5;1-5-4;1-3-5;1-5-3;1-3-4;1-4-3;1-2-5,1,2,0,2-1-5,19450,0,700,0
2026-09-04,202609041812,18,徳山,12,安河内 将,0.8199634940892232,S,1-2-3;1-3-2;1-2-4;1-4-2;1-2-6;1-3-4;1-2-5,1,1,1,1-4-2,1310,1,700,1310
2026-09-04,202609042001,20,若松,01,宮武 英司,0.5702747034354545,B,1-2-5;1-2-3;1-3-2;1-5-2;1-2-6;1-3-5;1-2-4,1,1,1,1-5-3,1560,0,700,0
2026-09-04,202609042002,20,若松,02,中嶋 誠一郎,0.5777634781855211,B,1-3-6;1-4-6;1-6-4;1-3-4;1-6-3;1-4-3;1-2-6,1,4,0,4-3-5,15600,0,700,0
2026-09-04,202609042003,20,若松,03,桑原 啓,0.5397861426919806,B,1-4-6;1-6-4;1-4-3;1-3-6;1-6-3;1-3-4;1-4-2,1,4,0,4-1-6,2390,0,700,0
2026-09-04,202609042004,20,若松,04,仲口 博崇,0.6844863232392814,A,1-4-6;1-4-2;1-2-4;1-6-4;1-4-3;1-2-6;1-3-4,1,4,0,4-1-6,1860,0,700,0
2026-09-04,202609042005,20,若松,05,服部 幸男,0.4396096117328302,B,1-4-2;1-2-4;1-4-5;1-4-3;1-2-5;1-2-3;1-5-4,1,2,0,2-1-4,2200,0,700,0
2026-09-04,202609042006,20,若松,06,鈴木 博,0.6292665410445321,B,1-3-6;1-6-3;1-6-4;1-3-4;1-6-2;1-4-6;1-3-2,1,1,1,1-3-6,1360,1,700,1360
2026-09-04,202609042007,20,若松,07,浅見 昌克,0.45500217723124764,B,1-4-5;1-4-3;1-5-4;1-3-4;1-4-2;1-4-6;1-5-3,1,5,0,5-4-1,7660,0,700,0
2026-09-04,202609042008,20,若松,08,佐竹 恒彦,0.48961909822031446,B,1-2-3;1-3-2;1-2-5;1-2-6;1-2-4;1-5-2;1-3-5,1,2,0,2-1-3,1010,0,700,0
2026-09-04,202609042009,20,若松,09,馬袋 義則,0.6363369574457408,B,1-2-6;1-2-3;1-3-2;1-2-5;1-6-2;1-2-4;1-3-6,1,1,1,1-2-6,1910,1,700,1910
2026-09-04,202609042010,20,若松,10,江夏 満,0.6802735281171909,A,1-2-3;1-3-2;1-2-6;1-2-5;1-2-4;1-3-6;1-6-2,1,2,0,2-1-3,1750,0,700,0
2026-09-04,202609042011,20,若松,11,田頭 実,0.7419838183651648,S,1-2-6;1-6-2;1-2-5;1-2-3;1-3-2;1-3-6;1-6-5,1,1,1,1-3-2,650,1,700,650
2026-09-04,202609042012,20,若松,12,飯山 泰,0.7370549164619126,S,1-3-5;1-5-3;1-3-6;1-3-4;1-5-6;1-5-4;1-3-2,1,1,1,1-4-6,6830,0,700,0
2026-09-04,202609042201,22,福岡,01,林 恵祐,0.3126607267387382,B,1-3-2;1-2-3;1-3-5;1-3-4;1-2-5;1-5-3;1-2-4,1,2,0,2-3-4,3190,0,700,0
2026-09-04,202609042202,22,福岡,02,有山 望,0.3400126958795792,B,1-4-5;1-4-3;1-4-2;1-5-4;1-3-4;1-2-4;1-3-5,1,2,0,2-5-4,23070,0,700,0
2026-09-04,202609042203,22,福岡,03,宮迫 暢彦,0.4938588783286147,B,1-4-5;1-4-3;1-3-4;1-5-4;1-4-2;1-2-4;1-3-5,1,4,0,4-1-3,9280,0,700,0
2026-09-04,202609042204,22,福岡,04,松田 隆司,0.3851533016395441,B,1-5-2;1-2-5;1-5-6;1-5-4;1-2-6;1-5-3;1-2-4,1,1,1,1-2-3,1210,0,700,0
2026-09-04,202609042205,22,福岡,05,伏島 祐介,0.2548533364403569,B,1-3-5;1-3-2;1-5-3;1-2-3;1-2-5;1-5-2;1-3-6,1,2,0,2-1-3,2330,0,700,0
2026-09-04,202609042206,22,福岡,06,堀越 雄貴,0.38517238253533714,B,1-2-3;1-3-2;1-2-6;1-2-4;1-6-2;1-3-6;1-2-5,1,2,0,2-6-3,2510,0,700,0
2026-09-04,202609042207,22,福岡,07,枝尾 賢,0.7029522531317345,A,1-2-4;1-4-2;1-2-5;1-2-3;1-5-2;1-3-2;1-4-5,1,2,0,2-4-5,12980,0,700,0
2026-09-04,202609042208,22,福岡,08,繁野谷 圭介,0.6619692858532158,A,1-5-3;1-5-6;1-3-5;1-5-2;1-2-5;1-6-5;1-3-6,1,1,1,1-4-5,5810,0,700,0
2026-09-04,202609042209,22,福岡,09,桑島 和宏,0.6570276003608803,A,1-6-3;1-3-6;1-6-4;1-6-2;1-3-4;1-4-6;1-3-2,1,3,0,3-2-5,63710,0,700,0
2026-09-04,202609042210,22,福岡,10,佃 來紀,0.7581867692833758,S,1-4-6;1-6-4;1-3-6;1-6-3;1-3-4;1-4-3;1-6-2,1,1,1,1-4-2,1100,0,700,0
2026-09-04,202609042211,22,福岡,11,溝口 海義也,0.6436160764339078,B,1-4-5;1-4-3;1-5-4;1-4-6;1-4-2;1-3-4;1-6-4,1,4,0,4-1-5,840,0,700,0
2026-09-04,202609042212,22,福岡,12,福来 剛,0.7971736006405393,S,1-3-6;1-6-3;1-2-6;1-2-3;1-3-2;1-6-2;1-3-4,1,1,1,1-3-4,1100,1,700,1100
2026-09-04,202609042401,24,大村,01,加藤 翔,0.4900859311332576,B,1-2-5;1-2-6;1-2-4;1-5-2;1-2-3;1-4-2;1-6-2,1,1,1,1-2-3,1030,1,700,1030
2026-09-04,202609042402,24,大村,02,本村 大,0.6172280800961942,B,1-3-6;1-2-3;1-3-2;1-2-6;1-6-3;1-6-2;1-3-5,1,1,1,1-4-2,2220,0,700,0
2026-09-04,202609042403,24,大村,03,安東 幸治,0.70748323180694,A,1-3-5;1-5-3;1-5-2;1-5-6;1-3-2;1-2-5;1-3-6,1,1,1,1-2-3,1550,0,700,0
2026-09-04,202609042404,24,大村,04,川原 涼,0.5634576102647318,B,1-5-3;1-3-5;1-5-4;1-5-2;1-3-4;1-4-5;1-4-3,1,1,1,1-5-3,1740,1,700,1740
2026-09-04,202609042405,24,大村,05,荒木 颯斗,0.6068290958339622,B,1-5-3;1-3-5;1-5-2;1-2-5;1-5-4;1-3-2;1-2-3,1,1,1,1-3-5,660,1,700,660
2026-09-04,202609042406,24,大村,06,大場 広孝,0.5661383043327101,B,1-2-5;1-5-2;1-2-6;1-2-4;1-5-6;1-5-4;1-2-3,1,2,0,2-1-5,1140,0,700,0
2026-09-04,202609042407,24,大村,07,相原 利章,0.7304608562041117,S,1-2-3;1-3-2;1-2-5;1-2-4;1-5-2;1-3-5;1-4-2,1,2,0,2-3-1,3860,0,700,0
2026-09-04,202609042408,24,大村,08,石田 貴洋,0.8219694134357084,S,1-2-6;1-2-4;1-4-2;1-2-5;1-2-3;1-6-2;1-3-2,1,1,1,1-3-4,1030,0,700,0
2026-09-04,202609042409,24,大村,09,永田 啓二,0.83808385048138,S,1-3-4;1-4-3;1-3-5;1-3-2;1-3-6;1-4-5;1-5-3,1,6,0,6-1-3,235090,0,700,0
2026-09-04,202609042410,24,大村,10,松村 敏,0.9274946483115915,S,1-2-4;1-4-2;1-4-6;1-2-6;1-4-5;1-2-5;1-4-3,1,1,1,1-3-4,1810,0,700,0
2026-09-04,202609042411,24,大村,11,柳内 敬太,0.5391748890082015,B,1-3-5;1-3-2;1-5-3;1-2-3;1-3-4;1-2-5;1-5-2,1,2,0,2-3-5,14700,0,700,0
2026-09-04,202609042412,24,大村,12,野末 智一,0.5848366271878003,B,1-4-5;1-5-4;1-2-5;1-5-2;1-2-4;1-4-2;1-5-3,1,1,1,1-5-4,1580,1,700,1580
