レースコード,レース日,レース場,レース回,締切時刻,取得日時,3連単_1-2-3,3連単_1-2-4,3連単_1-2-5,3連単_1-2-6,3連単_1-3-2,3連単_1-3-4,3連単_1-3-5,3連単_1-3-6,3連単_1-4-2,3連単_1-4-3,3連単_1-4-5,3連単_1-4-6,3連単_1-5-2,3連単_1-5-3,3連単_1-5-4,3連単_1-5-6,3連単_1-6-2,3連単_1-6-3,3連単_1-6-4,3連単_1-6-5,3連単_2-1-3,3連単_2-1-4,3連単_2-1-5,3連単_2-1-6,3連単_2-3-1,3連単_2-3-4,3連単_2-3-5,3連単_2-3-6,3連単_2-4-1,3連単_2-4-3,3連単_2-4-5,3連単_2-4-6,3連単_2-5-1,3連単_2-5-3,3連単_2-5-4,3連単_2-5-6,3連単_2-6-1,3連単_2-6-3,3連単_2-6-4,3連単_2-6-5,3連単_3-1-2,3連単_3-1-4,3連単_3-1-5,3連単_3-1-6,3連単_3-2-1,3連単_3-2-4,3連単_3-2-5,3連単_3-2-6,3連単_3-4-1,3連単_3-4-2,3連単_3-4-5,3連単_3-4-6,3連単_3-5-1,3連単_3-5-2,3連単_3-5-4,3連単_3-5-6,3連単_3-6-1,3連単_3-6-2,3連単_3-6-4,3連単_3-6-5,3連単_4-1-2,3連単_4-1-3,3連単_4-1-5,3連単_4-1-6,3連単_4-2-1,3連単_4-2-3,3連単_4-2-5,3連単_4-2-6,3連単_4-3-1,3連単_4-3-2,3連単_4-3-5,3連単_4-3-6,3連単_4-5-1,3連単_4-5-2,3連単_4-5-3,3連単_4-5-6,3連単_4-6-1,3連単_4-6-2,3連単_4-6-3,3連単_4-6-5,3連単_5-1-2,3連単_5-1-3,3連単_5-1-4,3連単_5-1-6,3連単_5-2-1,3連単_5-2-3,3連単_5-2-4,3連単_5-2-6,3連単_5-3-1,3連単_5-3-2,3連単_5-3-4,3連単_5-3-6,3連単_5-4-1,3連単_5-4-2,3連単_5-4-3,3連単_5-4-6,3連単_5-6-1,3連単_5-6-2,3連単_5-6-3,3連単_5-6-4,3連単_6-1-2,3連単_6-1-3,3連単_6-1-4,3連単_6-1-5,3連単_6-2-1,3連単_6-2-3,3連単_6-2-4,3連単_6-2-5,3連単_6-3-1,3連単_6-3-2,3連単_6-3-4,3連単_6-3-5,3連単_6-4-1,3連単_6-4-2,3連単_6-4-3,3連単_6-4-5,3連単_6-5-1,3連単_6-5-2,3連単_6-5-3,3連単_6-5-4
202608061001,2026-08-06,10,01R,08:32,2026-08-06T08:22:21.660309+09:00,10.9,9.9,30.0,132.1,10.7,5.3,12.5,68.3,7.6,6.7,11.6,61.5,40.0,32.5,37.8,230.1,371.9,298.9,235.2,329.7,146.0,121.1,273.4,780.2,184.9,615.1,1031,1454,184.9,761.6,666.4,1230,432.2,1103,1279,2284,1777,2665,2460,3554,108.0,55.6,99.3,627.2,211.8,340.3,627.2,1279,116.3,426.5,367.6,1683,304.6,743.9,680.6,2284,1777,1881,2132,2460,60.1,58.5,76.3,298.9,148.0,533.1,603.5,1332,111.0,470.4,351.5,1279,198.6,592.3,329.7,1066,940.8,1523,1881,1599,390.1,278.1,240.5,680.6,799.7,1184,888.5,2284,420.8,940.8,969.3,1454,410.1,1599,1142,820.2,1523,2908,2460,2284,1599,1683,969.3,1599,1683,2665,1523,3998,1332,1999,1390,2665,1230,1523,2908,1999,1999,4569,2908,4569
202608061401,2026-08-06,14,01R,08:44,2026-08-06T08:34:18.815968+09:00,7.8,4.5,6.8,64.1,16.0,22.5,27.1,150.5,9.9,31.6,15.5,141.5,15.0,37.6,24.4,114.3,270.4,353.9,313.8,489.2,59.6,42.1,44.2,216.0,138.6,378.0,319.8,924.1,109.0,353.9,231.0,739.3,106.2,426.5,286.7,899.1,811.4,1848,1330,2559,117.5,168.0,161.4,426.5,204.1,326.1,302.4,594.0,382.3,665.3,978.4,1039,342.9,391.3,875.4,1446,723.2,1848,1147,2217,76.3,195.6,96.1,405.7,124.1,482.1,264.0,723.2,405.7,773.6,1147,773.6,180.8,310.9,678.9,1039,831.7,978.4,1108,1330,65.2,187.9,108.7,410.7,106.2,405.7,253.9,773.6,286.7,627.7,1008,875.4,189.0,386.8,811.4,1330,1330,1663,1848,3024,811.4,1039,1279,1663,1848,3024,1446,1750,1512,3326,1330,3024,1663,1584,1848,1232,4752,1848,1956,2079
202608061002,2026-08-06,10,02R,08:58,2026-08-06T08:48:18.165644+09:00,18.6,10.6,44.9,84.2,31.9,48.0,78.8,230.4,17.0,50.3,80.1,143.1,124.9,121.8,213.7,241.7,313.7,589.8,368.6,388.0,23.8,10.3,39.7,85.7,55.4,53.0,126.0,351.0,13.0,29.6,30.4,76.0,107.6,155.2,64.1,189.0,460.8,526.6,313.7,460.8,134.0,108.4,155.2,546.1,145.9,81.9,254.2,307.2,249.9,132.8,491.5,1134,475.6,388.0,737.2,819.2,819.2,641.1,1134,983.0,14.6,69.8,58.5,33.5,13.1,39.1,32.4,27.0,179.8,87.2,320.5,300.9,117.9,51.7,388.0,191.5,213.7,155.2,388.0,278.2,226.8,491.5,237.8,526.6,249.9,273.0,237.8,294.9,567.1,351.0,867.3,867.3,398.5,398.5,867.3,368.6,1340,776.0,1474,1053,641.1,1134,1228,1228,475.6,614.4,398.5,867.3,1638,983.0,1340,1053,819.2,491.5,2106,983.0,1340,1053,983.0,1053
202608061402,2026-08-06,14,02R,09:10,2026-08-06T09:00:50.538877+09:00,7.7,34.8,38.8,68.5,7.5,23.7,13.9,43.5,97.8,77.0,147.1,145.2,63.6,27.5,139.1,169.8,320.8,181.8,268.6,238.1,21.9,93.1,97.0,224.2,23.6,79.6,82.5,117.8,155.0,155.0,444.2,513.3,208.1,200.8,537.2,721.8,607.9,405.2,1050,825.0,11.6,29.3,21.7,58.0,17.1,43.3,51.1,68.7,72.4,74.7,111.5,118.4,40.8,92.7,168.6,120.9,116.0,131.2,187.8,118.4,208.1,177.6,245.7,577.5,268.6,224.2,420.0,420.0,190.9,259.5,296.1,339.7,435.8,624.3,405.2,660.0,962.5,962.5,745.1,660.0,158.2,132.0,344.7,398.2,243.1,197.4,334.7,398.2,154.0,245.7,452.9,231.0,563.4,624.3,462.0,770.0,888.4,1004,288.7,1155,1215,745.1,1443,1215,1050,550.0,1155,1100,577.5,563.4,770.0,592.3,1100,1283,721.8,962.5,1443,1100,888.4,1358
202608061003,2026-08-06,10,03R,09:24,2026-08-06T09:14:25.781088+09:00,15.8,49.4,26.8,83.3,7.6,21.2,6.7,34.2,84.5,84.9,68.9,178.0,31.2,12.0,55.7,68.6,241.3,159.4,327.4,187.1,48.1,199.3,135.8,447.2,66.4,203.7,156.7,447.2,346.0,327.4,654.9,705.3,165.2,199.3,482.6,611.3,1309,591.5,1146,1146,22.3,34.4,12.3,75.7,53.0,110.4,92.1,210.7,166.7,152.8,187.1,286.5,23.3,67.1,109.8,101.3,241.3,265.7,458.4,244.5,265.7,300.6,352.6,611.3,327.4,316.1,632.3,523.9,305.6,327.4,366.7,495.6,390.1,705.3,359.5,679.2,1309,873.2,873.2,1410,69.9,29.8,126.4,103.0,168.2,120.6,352.6,426.4,41.1,94.0,187.1,149.0,458.4,366.7,407.5,346.0,295.7,523.9,310.8,916.9,705.3,632.3,1146,705.3,965.2,555.7,1018,1667,873.2,733.5,764.1,509.4,1528,1078,1528,1833,573.0,1528,509.4,833.5
202608061403,2026-08-06,14,03R,09:36,2026-08-06T09:26:19.647654+09:00,22.5,17.5,9.0,60.7,29.7,37.4,22.6,83.0,26.8,51.8,17.5,76.7,10.4,19.1,16.2,44.3,193.1,244.6,178.1,127.3,113.2,97.5,61.1,221.0,174.7,333.5,201.5,495.8,152.8,300.7,201.5,321.8,95.5,197.2,197.2,426.6,426.6,797.6,833.8,917.2,130.1,124.7,78.7,327.5,262.0,187.1,133.9,121.4,197.2,251.3,169.8,398.8,129.1,169.8,173.0,555.9,539.5,539.5,447.4,1019,84.9,101.9,43.8,131.0,141.1,215.8,141.1,251.3,244.6,333.5,189.1,193.1,47.8,114.6,98.1,116.1,416.9,426.6,524.1,300.7,34.4,53.1,35.2,59.7,54.2,119.1,91.7,128.2,126.5,174.7,136.9,195.1,52.4,101.9,149.1,118.3,135.8,206.1,679.4,247.9,705.5,611.5,1310,436.7,965.5,1146,833.8,833.8,705.5,965.5,797.6,2038,539.5,1528,705.5,733.8,398.8,764.3,965.5,705.5
202608061004,2026-08-06,10,04R,09:50,2026-08-06T09:40:28.404918+09:00,5.6,29.7,49.7,16.2,3.9,16.2,23.0,8.6,76.9,76.9,125.9,123.9,106.7,73.0,321.8,152.4,54.2,36.6,162.0,132.3,17.7,159.7,163.1,58.9,38.7,236.4,269.4,227.1,321.8,399.4,858.1,643.6,297.0,454.3,926.7,609.7,345.8,379.8,891.1,1007,30.7,60.0,65.0,40.5,62.7,147.5,218.5,96.1,208.7,297.0,386.1,313.1,196.3,379.8,772.3,565.1,113.0,214.5,492.9,282.5,304.8,367.7,482.7,514.8,386.1,413.7,661.9,526.5,279.1,413.7,362.0,321.8,724.0,1007,579.2,858.1,326.3,827.4,724.0,429.0,272.5,254.6,609.7,565.1,386.1,345.8,551.6,594.0,297.0,373.7,1103,772.3,1287,1362,1448,702.1,626.2,1007,579.2,609.7,293.2,199.7,965.4,747.4,503.6,421.2,1103,1103,254.6,392.7,1219,702.1,594.0,1219,681.4,2106,1287,965.4,891.1,643.6
202608061404,2026-08-06,14,04R,10:02,2026-08-06T09:52:24.175167+09:00,21.4,23.3,58.3,44.2,22.3,9.0,32.8,18.5,28.2,14.5,35.8,13.8,67.2,50.0,65.2,74.0,82.3,46.3,28.8,83.9,106.1,91.8,139.9,226.0,92.7,191.6,124.1,267.0,111.5,238.2,326.4,314.7,176.2,204.9,303.9,881.4,303.9,678.0,518.4,629.5,69.9,37.1,72.2,73.4,131.5,85.5,75.3,57.9,74.0,115.9,166.3,108.8,124.1,99.0,179.8,303.9,144.4,251.8,127.7,383.2,67.8,36.5,84.7,34.0,154.6,183.6,195.8,195.8,78.0,214.9,166.3,108.8,191.6,314.7,214.9,303.9,102.4,303.9,157.3,204.9,195.8,157.3,163.2,187.5,238.2,139.9,191.6,367.2,284.3,231.9,400.6,326.4,238.2,367.2,339.0,352.5,678.0,550.8,587.6,489.6,267.0,244.8,149.3,587.6,440.7,587.6,367.2,629.5,275.4,518.4,244.8,550.8,176.2,550.8,226.0,518.4,550.8,881.4,587.6,678.0
202608061005,2026-08-06,10,05R,10:18,2026-08-06T10:08:22.268352+09:00,47.4,58.2,20.3,35.1,72.0,107.6,40.6,95.4,117.7,222.1,71.7,157.6,16.0,25.8,38.0,11.2,68.5,150.9,151.5,32.3,83.8,160.5,71.3,155.5,137.9,296.7,172.2,356.7,259.6,483.7,315.3,653.9,72.8,118.5,172.2,81.1,282.5,452.7,666.3,173.1,159.7,185.8,88.0,296.7,195.1,235.4,163.4,161.2,410.6,405.9,371.7,767.7,71.1,103.8,144.1,75.6,464.6,410.6,767.7,151.5,257.7,415.4,206.5,490.4,353.1,470.8,353.1,692.4,447.0,511.8,477.2,692.4,217.9,326.9,388.0,178.3,720.7,861.3,882.8,261.5,19.2,40.2,46.5,11.7,39.8,78.8,115.4,36.6,54.2,85.7,165.7,56.2,117.3,166.5,261.5,77.4,15.7,28.5,50.8,48.1,233.8,527.0,504.4,73.2,318.1,543.3,882.8,204.1,598.5,598.5,784.7,269.5,905.5,1177,1139,296.7,63.2,122.1,207.7,196.1
202608061405,2026-08-06,14,05R,10:28,2026-08-06T10:18:20.116646+09:00,28.3,33.1,128.4,100.6,62.9,58.8,115.4,133.8,76.7,96.0,161.3,132.4,123.3,122.1,279.7,449.5,193.6,359.6,233.0,286.0,24.5,25.2,170.0,124.6,19.7,10.6,117.6,34.5,23.9,12.8,187.8,53.5,165.6,237.4,381.4,434.0,206.3,141.4,107.5,629.3,91.2,68.7,172.4,182.4,19.7,10.7,100.6,48.2,70.3,12.9,279.7,19.3,267.7,148.0,306.9,524.4,237.4,123.3,124.6,740.3,92.5,91.2,203.0,155.3,86.8,29.6,262.2,71.9,93.9,32.3,196.6,70.3,406.0,466.1,370.1,699.2,286.0,123.3,133.8,449.5,322.7,279.7,299.6,434.0,340.1,170.0,262.2,393.3,406.0,262.2,449.5,419.5,370.1,449.5,503.4,572.1,1573,699.2,1048,968.1,547.2,899.0,572.1,968.1,786.6,370.1,273.6,740.3,1144,449.5,299.6,1398,786.6,359.6,251.7,1573,434.0,1258,662.4,1798
202608060901,2026-08-06,09,01R,10:32,2026-08-06T10:22:18.807798+09:00,4.6,6.0,4.5,74.7,14.8,27.8,26.5,136.7,17.4,42.9,18.4,131.8,11.2,33.3,22.8,136.7,155.2,300.3,416.4,254.4,87.6,109.7,66.6,310.5,190.8,538.8,389.8,832.8,273.4,763.4,704.7,763.4,165.0,678.6,678.6,555.2,704.7,964.3,704.7,538.8,160.7,261.7,218.1,572.5,234.9,373.9,591.0,140.9,572.5,732.9,964.3,1409,398.3,654.3,796.6,1221,1145,1526,964.3,1526,145.4,327.1,162.1,426.1,241.0,610.7,495.2,469.8,631.8,916.1,964.3,610.7,250.9,469.8,610.7,538.8,732.9,591.0,446.8,732.9,156.6,247.6,181.4,631.8,254.4,495.2,654.3,678.6,398.3,1221,872.5,1145,321.4,495.2,964.3,654.3,964.3,1145,1409,523.5,654.3,654.3,872.5,1077,1221,1077,732.9,732.9,591.0,1077,631.8,732.9,538.8,872.5,572.5,704.7,1221,654.3,796.6,654.3
202608061801,2026-08-06,18,01R,10:42,2026-08-06T10:32:24.101412+09:00,9.9,24.5,22.0,20.1,7.5,13.7,9.3,10.0,40.6,32.4,50.0,34.0,49.0,31.1,80.7,43.7,46.5,30.2,64.0,61.0,63.1,153.8,150.9,134.7,101.7,421.6,310.7,327.3,329.4,571.1,590.5,548.5,354.1,492.6,799.5,655.8,361.5,554.3,815.2,862.6,37.3,50.2,35.0,34.6,87.7,217.2,202.4,172.0,126.4,269.6,247.1,194.8,95.9,195.7,276.4,169.7,110.5,236.5,285.5,260.5,248.6,178.9,301.2,220.9,391.5,664.1,674.9,629.9,292.8,670.6,666.3,497.3,447.0,686.1,651.6,613.2,340.2,699.9,558.8,808.9,280.9,167.2,428.6,333.1,489.1,439.5,734.5,721.8,210.8,587.2,862.6,571.1,602.5,866.2,899.9,787.4,489.1,971.4,758.7,802.6,217.2,161.5,308.4,351.1,454.9,588.9,764.2,962.4,232.0,611.4,558.8,679.3,449.9,976.0,869.8,936.4,547.0,1055,896.0,1009
202608060201,2026-08-06,02,01R,10:47,2026-08-06T10:38:21.783153+09:00,14.3,14.9,22.2,15.2,26.5,33.9,47.8,42.5,40.0,60.1,58.7,62.1,55.3,81.7,92.1,75.7,37.8,75.5,110.2,84.3,35.7,35.0,37.5,25.9,63.8,89.6,108.8,97.7,83.0,132.1,89.0,123.9,95.5,179.8,92.8,101.9,46.0,123.9,137.7,110.2,55.8,86.9,83.2,79.7,74.0,79.4,106.5,71.1,114.6,124.5,191.8,142.3,130.1,150.6,182.4,181.1,176.2,187.7,187.7,281.5,107.4,187.7,77.5,159.8,140.0,202.3,135.6,142.3,259.0,200.8,287.8,219.5,92.1,215.8,219.5,219.5,214.0,171.5,231.2,284.6,106.1,170.4,162.9,158.9,140.0,183.7,221.3,134.2,208.8,272.6,439.0,392.4,196.2,259.0,392.4,308.3,166.0,235.4,439.0,308.3,61.8,193.3,256.4,191.8,52.9,159.8,203.9,214.0,315.8,246.7,294.3,528.6,308.3,323.7,319.7,439.0,235.4,269.8,528.6,354.8
202608061006,2026-08-06,10,06R,10:50,2026-08-06T10:40:39.945252+09:00,31.0,63.3,16.0,18.7,81.5,184.9,97.2,144.7,154.3,316.5,259.3,287.3,30.2,85.2,381.1,41.4,65.7,200.8,366.2,71.8,25.4,71.8,12.8,17.7,77.8,230.5,78.8,121.2,159.6,255.8,209.8,252.3,17.0,53.9,227.7,11.6,40.9,126.1,359.1,23.0,162.4,169.7,125.3,339.5,214.6,139.3,147.0,107.3,478.8,327.6,691.7,848.9,186.7,188.6,644.0,151.8,352.3,316.5,778.1,233.4,296.4,667.0,366.2,583.6,333.5,444.6,478.8,415.0,602.4,565.9,812.0,848.9,491.4,549.3,747.0,518.7,812.0,549.3,982.9,602.4,33.5,95.7,291.8,42.7,32.7,78.8,214.6,21.6,177.8,174.5,848.9,144.7,778.1,667.0,848.9,278.7,39.8,26.0,102.0,179.5,87.6,366.2,667.0,116.0,93.3,214.6,306.1,43.9,644.0,397.3,1098,233.4,718.3,602.4,933.8,518.7,83.3,42.2,161.0,322.0
202608061701,2026-08-06,17,01R,10:57,2026-08-06T10:48:21.778927+09:00,11.7,16.4,12.8,27.7,11.7,14.9,12.7,24.1,25.5,23.8,20.4,29.4,18.0,20.7,17.7,16.3,54.1,60.5,55.0,40.2,98.0,187.9,111.3,231.2,149.0,693.8,353.7,622.0,316.5,820.0,474.7,820.0,191.9,530.6,546.6,949.5,693.8,1202,1061,1387,98.5,132.6,93.9,222.7,155.5,277.5,353.7,130.7,286.3,546.6,451.0,751.6,162.5,601.3,451.0,281.8,501.1,949.5,902.0,1503,151.6,173.4,92.0,129.7,243.7,392.1,360.8,546.6,311.0,644.3,451.0,859.0,131.6,346.9,243.7,281.8,290.9,859.0,820.0,622.0,85.9,115.6,83.5,82.0,228.3,353.7,392.1,644.3,214.7,501.1,501.1,644.3,149.0,392.1,322.1,353.7,277.5,721.6,693.8,474.7,217.3,501.1,316.5,419.5,322.1,1202,1387,1061,859.0,1640,1202,1127,563.7,1288,1503,949.5,501.1,1202,1288,1061
202608061406,2026-08-06,14,06R,10:59,2026-08-06T10:50:22.673483+09:00,41.9,13.5,35.0,139.8,83.2,74.8,119.5,305.7,15.9,63.3,77.2,118.2,126.6,107.5,163.3,403.8,293.1,411.6,305.7,465.2,55.1,19.1,90.6,109.2,94.2,44.5,103.9,267.5,12.9,17.9,27.3,40.3,135.4,277.9,120.9,403.8,319.4,792.7,251.8,522.0,179.8,146.5,209.8,497.7,230.1,79.8,130.5,135.4,201.9,68.3,237.8,319.4,267.5,205.8,339.7,369.0,823.2,690.4,362.7,1019,12.6,54.1,47.1,72.3,11.3,16.9,20.2,29.4,108.6,63.8,138.0,178.3,58.1,40.3,99.5,72.5,174.0,102.4,240.4,151.7,289.2,264.2,240.4,509.6,369.0,277.9,254.8,594.5,362.7,297.2,362.7,548.8,345.2,329.2,486.4,445.9,1259,856.1,1426,668.8,764.4,1426,1259,1259,823.2,1528,445.9,1528,1189,1426,611.5,1259,1337,455.3,548.8,930.5,1646,2140,1189,1126
202608060902,2026-08-06,09,02R,11:02,2026-08-06T10:52:25.174660+09:00,8.3,11.0,17.5,53.7,12.8,25.4,26.6,65.2,11.7,34.9,28.7,97.9,43.0,68.2,67.4,119.0,57.8,195.8,173.5,168.6,29.0,45.6,86.7,264.0,48.9,209.4,97.9,233.5,70.6,178.6,276.0,276.0,85.5,144.5,337.3,506.0,224.9,379.5,552.0,506.0,39.6,61.3,59.5,114.5,42.7,85.5,77.8,40.7,121.4,209.4,202.4,202.4,86.7,138.0,242.9,119.0,357.2,357.2,289.1,337.3,62.6,119.0,102.9,134.9,70.6,164.1,178.6,168.6,202.4,319.6,209.4,337.3,178.6,264.0,195.8,168.6,289.1,303.6,289.1,404.8,129.2,134.9,141.2,202.4,114.5,134.9,242.9,202.4,155.7,337.3,337.3,289.1,276.0,357.2,357.2,319.6,433.7,379.5,319.6,319.6,404.8,759.0,674.7,1012,506.0,552.0,759.0,1012,759.0,867.5,607.2,759.0,467.1,379.5,506.0,552.0,674.7,759.0,607.2,1012
202608061802,2026-08-06,18,02R,11:11,2026-08-06T11:02:23.997174+09:00,8.1,17.1,10.8,23.1,10.7,21.4,11.9,22.4,33.0,37.3,44.8,64.1,22.8,24.0,56.8,40.1,70.3,67.7,141.8,79.9,36.3,74.5,50.9,85.2,68.1,166.0,100.1,204.1,182.0,231.3,321.0,352.2,120.7,164.0,381.9,333.5,268.2,401.7,657.6,576.3,47.0,75.8,52.5,79.0,80.6,139.5,120.0,158.8,184.0,224.6,242.3,291.2,114.7,147.3,271.8,197.2,206.4,270.4,416.0,288.6,134.2,196.0,151.5,212.6,211.2,347.7,297.6,334.8,314.2,387.3,403.6,459.4,191.6,274.5,332.8,290.7,375.7,449.2,627.2,465.9,115.5,129.2,266.4,200.6,201.5,222.1,450.5,412.8,228.1,284.1,644.6,413.9,420.3,606.2,758.5,617.7,420.3,685.2,568.2,795.5,274.5,328.8,617.7,408.7,492.7,564.3,685.2,948.2,463.3,604.0,845.0,734.6,970.7,965.0,1173,1235,599.6,994.4,965.0,1132
202608060202,2026-08-06,02,02R,11:16,2026-08-06T11:06:22.173207+09:00,29.8,41.4,62.3,91.4,43.7,59.1,96.7,171.4,71.1,123.6,127.8,158.8,93.1,131.1,153.9,195.9,165.7,255.6,247.3,171.4,17.2,26.7,40.1,62.5,17.0,19.6,22.9,55.8,47.1,34.5,59.6,64.1,65.3,67.3,96.7,155.5,171.4,186.2,218.6,225.1,46.8,64.7,67.3,139.6,31.1,23.1,30.9,37.7,78.1,44.1,79.8,138.4,70.4,59.6,95.4,119.7,269.3,228.5,201.1,284.6,87.2,125.7,81.9,149.3,76.1,61.8,62.3,79.8,145.0,79.8,125.7,165.7,76.1,70.4,94.8,113.4,173.4,143.6,198.5,209.5,125.7,201.1,209.5,301.7,133.5,92.5,134.6,179.5,215.5,130.0,247.3,431.0,193.4,140.9,260.1,290.1,359.1,342.8,457.1,335.2,359.1,754.3,718.3,685.7,471.4,431.0,377.1,538.7,754.3,538.7,580.2,558.7,628.5,443.7,655.9,838.1,603.4,655.9,718.3,887.4
202608061007,2026-08-06,10,07R,11:20,2026-08-06T11:10:20.458685+09:00,43.5,40.0,35.9,26.7,43.7,195.4,155.3,76.9,114.4,316.2,212.1,90.1,63.0,112.2,199.9,56.1,55.7,84.4,185.0,110.7,69.0,38.2,24.1,19.2,110.7,109.3,76.9,55.2,66.9,139.1,46.8,29.9,36.5,79.4,41.9,13.0,33.0,76.9,36.0,13.9,197.6,217.4,162.5,110.7,143.7,92.0,102.9,92.0,334.5,238.2,386.5,483.1,248.4,199.9,414.1,248.4,362.3,310.6,483.1,599.7,170.5,424.2,185.0,244.9,123.3,204.6,101.1,92.5,395.3,285.1,496.9,543.5,214.7,152.5,310.6,156.7,276.0,156.7,424.2,217.4,115.9,238.2,322.1,147.4,103.5,146.1,126.9,46.1,328.1,231.9,414.1,395.3,305.1,187.0,511.5,164.0,152.5,54.6,305.1,204.6,76.6,220.1,173.9,126.9,59.9,149.9,59.9,29.8,414.1,235.0,354.9,305.1,347.8,101.7,446.0,149.9,151.2,47.0,223.0,118.3
202608061702,2026-08-06,17,02R,11:25,2026-08-06T11:16:22.634204+09:00,8.1,16.8,44.9,52.0,8.7,25.0,25.8,54.4,45.6,60.0,138.9,193.9,91.2,91.2,211.5,265.9,175.6,150.1,372.3,258.5,12.6,63.3,67.9,116.3,15.6,72.1,34.7,62.4,206.8,160.5,238.6,310.3,186.1,132.9,99.0,372.3,423.1,258.5,664.9,846.2,13.1,63.3,38.4,60.8,17.1,42.8,46.3,32.2,143.2,100.0,141.0,221.6,112.1,91.2,166.2,116.3,160.5,155.1,273.7,232.7,211.5,273.7,310.3,443.2,265.9,163.3,332.4,258.5,282.0,216.4,273.7,465.4,332.4,620.6,232.7,358.0,489.9,664.9,620.6,581.8,216.4,216.4,244.9,547.5,227.0,221.6,344.7,321.0,258.5,332.4,310.3,387.8,423.1,547.5,300.2,775.7,775.7,846.2,716.0,547.5,189.9,358.0,1163,1163,211.5,547.5,1034,846.2,489.9,547.5,664.9,664.9,1329,1163,1163,1163,1329,1329,1034,1034
202608060903,2026-08-06,09,03R,11:30,2026-08-06T11:20:27.543690+09:00,17.9,67.6,26.4,110.4,12.5,24.7,7.2,56.5,64.6,87.5,104.0,287.0,29.4,12.1,69.6,93.1,72.4,193.9,358.8,140.7,90.8,132.8,93.1,398.6,85.4,146.4,69.6,188.8,247.4,377.6,265.7,377.6,135.3,132.8,312.0,398.6,341.7,598.0,1025,598.0,23.5,56.9,12.3,95.6,88.5,82.4,62.9,55.2,156.0,143.5,96.9,247.4,19.7,40.7,71.7,71.0,422.1,398.6,312.0,276.0,179.4,231.4,265.7,358.8,239.2,448.5,276.0,377.6,239.2,512.5,199.3,398.6,312.0,398.6,188.8,358.8,448.5,1196,512.5,717.6,68.3,27.1,156.0,184.0,130.4,94.4,256.2,326.1,26.8,67.0,146.4,163.0,326.1,398.6,231.4,512.5,326.1,398.6,247.4,478.4,797.3,897.0,1196,1025,897.0,652.3,1196,717.6,1196,897.0,652.3,717.6,797.3,552.0,422.1,512.5,652.3,717.6,552.0,797.3
202608061407,2026-08-06,14,07R,11:35,2026-08-06T11:26:22.754900+09:00,24.9,56.9,107.7,43.3,13.6,16.5,26.7,10.5,111.2,68.8,146.1,84.4,147.9,72.8,214.5,162.0,57.8,34.3,77.5,147.0,82.4,167.7,220.5,106.8,74.4,190.5,172.5,116.1,224.6,305.3,721.7,410.6,270.6,372.1,821.2,580.9,200.1,203.5,506.7,506.7,20.7,20.5,34.4,10.5,52.4,80.7,95.2,34.9,47.7,76.3,99.6,36.7,80.7,108.2,83.2,65.0,21.4,46.2,38.6,73.5,345.1,143.4,214.5,159.8,317.5,290.4,449.3,317.5,138.4,283.5,183.2,128.0,350.2,661.5,245.5,360.8,208.9,297.7,210.7,297.7,321.8,229.0,297.7,273.7,410.6,297.7,486.0,580.9,283.5,366.4,309.3,256.0,476.3,793.9,410.6,496.1,326.2,390.4,297.7,449.3,162.0,72.6,273.7,378.0,250.7,283.5,661.5,661.5,85.3,193.6,210.7,313.3,441.0,700.5,313.3,744.2,610.6,768.2,253.3,882.1
202608061803,2026-08-06,18,03R,11:40,2026-08-06T11:30:18.334077+09:00,20.1,26.5,63.2,46.9,15.6,6.8,18.8,11.2,27.2,10.5,30.6,15.4,103.1,53.0,87.1,79.0,104.3,36.0,43.3,107.6,102.9,139.2,239.0,188.8,144.6,300.8,298.7,385.5,225.4,285.7,552.3,419.9,384.3,438.1,816.5,755.5,410.8,746.9,751.1,1068,64.8,24.2,55.0,37.1,149.3,149.8,238.5,211.3,44.1,158.5,127.3,57.7,167.8,280.8,280.2,263.4,106.0,312.2,121.0,296.7,130.6,50.1,121.8,67.8,247.1,386.6,436.7,365.1,69.4,303.5,226.2,102.2,211.6,421.3,303.5,245.7,127.5,366.1,148.2,283.3,356.2,230.2,375.5,377.7,571.5,363.1,605.7,623.0,299.4,530.0,605.7,507.5,429.6,906.6,638.1,545.4,677.6,1123,738.5,787.1,355.2,170.0,236.4,507.5,706.7,826.7,632.0,1143,229.0,791.9,223.5,532.2,293.4,751.1,267.7,623.0,726.2,1143,826.7,870.5
202608060203,2026-08-06,02,03R,11:45,2026-08-06T11:36:17.893806+09:00,123.8,96.2,237.6,183.4,85.9,35.4,127.2,48.4,123.2,56.6,176.4,51.4,221.8,211.7,253.1,298.6,187.8,73.2,64.8,237.6,194.1,247.7,287.5,358.3,204.3,100.3,211.7,172.5,195.7,137.0,332.7,173.8,302.4,337.5,388.2,415.9,485.2,328.0,294.8,647.0,81.7,31.1,97.4,34.1,118.2,59.5,120.0,69.9,23.7,45.4,41.6,12.0,95.8,156.3,78.4,89.2,35.1,107.3,17.2,86.9,137.0,47.4,111.4,38.3,171.2,125.2,145.5,119.4,35.2,75.6,67.9,16.5,105.8,200.7,98.2,88.9,29.9,80.3,18.1,73.7,363.9,401.5,439.4,363.9,381.8,213.6,358.3,314.7,298.6,332.7,258.8,306.4,347.6,431.3,291.1,192.4,310.5,465.8,302.4,184.8,337.5,103.9,88.9,401.5,475.3,347.6,369.7,554.5,72.3,204.3,27.3,215.6,60.6,157.3,29.1,164.0,337.5,431.3,294.8,232.9
202608061703,2026-08-06,17,03R,11:50,2026-08-06T11:40:27.700680+09:00,80.6,139.9,208.2,84.4,48.4,67.8,42.4,29.3,263.3,194.6,175.5,288.8,168.9,99.5,213.2,179.1,235.6,110.5,288.8,235.6,114.8,168.9,159.9,407.0,131.6,814.0,218.4,331.6,194.6,814.0,1492,995.0,157.1,373.1,1492,995.0,1279,814.0,995.0,1791,56.3,29.3,15.6,12.9,154.3,121.0,146.8,61.3,45.6,135.6,35.6,17.8,24.2,91.3,31.4,10.0,7.1,116.2,15.3,6.8,407.0,279.8,373.1,358.2,358.2,298.5,497.5,426.4,223.8,426.4,229.6,331.6,288.8,639.6,182.7,447.7,559.6,895.5,373.1,995.0,331.6,146.8,235.6,218.4,308.7,223.8,471.3,497.5,144.4,279.8,172.2,126.1,288.8,471.3,229.6,639.6,279.8,559.6,179.1,471.3,208.2,133.6,597.0,344.4,223.8,895.5,895.5,814.0,119.4,597.0,263.3,199.0,895.5,1279,995.0,1492,471.3,1791,271.3,746.2
202608061008,2026-08-06,10,08R,11:52,2026-08-06T11:42:26.241430+09:00,18.2,51.8,56.5,74.1,26.0,66.0,58.4,49.1,96.4,108.3,119.9,167.1,85.4,61.8,155.6,115.5,140.3,168.9,270.9,270.9,35.8,75.9,66.5,102.0,35.0,27.8,29.1,34.0,127.7,65.2,144.1,107.6,99.4,50.8,137.8,98.8,212.3,104.0,168.9,168.9,29.3,49.5,31.8,60.6,33.5,26.5,24.9,23.1,91.3,54.3,79.3,73.4,63.6,38.0,85.4,50.8,121.8,65.7,102.7,94.6,170.8,204.1,187.0,241.7,189.3,89.8,196.4,184.8,227.7,97.0,194.0,224.5,215.2,196.4,180.6,165.4,320.7,204.1,245.5,194.0,126.7,109.1,201.4,209.5,167.1,66.8,182.7,149.6,146.8,74.8,204.1,132.0,320.7,231.1,221.3,121.8,280.6,191.6,172.7,180.6,349.2,334.3,654.8,476.2,374.1,145.5,280.6,383.3,383.3,168.9,291.0,275.7,604.4,270.9,327.4,296.5,628.6,314.3,266.3,280.6
202608060401,2026-08-06,04,01R,11:55,2026-08-06T11:46:22.950969+09:00,11.2,29.0,44.9,58.1,9.8,13.4,16.9,41.2,34.7,21.2,24.6,52.1,75.7,40.0,38.2,90.3,123.3,105.6,116.1,170.7,52.4,96.1,126.7,109.6,70.3,109.6,156.0,210.4,154.0,133.9,250.7,256.1,193.1,336.6,318.4,274.0,242.9,374.1,420.8,589.2,31.1,31.8,34.2,73.4,59.2,68.1,105.6,77.7,51.7,72.5,73.6,109.1,89.6,165.9,138.6,159.2,199.7,216.2,228.8,331.9,110.1,66.2,53.9,121.4,185.5,130.2,216.2,212.3,90.6,137.0,137.0,220.2,75.7,208.5,157.1,157.1,203.1,399.4,399.4,318.4,199.7,125.3,93.8,283.9,280.5,231.0,346.5,512.3,163.6,283.9,283.9,471.3,101.5,240.4,235.6,283.9,453.2,604.3,548.1,351.7,336.6,406.3,362.5,589.2,471.3,589.2,714.2,942.7,318.4,351.7,420.8,673.3,548.1,673.3,574.8,413.4,535.6,399.4,392.8,399.4
202608060904,2026-08-06,09,04R,12:00,2026-08-06T11:50:21.883990+09:00,61.8,123.6,130.8,107.9,43.3,38.8,80.9,31.6,48.5,57.6,272.1,45.3,128.3,90.7,261.6,340.1,35.8,34.3,39.3,188.9,106.3,138.8,151.1,251.9,103.0,136.0,128.3,194.3,206.1,283.4,425.2,219.4,242.9,453.5,971.8,618.4,194.3,261.6,295.7,680.3,80.9,37.5,53.5,43.6,183.8,89.5,138.8,40.7,41.9,60.7,174.4,11.1,77.3,174.4,309.2,117.2,41.7,59.1,12.6,194.3,158.2,97.1,295.7,68.7,179.0,174.4,377.9,121.4,62.4,123.6,194.3,19.9,309.2,680.3,242.9,295.7,64.1,113.3,25.3,251.9,234.5,106.3,272.1,850.4,261.6,234.5,566.9,618.4,144.7,400.1,377.9,295.7,566.9,755.9,850.4,1133,1360,680.3,453.5,618.4,119.3,59.1,78.1,272.1,136.0,188.9,165.9,377.9,48.2,109.7,17.3,242.9,60.7,104.6,26.4,206.1,251.9,453.5,377.9,453.5
202608061408,2026-08-06,14,08R,12:05,2026-08-06T11:56:27.230187+09:00,22.0,31.1,12.3,35.8,49.0,99.8,59.7,126.4,104.6,185.0,105.3,163.1,19.9,43.8,86.2,74.7,91.3,237.0,226.4,180.6,40.1,52.6,11.0,34.2,74.0,156.4,44.7,145.8,109.1,168.5,72.5,133.0,13.4,35.7,42.3,20.3,97.2,270.9,421.4,68.0,105.3,140.4,93.0,194.5,99.8,73.6,54.9,68.6,213.6,96.6,197.0,286.2,88.2,65.1,134.2,114.9,344.8,252.8,322.8,337.1,257.1,270.9,205.0,309.6,194.5,172.4,166.7,202.2,286.2,216.7,207.8,248.7,270.9,244.7,248.7,433.4,421.4,399.2,561.9,446.2,33.4,103.9,145.8,96.6,30.7,76.2,101.8,51.7,158.0,106.0,270.9,199.6,266.1,197.0,337.1,316.0,202.2,87.6,322.8,261.5,229.8,632.1,798.5,459.7,237.0,632.1,459.7,210.7,892.4,659.6,541.8,689.6,632.1,606.8,474.1,842.8,344.8,257.1,689.6,1011
202608061804,2026-08-06,18,04R,12:10,2026-08-06T12:00:21.258515+09:00,18.9,11.6,20.3,21.8,28.5,38.7,37.1,49.5,20.2,41.7,32.9,32.9,40.5,49.2,57.9,57.7,79.4,120.1,98.9,106.3,38.6,21.2,40.3,39.4,83.8,104.9,121.4,134.0,41.3,87.9,57.9,41.9,88.7,168.5,96.7,118.1,140.6,252.1,94.6,188.8,94.9,107.0,104.3,149.2,133.9,121.9,176.9,165.1,166.8,162.3,221.6,182.0,168.3,197.6,262.2,235.0,324.2,301.2,314.9,430.1,52.6,132.5,91.6,80.1,67.4,147.7,100.2,67.2,238.4,228.5,284.9,222.7,112.5,100.6,219.7,103.9,145.4,97.8,241.9,162.7,92.6,138.5,141.9,143.8,151.1,218.2,162.5,186.1,248.3,346.4,468.4,317.9,185.6,194.7,391.7,195.0,252.6,264.8,379.3,252.1,272.5,585.0,351.9,564.9,384.8,493.0,175.7,512.1,632.8,719.3,528.6,752.1,369.7,186.7,480.4,394.1,482.1,463.4,682.0,434.4
202608060204,2026-08-06,02,04R,12:14,2026-08-06T12:04:19.860726+09:00,34.3,23.7,50.6,16.7,75.7,86.5,170.7,143.3,44.8,195.6,130.4,85.7,107.9,187.8,182.3,182.3,51.0,141.2,117.3,182.3,22.5,17.0,28.3,10.8,71.1,74.8,99.8,63.6,27.9,72.7,53.9,23.6,68.0,104.9,84.5,50.6,23.9,65.8,35.1,57.4,105.5,137.0,173.8,213.4,126.8,99.3,129.5,79.5,184.1,167.6,237.7,187.8,123.5,137.0,170.7,157.8,201.9,253.7,180.5,354.3,67.0,184.1,118.8,84.9,61.1,120.3,73.3,52.7,220.9,182.3,240.7,177.1,118.1,108.5,201.9,166.1,95.3,66.3,187.8,173.8,185.9,347.7,272.1,280.2,185.9,152.6,169.1,164.7,240.7,185.9,240.7,272.1,257.2,189.6,417.3,383.2,298.0,240.7,469.5,288.9,85.3,313.0,195.6,521.6,82.7,247.1,116.6,243.8,436.7,552.3,361.1,853.6,243.8,153.9,399.5,569.0,469.5,335.3,816.5,722.3
202608061704,2026-08-06,17,04R,12:22,2026-08-06T12:12:23.768094+09:00,3.5,22.7,7.5,69.7,4.5,22.8,8.8,86.6,77.2,81.0,23.6,240.8,24.7,27.4,95.6,142.6,234.7,356.7,452.4,264.9,65.5,289.8,157.1,475.6,100.2,662.4,203.8,639.6,662.4,1159,1159,1159,281.0,501.3,843.1,843.1,927.4,1545,1236,2061,39.8,115.2,52.1,349.9,85.0,240.8,149.5,121.2,337.2,370.9,337.2,806.4,93.2,229.0,237.8,264.9,806.4,1159,843.1,1091,314.3,370.9,268.8,370.9,501.3,562.0,687.0,579.6,562.0,452.4,441.6,927.4,356.7,579.6,309.1,772.8,687.0,1854,1236,1091,220.8,191.2,331.2,421.5,319.8,349.9,976.2,1324,101.3,386.4,452.4,545.5,452.4,1159,579.6,1091,806.4,806.4,976.2,806.4,337.2,1236,1159,1030,356.7,1426,2061,1324,1686,1854,1686,1854,1236,2061,3091,1545,1091,2649,1686,1236
202608060402,2026-08-06,04,02R,12:24,2026-08-06T12:14:23.532083+09:00,12.9,20.7,17.0,41.3,11.4,14.3,6.9,21.7,35.5,27.2,25.1,46.6,17.0,10.1,25.8,26.9,94.9,76.3,80.7,84.2,122.1,117.0,149.2,187.9,182.7,219.6,267.8,375.9,205.7,224.7,424.9,362.0,161.5,488.7,501.2,415.9,390.9,724.0,610.9,1149,96.3,83.9,52.4,165.6,179.3,106.8,168.5,117.7,217.2,149.2,283.3,390.9,107.4,241.3,320.4,253.8,454.6,444.3,398.9,630.6,210.2,205.7,141.6,279.2,222.1,217.2,375.9,224.7,279.2,227.3,325.8,355.4,238.4,320.4,398.9,444.3,424.9,476.8,610.9,724.0,143.7,75.7,179.3,205.7,214.8,224.7,368.8,543.0,123.7,407.2,390.9,465.4,257.2,368.8,501.2,558.5,543.0,1303,930.9,488.7,558.5,651.6,724.0,751.9,888.6,930.9,781.9,1503,724.0,1086,574.9,849.9,930.9,814.5,698.1,1303,849.9,1149,1221,1149
202608061009,2026-08-06,10,09R,12:27,2026-08-06T12:18:25.387480+09:00,53.9,49.7,116.9,108.5,70.4,32.9,73.1,111.4,80.3,65.3,40.7,103.2,137.6,53.9,120.3,152.5,239.3,224.0,160.7,253.7,118.9,97.0,121.7,146.2,99.8,64.7,88.1,122.4,108.5,77.4,89.9,105.8,171.2,126.8,143.2,167.1,397.3,228.8,214.8,242.0,90.3,46.1,66.6,138.5,136.7,50.3,81.9,69.0,51.9,62.4,19.4,32.4,109.6,101.2,42.0,56.6,219.3,183.1,84.2,118.9,102.7,70.1,56.0,95.7,119.6,94.0,93.1,117.6,64.9,64.7,21.8,35.5,61.0,76.2,27.5,22.3,126.0,151.5,61.9,32.4,233.9,208.5,155.9,292.4,219.3,163.2,202.4,280.7,188.0,172.6,79.7,134.9,158.3,208.5,86.6,54.2,350.9,339.6,200.5,79.7,284.5,329.0,253.7,345.2,339.6,239.3,244.8,323.9,319.0,231.4,129.9,164.5,178.4,200.5,126.0,64.3,319.0,382.8,196.8,75.7
202608060905,2026-08-06,09,05R,12:30,2026-08-06T12:20:23.032999+09:00,6.5,9.7,14.0,7.1,15.8,48.3,25.4,26.0,25.6,72.8,55.5,36.4,36.4,49.2,65.5,40.1,15.2,39.1,42.6,42.1,47.4,51.9,77.1,41.4,99.9,233.1,233.1,180.8,139.8,374.6,499.5,249.7,238.4,456.0,524.5,456.0,119.2,349.6,276.0,699.3,124.8,139.8,214.0,262.2,147.7,187.3,174.8,81.9,327.8,403.4,874.1,361.7,205.6,283.5,582.7,205.6,456.0,552.1,456.0,874.1,114.0,299.7,388.5,201.7,174.8,476.8,456.0,268.9,476.8,582.7,617.0,582.7,552.1,1049,456.0,749.3,283.5,374.6,655.6,953.6,194.2,238.4,299.7,283.5,228.0,268.9,476.8,499.5,299.7,419.6,552.1,499.5,655.6,655.6,874.1,1165,338.3,699.3,617.0,953.6,115.2,299.7,349.6,499.5,166.5,524.5,388.5,1311,582.7,655.6,552.1,1748,403.4,308.5,699.3,953.6,524.5,1311,1049,1748
202608061409,2026-08-06,14,09R,12:36,2026-08-06T12:26:20.939058+09:00,28.0,9.2,25.3,56.1,49.9,55.5,92.7,143.0,13.5,62.4,34.0,77.4,59.3,84.0,57.2,187.2,192.4,355.0,187.2,429.0,39.6,10.5,28.6,79.2,84.0,86.1,151.4,242.2,13.3,50.5,31.2,81.3,80.7,179.0,79.2,298.4,302.8,792.0,326.8,502.2,142.0,126.3,192.4,270.9,182.2,115.0,131.1,127.9,221.4,110.1,251.1,316.8,236.7,177.5,231.3,307.3,457.6,528.0,411.8,823.7,24.0,104.5,44.0,124.0,22.9,72.7,37.5,82.3,203.8,173.0,212.3,208.0,56.5,54.3,132.0,166.0,298.4,228.8,381.3,257.4,108.9,270.9,104.5,298.4,125.5,234.0,91.9,321.7,343.2,355.0,326.8,411.8,110.1,106.7,248.1,242.2,624.0,502.2,643.5,361.2,457.6,528.0,792.0,686.4,710.1,895.3,429.0,624.0,664.3,936.0,735.4,895.3,858.0,468.0,664.3,251.1,936.0,858.0,792.0,572.0
202608061805,2026-08-06,18,05R,12:40,2026-08-06T12:30:29.770561+09:00,35.4,41.7,86.6,59.0,30.4,15.2,31.5,18.2,46.9,20.9,40.7,18.6,119.3,62.3,80.1,69.7,122.9,49.6,45.7,104.7,133.1,140.4,224.7,179.5,183.6,292.1,300.3,309.1,221.9,306.7,448.9,305.5,394.5,429.6,649.6,639.2,416.1,560.7,558.7,923.7,74.6,26.9,48.0,29.0,161.5,133.7,198.2,147.1,37.1,121.3,60.5,28.9,95.0,195.8,100.6,78.9,61.8,190.2,54.1,99.8,91.5,45.5,60.4,31.8,184.7,237.1,252.8,171.2,61.0,190.2,95.5,47.5,75.8,189.3,113.7,54.7,41.4,140.8,56.6,59.7,263.7,157.4,216.8,191.8,441.4,328.8,454.0,477.0,197.5,417.2,248.1,210.5,200.7,426.1,239.9,135.3,229.2,485.7,234.3,165.0,247.3,130.5,104.1,313.3,398.5,487.2,441.4,823.7,152.6,465.9,130.7,256.5,106.1,370.7,126.5,188.0,373.3,707.1,297.6,243.2
202608060205,2026-08-06,02,05R,12:44,2026-08-06T12:34:26.801301+09:00,70.2,24.7,92.9,113.6,100.5,77.1,157.8,250.2,15.3,49.9,25.9,38.4,105.4,197.6,65.8,208.1,143.4,270.3,117.6,201.0,142.5,41.0,148.8,96.0,204.5,155.7,219.8,385.6,34.9,161.1,86.4,58.9,210.0,322.2,131.4,276.7,267.3,691.8,127.8,435.6,179.5,141.7,224.0,427.7,258.5,137.5,176.8,140.0,152.7,149.8,247.6,283.4,189.7,211.9,245.0,250.2,398.7,672.1,255.7,619.0,11.3,49.0,12.3,22.7,19.7,93.3,27.8,40.4,112.5,134.4,132.9,158.9,15.2,25.6,76.6,25.1,46.4,54.2,135.9,36.9,192.8,322.2,107.4,250.2,235.2,219.8,154.7,261.3,361.9,361.9,345.9,452.3,96.4,140.8,301.5,120.6,258.5,301.5,345.9,170.4,313.6,1022,317.8,635.7,500.5,840.1,197.6,691.8,1022,1568,461.2,1120,313.6,180.9,470.4,294.0,443.8,420.0,522.7,264.3
202608061705,2026-08-06,17,05R,12:52,2026-08-06T12:42:20.634745+09:00,7.9,7.9,60.7,23.5,8.2,5.9,31.0,31.9,16.0,10.7,21.4,52.4,170.0,110.0,151.6,271.4,80.5,101.3,114.5,237.0,68.1,65.7,285.2,132.5,189.1,391.4,350.6,391.4,202.7,495.0,885.8,374.0,495.0,561.0,1122,935.0,215.7,701.3,510.0,2103,48.6,33.7,75.8,98.4,151.6,148.9,300.5,98.4,91.9,173.5,189.1,224.4,182.9,323.6,215.7,215.7,262.9,391.4,262.9,580.3,98.4,112.9,184.9,165.0,175.3,343.5,420.7,365.9,195.7,306.0,255.0,290.1,382.5,561.0,262.9,300.5,358.1,467.5,382.5,580.3,601.1,275.9,431.5,841.5,580.3,495.0,935.0,1051,306.0,841.5,510.0,580.3,525.9,1202,420.7,731.8,1294,1122,885.8,765.0,146.3,295.2,525.9,1122,175.3,701.3,601.1,990.0,495.0,990.0,673.2,701.3,580.3,623.3,731.8,1051,1530,1870,990.0,1122
202608060403,2026-08-06,04,03R,12:54,2026-08-06T12:44:20.436965+09:00,26.4,28.8,122.5,104.7,23.4,18.2,58.2,74.5,42.2,25.5,92.9,109.8,151.7,119.8,172.8,262.3,167.6,157.0,197.3,348.4,57.9,70.7,159.2,159.2,69.0,34.0,111.5,125.2,88.8,45.9,179.8,178.4,188.9,365.5,359.6,353.9,398.2,474.4,474.4,1013,38.7,21.6,50.4,66.3,45.3,19.6,77.9,66.7,19.3,17.2,37.2,43.2,116.1,168.9,98.2,162.7,234.7,210.3,124.5,275.3,69.9,41.9,90.6,104.7,75.5,35.9,128.9,109.3,31.4,27.5,42.7,46.7,142.9,152.7,98.2,133.5,206.4,204.5,146.7,179.8,259.3,175.6,197.3,327.9,262.3,225.2,289.6,391.2,199.1,301.3,147.6,384.5,206.4,247.7,155.9,309.7,655.9,969.6,543.9,309.7,474.4,420.7,506.8,892.0,719.3,557.5,518.6,1061,446.0,719.3,190.6,586.8,602.7,506.8,214.4,446.0,929.2,1115,719.3,619.4
202608061010,2026-08-06,10,10R,12:59,2026-08-06T12:50:24.716384+09:00,75.0,51.3,69.5,127.7,86.3,73.7,68.7,121.0,72.4,103.6,38.4,48.4,104.1,79.0,54.9,60.6,272.0,272.0,125.8,91.6,133.1,76.8,94.7,172.1,140.5,186.0,145.3,372.0,164.2,232.1,165.3,290.7,219.9,243.2,227.9,316.2,617.0,722.8,632.4,421.6,156.1,95.4,86.0,234.2,269.1,133.1,176.9,143.7,140.5,155.2,49.7,82.4,131.7,148.8,62.6,60.2,408.0,443.8,163.2,122.2,107.1,120.4,43.5,60.2,160.1,194.6,103.6,142.1,160.1,187.4,51.3,66.5,38.2,70.4,30.8,11.6,78.3,139.7,72.6,19.6,146.2,85.7,64.8,84.3,218.0,182.0,158.1,236.4,174.4,178.1,71.4,56.0,56.5,112.9,42.5,15.1,75.0,147.9,41.6,19.5,459.9,414.7,238.6,210.8,632.4,496.0,459.9,648.6,574.9,414.7,278.0,210.8,269.1,316.2,187.4,41.3,180.7,332.8,139.0,38.2
202608060906,2026-08-06,09,06R,13:02,2026-08-06T12:52:19.523345+09:00,42.5,43.0,100.4,84.4,37.6,20.7,84.4,28.6,39.9,31.7,117.2,40.7,167.4,117.2,219.8,234.4,79.3,69.8,73.2,263.7,63.5,96.7,206.8,135.2,64.3,80.5,181.9,88.6,119.8,95.0,405.8,115.9,301.4,527.5,376.8,527.5,263.7,211.0,164.8,586.1,38.7,19.0,90.1,29.5,63.9,58.9,108.7,39.8,29.6,45.0,55.5,14.7,159.8,215.3,215.3,138.8,58.6,98.6,27.9,164.8,95.0,41.8,130.2,50.4,138.8,142.5,251.2,117.2,39.6,102.4,97.6,19.9,229.3,458.7,234.4,144.5,79.3,102.4,35.0,128.6,351.7,245.3,310.3,458.7,363.8,263.7,458.7,555.3,310.3,502.4,351.7,293.0,586.1,586.1,879.2,458.7,555.3,879.2,439.6,405.8,229.3,142.5,114.6,502.4,329.7,215.3,159.8,620.6,137.0,215.3,55.5,310.3,113.4,135.2,55.5,251.2,811.6,1318,586.1,586.1
202608061806,2026-08-06,18,06R,13:10,2026-08-06T13:00:56.434035+09:00,16.5,13.9,31.1,29.0,25.2,31.6,48.5,54.3,24.6,35.6,46.9,40.7,66.3,78.7,87.6,84.0,94.9,131.5,105.9,136.5,26.7,17.6,42.3,34.4,48.0,34.8,72.6,56.1,26.1,35.4,42.9,24.8,100.4,131.8,95.5,104.7,118.0,129.8,68.3,151.7,98.4,100.1,146.6,167.0,119.9,77.1,162.6,126.2,142.6,112.6,233.4,165.7,292.8,258.1,328.2,389.0,433.8,295.9,330.1,673.7,56.2,117.5,116.9,85.9,58.8,78.7,97.1,59.9,179.1,130.7,223.9,171.9,157.2,153.0,241.9,147.3,149.7,99.2,227.9,199.2,205.3,296.5,310.9,256.9,245.1,282.8,240.2,280.4,468.2,457.8,623.1,602.7,350.4,316.3,587.7,368.3,407.2,420.6,770.9,464.2,325.6,647.4,445.5,618.4,377.5,421.7,191.6,682.0,828.7,577.5,565.6,992.5,472.2,228.3,655.1,726.9,649.9,778.1,1055,774.5
202608060206,2026-08-06,02,06R,13:14,2026-08-06T13:04:27.017369+09:00,75.0,76.7,105.2,200.8,83.4,86.4,131.0,359.7,85.7,145.2,74.4,241.0,119.9,127.5,102.1,359.7,209.6,277.0,321.4,325.7,133.9,113.1,131.7,330.2,154.5,59.5,77.7,330.2,55.0,40.6,21.3,209.6,89.2,69.8,31.5,199.2,573.9,618.1,547.8,524.0,107.1,140.9,103.9,491.9,114.2,56.0,57.9,136.9,129.6,52.0,50.4,321.4,115.3,81.9,71.1,225.2,408.5,547.8,309.0,454.8,64.8,108.5,39.3,168.5,47.6,28.6,13.2,126.8,129.6,40.2,32.4,225.2,22.2,10.0,17.3,51.7,238.6,227.4,262.0,179.8,85.1,141.8,104.8,286.9,83.1,60.2,30.3,169.7,154.5,84.5,70.0,344.3,58.9,23.6,43.4,114.7,321.4,293.9,349.3,215.2,547.8,964.2,777.6,860.9,860.9,709.0,803.5,688.7,892.8,1004,482.1,831.2,964.2,560.6,524.0,491.9,669.6,535.7,669.6,454.8
202608061410,2026-08-06,14,10R,13:18,2026-08-06T13:08:26.979261+09:00,91.0,113.7,77.2,147.8,101.0,120.8,99.8,198.8,158.4,196.2,123.8,201.6,63.7,82.7,101.4,88.1,173.9,323.7,233.4,144.9,169.9,124.9,92.7,145.8,175.3,235.9,133.5,282.4,119.2,189.5,67.2,143.0,77.6,105.0,54.0,74.6,253.4,375.8,265.5,173.2,206.2,200.6,139.4,430.6,289.8,264.0,136.4,219.5,466.8,232.2,262.4,504.0,182.5,161.2,220.6,228.6,887.0,576.0,624.6,434.8,216.3,333.4,152.4,336.0,249.1,259.3,81.2,151.8,561.4,418.4,257.8,396.0,130.0,73.6,148.3,84.1,476.9,275.4,462.0,157.8,19.7,43.6,28.8,27.7,21.7,26.9,15.8,15.8,65.2,53.8,64.3,48.4,50.4,18.3,58.5,19.9,25.0,14.5,31.3,20.2,439.1,607.5,616.0,284.3,439.1,482.0,323.7,207.2,715.3,642.7,624.6,382.3,739.2,521.7,583.5,254.8,171.9,103.1,190.3,115.2
202608061706,2026-08-06,17,06R,13:21,2026-08-06T13:12:24.407510+09:00,39.3,79.3,64.5,78.1,23.2,50.3,7.3,31.0,209.9,183.2,176.7,272.3,49.8,16.1,159.9,71.4,148.1,122.8,335.9,139.9,107.2,314.9,159.9,347.4,186.6,438.1,167.9,325.0,419.8,503.8,559.8,479.8,258.3,258.3,671.8,503.8,559.8,559.8,559.8,559.8,37.1,50.6,8.3,29.7,110.7,146.0,84.6,68.0,179.9,229.0,113.2,272.3,11.9,47.7,66.7,14.7,91.6,219.0,219.0,48.4,458.0,479.8,325.0,530.3,559.8,359.8,403.0,209.9,359.8,239.9,173.7,279.9,503.8,479.8,190.1,403.0,629.8,458.0,373.2,559.8,162.5,23.4,190.1,117.1,287.9,179.9,403.0,403.0,22.5,124.4,121.4,36.9,325.0,671.8,214.4,592.7,179.9,296.3,79.3,335.9,167.9,219.0,592.7,387.5,167.9,458.0,559.8,419.8,67.1,530.3,419.8,134.3,629.8,592.7,559.8,592.7,387.5,559.8,148.1,530.3
202608060404,2026-08-06,04,04R,13:24,2026-08-06T13:14:24.951812+09:00,83.7,89.2,126.2,156.5,68.2,61.3,85.4,124.4,84.3,62.2,61.3,100.5,142.0,110.7,84.5,155.5,272.2,192.2,253.7,290.4,108.4,120.4,167.5,170.8,180.2,89.8,117.7,199.5,105.4,56.9,44.9,71.0,177.8,165.4,82.9,141.2,358.0,373.4,269.4,322.7,144.4,79.2,95.0,127.5,204.2,81.1,129.4,103.7,105.8,66.1,38.2,66.3,162.3,170.8,78.9,96.8,293.7,287.2,171.9,237.6,77.3,66.3,40.5,82.9,73.2,51.2,29.5,54.1,70.6,62.2,28.7,56.4,26.3,22.7,20.7,12.4,105.4,73.4,78.0,35.2,221.5,157.4,101.7,162.3,233.3,148.5,108.4,143.6,209.1,155.5,73.0,147.6,66.8,46.8,39.2,28.0,300.4,212.5,170.8,64.0,544.5,466.7,458.5,816.8,843.2,522.7,466.7,522.7,502.6,384.4,192.2,348.5,402.1,421.6,212.5,111.2,522.7,326.7,284.1,103.7
202608060907,2026-08-06,09,07R,13:29,2026-08-06T13:20:25.402197+09:00,35.7,42.2,96.7,52.6,39.3,51.2,82.1,46.8,38.5,84.9,166.1,125.2,101.8,92.0,246.4,224.7,44.1,74.1,144.1,293.8,57.4,56.1,100.5,89.8,40.0,27.2,86.8,19.9,94.3,50.2,212.2,49.2,134.0,293.8,173.6,363.8,96.7,32.1,46.3,305.6,53.0,69.4,90.9,49.2,74.9,30.8,64.7,20.1,93.1,68.2,155.9,56.1,129.5,121.2,272.8,129.5,68.8,43.4,38.3,181.9,92.0,119.3,152.8,117.5,119.3,131.7,181.9,103.2,159.1,152.8,218.3,96.7,201.0,231.5,195.9,181.9,123.2,106.1,104.6,201.0,186.3,177.6,195.9,318.3,212.2,162.5,424.5,332.2,272.8,363.8,363.8,382.0,318.3,382.0,545.7,318.3,283.0,449.4,347.3,293.8,86.8,64.2,149.8,254.7,138.9,33.8,50.9,283.0,107.6,58.7,58.3,169.8,149.8,104.6,92.0,224.7,424.5,382.0,318.3,402.1
202608061011,2026-08-06,10,11R,13:34,2026-08-06T13:24:25.584260+09:00,21.2,18.9,19.8,40.5,41.6,55.5,55.2,74.5,44.7,70.1,71.5,103.4,41.6,76.8,89.0,120.9,104.0,122.5,213.0,210.5,23.3,15.3,17.7,47.9,44.9,33.7,46.3,87.3,41.7,44.0,33.5,46.9,38.8,50.9,41.7,42.3,137.6,138.7,110.4,125.1,81.7,118.5,93.2,155.6,107.8,51.5,70.1,75.5,194.5,84.4,133.5,303.3,178.9,136.6,319.5,220.9,303.3,308.5,275.3,596.5,85.2,192.4,134.5,172.0,88.6,95.7,105.9,105.9,205.7,134.5,229.4,235.4,215.6,164.1,229.4,159.7,372.8,208.1,389.0,279.6,81.7,146.6,180.7,245.1,75.5,73.3,121.7,126.0,223.7,155.6,271.1,380.7,279.6,208.1,380.7,190.3,416.2,201.0,406.7,331.4,337.6,397.7,397.7,526.3,447.4,218.2,279.6,252.0,483.7,372.8,662.8,688.3,559.2,389.0,220.9,577.3,778.1,337.6,688.3,596.5
202608061807,2026-08-06,18,07R,13:41,2026-08-06T13:32:17.574112+09:00,22.2,15.4,38.1,46.7,23.8,15.1,35.6,40.3,17.5,17.7,23.8,23.9,69.2,66.0,52.6,102.5,136.2,104.0,74.8,171.2,74.9,60.4,125.9,132.9,120.7,132.6,215.2,250.4,85.0,121.8,178.0,146.2,226.8,256.8,289.7,372.3,405.1,496.8,364.2,725.0,70.8,41.1,83.7,92.3,120.2,90.0,173.3,167.6,50.6,85.8,94.1,63.0,144.8,194.7,161.0,202.3,212.2,270.6,140.5,325.1,36.1,39.2,38.4,37.9,70.0,119.0,131.7,104.9,64.8,121.2,111.7,76.3,55.1,111.1,112.5,65.2,70.4,115.8,91.6,92.0,178.0,183.4,147.9,254.2,258.1,298.8,330.1,429.2,261.2,399.8,316.3,441.7,151.5,317.6,294.8,182.7,448.3,636.7,650.3,258.1,297.1,390.5,255.9,611.0,656.0,670.5,417.4,875.9,492.0,708.1,261.2,711.4,266.7,420.9,259.9,323.7,691.9,941.2,856.1,406.2
202608060207,2026-08-06,02,07R,13:45,2026-08-06T13:36:29.051299+09:00,8.2,14.0,75.4,17.4,7.0,9.1,53.2,11.4,23.3,19.3,124.2,25.2,134.0,101.5,235.8,111.2,24.3,21.6,33.2,117.5,61.9,80.6,260.6,139.5,102.1,152.7,338.8,310.5,100.7,182.6,454.5,253.5,517.6,610.9,490.4,653.8,282.3,665.5,510.5,1242,51.1,51.9,170.9,68.2,108.3,137.0,246.8,150.8,102.9,166.3,372.7,240.4,245.2,338.8,438.4,376.4,116.1,454.5,234.4,690.1,143.3,139.0,298.1,150.2,177.4,243.5,260.6,242.0,170.9,255.2,428.3,341.9,376.4,326.9,449.0,503.6,208.2,329.8,372.7,653.8,540.1,388.2,573.3,449.0,591.5,380.3,380.3,540.1,428.3,548.0,540.1,703.2,810.2,564.7,909.0,810.2,690.1,1164,1035,690.1,103.2,96.3,164.1,348.3,185.4,653.8,582.3,1007,160.6,532.4,369.0,847.0,251.8,465.8,338.8,909.0,716.7,1202,1380,1285
202608061411,2026-08-06,14,11R,13:50,2026-08-06T13:40:26.982747+09:00,37.5,115.8,61.9,96.1,46.1,42.1,16.6,37.5,176.2,109.8,71.0,106.4,62.2,26.7,91.9,65.3,101.9,122.6,174.4,107.7,104.4,181.9,112.7,203.8,127.2,245.2,113.5,272.8,241.7,302.1,412.6,393.4,133.2,155.2,325.3,222.6,281.9,352.4,367.8,313.3,36.3,54.5,16.5,37.0,61.5,80.1,32.6,79.4,88.5,92.9,52.7,77.9,21.8,33.5,45.7,16.8,86.3,121.7,105.7,38.0,248.8,170.9,133.2,216.9,307.6,252.5,228.6,152.4,214.1,319.2,107.0,136.4,181.9,319.2,109.8,156.6,162.6,338.3,238.2,216.9,79.0,49.7,80.9,73.8,132.1,115.8,178.0,132.1,56.5,106.4,70.2,32.7,153.8,331.7,152.4,135.3,89.0,103.1,40.8,112.7,359.9,252.5,604.2,222.6,563.9,563.9,604.2,393.4,302.1,483.4,277.3,96.1,528.7,704.9,375.9,367.8,187.9,272.8,91.9,214.1
202608061707,2026-08-06,17,07R,13:53,2026-08-06T13:44:24.025344+09:00,7.9,27.5,22.0,111.0,8.6,39.5,24.1,203.8,85.5,91.8,104.8,275.6,59.5,52.4,160.0,465.1,175.1,310.0,391.6,425.2,11.2,49.9,33.8,232.5,14.7,50.9,24.4,209.6,100.5,104.8,144.5,437.7,106.3,85.0,175.1,826.9,496.1,826.9,425.2,992.3,15.0,54.7,39.5,286.2,19.8,55.9,37.5,85.5,96.6,99.2,101.9,265.7,86.5,70.5,121.0,206.7,744.2,595.3,572.4,875.5,118.1,156.6,171.0,363.0,136.5,135.3,179.3,201.1,183.7,136.5,167.2,323.5,201.1,206.7,165.3,372.1,551.2,346.1,595.3,826.9,96.6,136.5,232.5,531.5,158.3,132.8,291.8,620.1,173.0,167.2,248.0,465.1,303.7,346.1,252.2,595.3,930.2,875.5,783.3,744.2,261.1,826.9,826.9,1353,280.8,992.3,826.9,1353,2480,1488,930.2,1063,826.9,551.2,2126,1488,1240,2126,930.2,1653
202608060405,2026-08-06,04,05R,13:55,2026-08-06T13:46:23.050664+09:00,34.1,49.7,73.6,161.0,36.8,64.2,61.8,191.3,75.0,94.3,125.0,231.7,111.7,84.0,172.7,360.8,320.2,331.4,475.0,678.6,30.1,22.9,51.4,111.7,17.7,15.6,14.9,97.2,45.5,22.1,26.4,157.4,91.3,23.3,50.7,247.8,370.1,467.2,445.3,678.6,45.6,69.6,45.1,167.6,49.4,29.3,32.6,78.9,86.3,29.3,42.6,215.9,87.7,29.4,105.9,212.7,491.4,425.4,475.0,678.6,116.3,141.1,118.2,175.9,82.8,50.4,59.2,141.8,162.8,68.6,104.0,182.7,107.1,67.8,91.0,100.3,290.8,256.8,370.1,205.0,155.7,115.8,211.1,250.0,154.9,86.3,142.5,306.5,163.8,71.8,202.1,347.6,166.6,120.2,165.7,165.7,452.4,459.7,401.4,256.8,647.8,1140,1018,1357,982.9,581.7,695.2,1239,1239,1055,581.7,890.7,890.7,678.6,919.5,500.0,1295,982.9,1187,750.1
202608060908,2026-08-06,09,08R,14:01,2026-08-06T13:52:25.206591+09:00,24.5,56.2,121.1,91.9,48.6,79.2,91.2,159.4,55.7,141.5,174.9,251.9,149.9,128.5,314.8,307.2,97.6,138.4,273.8,370.4,14.4,14.1,41.1,19.8,11.9,18.3,38.7,11.2,18.7,36.4,45.8,20.2,93.9,90.6,93.3,93.3,45.9,23.6,30.2,107.6,82.3,104.0,138.4,209.9,75.8,39.8,76.3,31.8,149.9,84.5,229.0,138.4,237.6,251.9,484.4,209.9,349.8,121.1,242.2,524.8,93.9,292.9,322.9,292.9,92.6,125.9,209.9,121.1,267.9,151.7,599.7,340.4,503.8,406.3,381.6,449.8,524.8,246.9,466.5,484.4,242.2,299.8,359.8,629.7,242.2,229.0,466.5,406.3,466.5,434.3,699.7,662.9,547.6,547.6,1399,787.2,740.9,599.7,968.8,968.8,262.4,466.5,503.8,968.8,257.0,138.4,233.2,393.6,740.9,161.4,740.9,1259,524.8,279.9,503.8,740.9,1399,699.7,1259,1399
202608061012,2026-08-06,10,12R,14:09,2026-08-06T14:00:42.514548+09:00,31.4,8.8,10.4,63.1,38.0,29.8,33.4,115.4,11.7,23.7,7.0,39.1,17.8,32.6,12.4,57.1,113.2,165.4,149.0,159.7,117.7,64.1,74.6,172.2,220.0,244.3,323.2,609.0,113.2,278.3,145.9,477.5,133.8,341.6,187.6,325.7,824.0,977.3,1236,700.4,171.5,129.3,153.3,396.4,362.3,224.7,309.0,237.4,280.1,347.3,336.2,591.9,261.0,382.0,359.2,420.2,656.6,1135,840.5,1050,45.2,103.0,24.7,79.5,112.3,265.9,124.7,211.1,247.2,382.0,276.4,531.9,37.4,97.0,150.0,121.1,392.7,737.3,688.9,378.6,90.3,153.3,49.9,194.5,155.0,323.2,190.1,298.0,392.7,512.5,451.9,933.9,60.9,135.5,278.3,208.0,525.3,667.0,933.9,472.2,545.8,1050,808.2,933.9,1449,1500,1167,1105,1105,1681,1400,2001,1273,1556,1681,824.0,1200,977.3,2211,955.1
202608061808,2026-08-06,18,08R,14:13,2026-08-06T14:04:24.850846+09:00,19.0,29.2,56.7,43.5,15.4,10.1,24.8,13.4,39.3,21.2,65.3,37.7,121.2,70.6,138.2,131.3,94.1,47.5,81.4,149.6,46.9,82.5,129.7,89.3,74.4,148.6,201.5,112.5,165.5,193.0,430.4,233.3,248.9,351.0,626.7,504.9,295.1,251.5,464.2,676.4,28.8,18.0,37.9,20.9,64.3,87.5,148.8,82.0,30.2,76.2,84.0,37.0,98.2,176.2,179.9,134.0,48.4,100.5,65.7,137.1,122.4,62.5,167.5,105.9,205.0,259.5,431.3,296.3,72.6,192.3,203.1,99.2,280.7,451.4,329.3,326.3,188.4,314.2,164.5,408.9,264.7,165.3,396.8,375.8,377.1,356.3,557.8,590.2,215.8,418.6,488.7,421.9,493.2,822.7,645.7,722.3,619.4,918.4,568.2,862.6,233.3,112.7,266.3,467.2,407.4,330.3,437.5,838.9,133.0,307.0,199.1,446.7,392.4,556.3,260.1,862.6,755.6,1098,647.6,1024
202608060208,2026-08-06,02,08R,14:16,2026-08-06T14:06:19.692833+09:00,67.2,45.8,187.1,93.2,72.3,43.2,113.4,120.2,28.0,30.6,79.4,29.0,173.1,199.6,163.6,247.4,103.6,160.1,71.6,225.1,111.3,82.4,226.8,177.1,134.2,113.0,249.5,241.5,61.7,93.0,235.8,75.8,267.3,322.0,379.0,322.0,221.8,365.2,148.2,399.2,109.6,60.7,127.4,190.7,132.5,90.4,223.4,126.8,56.5,86.3,129.0,92.7,260.4,260.4,311.9,251.6,285.2,329.0,139.9,453.7,17.2,21.7,39.8,14.4,31.0,52.9,79.4,22.2,38.7,58.3,139.2,34.9,44.8,82.7,119.7,41.8,15.8,17.4,28.0,37.5,308.7,404.6,241.5,410.2,318.5,247.4,325.5,329.0,460.7,329.0,475.3,383.9,198.3,434.0,507.5,173.1,410.2,388.9,360.8,186.0,237.6,483.0,148.2,696.4,265.0,460.7,200.9,460.7,565.0,587.1,200.9,637.1,92.7,123.2,123.7,193.2,623.8,440.3,446.9,232.1
202608061708,2026-08-06,17,08R,14:23,2026-08-06T14:14:27.026922+09:00,6.2,33.9,94.9,33.3,6.3,36.1,101.5,57.0,78.1,83.0,239.6,164.2,171.9,126.0,348.0,384.6,100.1,123.8,214.9,487.2,10.0,42.1,136.5,64.6,9.8,26.5,91.3,33.4,128.2,105.1,664.3,169.9,356.4,265.7,562.1,812.0,155.4,98.0,265.7,1328,16.4,48.5,102.9,76.1,17.3,31.6,93.0,33.4,113.3,50.7,235.7,150.6,232.0,203.0,298.2,232.0,224.8,106.6,235.7,730.8,221.4,252.0,406.0,256.4,286.5,162.4,696.0,211.8,332.1,178.2,429.8,317.7,584.6,1044,356.4,1461,859.7,562.1,471.4,2088,541.3,348.0,429.8,730.8,324.8,298.2,504.0,635.4,298.2,541.3,541.3,635.4,541.3,913.5,635.4,1218,1827,1461,1124,1124,239.6,487.2,859.7,3654,265.7,348.0,696.0,2088,859.7,442.9,664.3,812.0,913.5,664.3,974.4,2923,1827,2436,1124,2436
202608060406,2026-08-06,04,06R,14:26,2026-08-06T14:16:29.743638+09:00,14.7,35.2,13.2,62.5,20.3,40.7,15.6,64.5,78.4,75.8,61.4,143.7,19.0,19.2,48.5,53.9,142.2,123.2,215.6,165.9,25.8,63.1,26.3,84.8,41.4,95.1,40.6,179.7,155.9,154.9,199.0,319.5,53.0,56.0,197.5,152.2,297.4,392.1,539.2,386.2,44.2,92.1,28.2,119.8,68.4,89.5,46.1,104.7,162.7,121.5,136.2,244.1,43.4,51.0,129.4,96.5,323.5,369.7,380.6,202.2,151.3,212.1,116.5,205.4,182.2,187.5,177.2,193.1,300.9,199.0,196.0,315.6,136.2,161.7,200.6,203.7,404.4,446.2,699.5,528.1,49.2,54.9,107.8,98.4,66.3,79.8,219.3,196.0,70.7,83.7,193.1,174.8,166.9,174.8,231.0,237.4,264.0,244.1,281.3,392.1,507.4,446.2,761.2,631.2,718.9,681.0,808.8,995.4,386.2,784.2,631.2,410.8,718.9,958.5,892.4,958.5,616.2,784.2,470.5,1035
202608061412,2026-08-06,14,12R,14:29,2026-08-06T14:20:25.314952+09:00,22.8,21.0,31.9,36.7,19.3,12.8,16.3,20.0,22.8,16.0,13.0,14.4,35.7,28.0,22.8,18.4,49.6,49.5,38.2,35.9,168.7,167.7,193.5,215.1,276.9,590.6,416.4,838.8,242.1,567.4,742.0,615.7,463.0,918.7,933.6,673.0,521.4,1258,838.8,918.7,126.3,68.3,83.7,105.4,323.3,371.0,344.5,332.6,157.2,267.9,270.4,283.7,196.2,359.5,327.0,306.2,285.1,697.3,378.3,526.2,90.8,74.2,41.4,49.4,242.1,478.3,366.3,304.6,189.7,416.4,260.7,264.3,69.7,261.9,208.2,86.1,101.3,328.8,368.6,121.0,191.0,102.9,85.5,100.3,393.7,615.7,375.8,494.7,283.7,629.1,438.5,445.2,119.5,401.9,344.5,146.1,212.0,459.3,498.9,240.1,292.3,226.1,202.3,257.2,665.3,1134,851.2,1071,364.0,933.6,590.6,782.2,285.1,751.7,673.0,380.8,366.3,1033,714.6,416.4
202608060909,2026-08-06,09,09R,14:34,2026-08-06T14:24:28.994352+09:00,60.3,92.6,194.5,123.5,42.6,11.7,111.1,18.0,34.9,13.9,152.6,19.9,213.2,199.5,293.6,389.1,105.1,36.3,55.9,518.8,160.4,178.9,277.9,299.3,239.4,268.3,345.9,317.6,293.6,255.1,502.1,444.7,273.0,915.6,676.7,502.1,305.2,707.5,972.8,1297,39.4,10.3,130.8,16.7,149.6,101.0,311.3,108.0,11.3,51.7,169.1,11.5,331.1,432.3,471.6,247.0,32.7,259.4,26.9,317.6,48.9,21.1,171.0,32.7,222.3,199.5,420.6,299.3,23.7,97.2,194.5,26.9,598.6,536.7,409.6,432.3,99.7,778.2,64.8,622.6,502.1,409.6,502.1,741.2,471.6,317.6,741.2,778.2,676.7,598.6,676.7,676.7,864.7,1297,1415,972.8,1297,1415,915.6,1037,648.5,135.3,239.4,1297,915.6,707.5,1415,1556,183.1,741.2,142.8,1111,305.2,819.2,149.6,1037,1729,1297,1297,1556
202608061809,2026-08-06,18,09R,14:45,2026-08-06T14:36:23.790772+09:00,15.1,15.8,32.7,72.4,15.2,10.2,22.2,56.2,18.3,14.2,26.5,54.9,66.9,56.1,64.9,141.4,237.3,209.5,203.4,292.4,38.9,37.7,71.1,153.4,58.8,60.6,98.1,240.0,60.0,70.4,100.6,203.2,168.9,211.4,209.3,457.3,487.5,742.0,666.5,763.6,42.7,27.7,51.9,121.6,71.5,65.7,122.5,223.4,41.1,69.8,90.4,156.2,123.1,191.3,164.0,360.8,399.2,464.5,441.0,683.9,43.7,36.9,61.4,122.3,75.4,105.6,132.6,254.5,56.0,97.5,124.7,236.9,84.7,131.7,138.8,178.0,277.6,361.9,421.3,353.7,179.5,139.7,171.3,352.7,252.6,296.0,264.2,538.7,201.1,367.5,308.0,653.6,188.0,270.2,285.3,386.8,842.7,995.6,1058,802.6,576.9,867.5,827.9,1430,1173,1348,870.7,2069,1118,1616,1082,1438,918.1,1145,1113,1474,1673,2106,1815,1722
202608060209,2026-08-06,02,09R,14:48,2026-08-06T14:38:20.342586+09:00,34.4,98.0,35.2,123.4,40.5,87.6,32.1,136.7,140.5,229.3,191.8,222.6,34.3,37.6,143.1,88.6,163.0,260.6,282.3,195.5,55.0,130.8,41.1,167.5,65.7,110.5,25.2,117.3,134.3,219.4,177.3,247.9,40.9,24.0,22.7,19.8,376.5,376.5,469.2,170.3,99.3,135.5,75.6,208.8,87.1,110.9,32.4,104.8,201.9,110.1,221.0,279.7,46.2,31.5,24.7,22.0,317.6,154.8,304.9,92.1,265.2,287.7,198.0,227.5,221.0,196.7,157.2,195.5,247.9,204.6,191.8,236.4,170.3,148.0,148.0,178.3,277.2,260.6,290.4,287.7,41.3,41.7,147.3,72.0,42.0,22.4,80.2,46.8,52.0,29.1,102.3,53.2,193.0,125.5,115.0,165.7,118.2,79.2,67.4,187.1,484.0,824.2,622.4,635.3,462.0,391.0,499.9,287.7,516.9,358.8,331.5,342.6,554.5,499.9,371.9,544.6,423.5,308.0,290.4,499.9
202608061709,2026-08-06,17,09R,14:56,2026-08-06T14:46:24.228167+09:00,16.7,33.4,25.2,98.6,9.6,9.4,4.8,45.5,45.0,18.3,13.7,110.7,32.2,13.3,25.6,76.9,197.3,126.9,202.8,235.9,141.8,319.2,214.9,443.0,208.7,571.3,350.1,723.6,542.7,556.6,700.3,835.0,394.7,516.9,748.6,678.4,868.4,1670,1356,775.3,60.8,48.7,24.0,170.9,172.3,233.4,235.9,162.0,143.7,339.2,138.2,281.9,56.9,192.1,116.7,210.7,434.2,943.9,542.7,868.4,176.5,117.9,87.1,334.0,425.6,493.4,529.5,425.6,164.4,434.2,217.1,482.4,107.4,361.8,164.4,235.9,700.3,1085,748.6,482.4,159.6,62.3,81.0,169.6,324.0,289.4,334.0,504.8,95.6,394.7,176.5,443.0,119.2,461.9,197.3,301.5,324.0,678.4,678.4,334.0,394.7,700.3,1206,638.5,434.2,1550,1670,1033,986.8,1550,1142,1277,1356,1447,1356,638.5,603.0,986.8,1277,723.6
202608060407,2026-08-06,04,07R,14:58,2026-08-06T14:48:23.564528+09:00,77.8,173.6,109.7,255.1,58.1,80.5,36.5,187.9,213.4,115.6,163.7,368.3,75.3,37.3,128.6,189.5,359.6,491.1,519.0,525.0,140.5,214.4,114.1,248.2,146.3,133.1,49.5,261.0,283.7,210.4,205.7,525.0,107.2,49.9,133.5,248.2,480.8,593.2,563.9,593.2,52.3,57.5,24.0,136.7,73.5,68.2,30.4,146.8,81.7,86.0,36.4,177.7,14.6,14.9,15.0,29.0,330.9,308.6,292.7,153.7,368.3,217.5,235.4,501.9,470.8,252.3,261.0,356.8,200.3,223.9,82.8,333.4,222.8,199.4,78.8,368.3,748.7,845.8,815.6,681.7,39.2,21.4,84.4,130.1,67.0,25.7,75.4,146.3,16.0,13.2,16.5,33.5,118.0,90.2,41.9,179.8,230.6,233.0,117.7,248.2,815.6,787.5,1305,801.3,1141,951.5,1062,1114,895.6,1062,702.7,415.2,1268,1827,1038,1141,787.5,1114,439.1,992.9
202608060910,2026-08-06,09,10R,15:06,2026-08-06T14:56:28.895329+09:00,30.2,12.1,11.8,10.9,65.0,133.5,140.7,122.0,26.1,247.9,88.7,70.3,28.4,137.0,132.4,34.7,25.5,118.3,114.0,40.7,80.5,12.9,14.2,12.4,188.2,278.9,278.9,347.1,30.9,300.4,118.3,73.6,38.8,390.5,159.4,68.8,41.1,318.8,117.4,105.5,211.1,223.1,284.0,347.1,381.0,244.1,312.4,123.0,371.9,347.1,1041,557.9,135.8,355.0,781.1,294.7,473.4,822.2,781.1,1041,75.8,306.3,179.5,159.4,82.6,300.4,190.5,129.1,347.1,411.1,538.7,557.9,63.5,161.0,381.0,61.0,202.8,112.3,822.2,339.6,94.6,247.9,190.5,89.7,123.0,244.1,284.0,107.7,710.1,822.2,781.1,650.9,332.4,256.1,919.0,381.0,142.0,115.7,503.9,433.9,51.3,294.7,179.5,192.8,87.7,312.4,181.6,142.0,650.9,781.1,919.0,781.1,264.8,256.1,919.0,400.5,260.3,216.9,710.1,488.2
202608061201,2026-08-06,12,01R,15:17,2026-08-06T15:08:24.591563+09:00,12.1,26.7,65.1,40.4,25.9,55.9,74.9,70.9,52.2,121.6,138.6,106.4,100.1,93.8,229.2,238.4,112.4,165.5,183.4,361.2,11.3,23.7,63.4,21.2,15.4,31.9,29.0,24.1,30.1,52.9,103.6,72.6,62.4,77.4,147.1,101.8,23.9,44.4,101.8,125.4,50.0,124.1,103.6,122.8,38.0,72.6,99.3,38.9,195.4,111.4,220.7,205.5,147.1,183.4,290.7,140.2,283.8,137.0,243.2,476.8,124.1,180.6,177.9,170.3,149.0,145.3,170.3,116.8,220.7,158.9,183.4,322.1,290.7,264.9,229.2,205.5,305.6,192.2,322.1,322.1,192.2,167.9,322.1,177.9,175.3,131.0,212.8,192.2,313.7,264.9,372.5,209.1,425.7,198.6,411.0,496.7,745.0,458.5,361.2,411.0,189.2,350.6,567.6,662.2,192.2,104.5,290.7,794.7,331.1,177.9,313.7,518.3,596.0,298.0,701.2,567.6,851.5,794.7,518.3,567.6
202608061810,2026-08-06,18,10R,15:18,2026-08-06T15:08:24.591563+09:00,12.5,11.9,29.1,20.9,13.5,11.3,24.7,20.2,14.8,15.7,30.3,20.7,69.5,61.6,78.7,76.7,61.5,60.9,60.3,107.3,50.8,47.9,89.1,71.3,98.8,176.7,241.8,233.2,101.1,179.6,271.2,195.2,226.1,356.6,487.2,369.9,238.4,477.6,400.4,551.5,51.7,38.3,73.4,67.4,112.5,136.4,230.7,201.4,67.0,151.2,171.8,128.8,156.1,295.5,309.9,303.6,178.4,330.6,246.7,465.2,75.6,76.0,115.7,87.9,139.3,241.4,335.2,219.0,115.8,260.2,283.6,224.9,187.3,302.2,306.4,229.0,183.5,276.0,312.1,342.9,220.5,183.0,266.1,295.8,333.9,417.9,494.4,466.8,286.0,578.9,529.6,654.0,330.6,525.5,527.5,466.8,442.1,563.1,682.3,586.6,261.9,308.1,321.1,515.4,454.9,759.9,559.6,900.6,387.1,755.6,503.7,879.9,432.1,590.4,652.4,805.7,627.9,800.8,900.6,846.4
202608062401,2026-08-06,24,01R,15:20,2026-08-06T15:10:19.069586+09:00,9.7,31.0,18.3,40.4,16.5,40.4,19.5,59.0,39.7,50.3,29.5,72.4,22.6,23.4,36.2,36.8,91.4,151.5,135.5,109.7,70.2,92.1,75.2,99.3,109.7,230.3,162.2,230.3,143.9,329.1,188.8,191.9,115.1,182.8,182.8,191.9,261.8,548.5,338.8,303.1,69.8,92.8,74.3,198.6,91.4,185.7,188.8,81.1,164.5,198.6,195.2,280.9,95.9,198.6,195.2,157.7,349.0,426.6,338.8,287.9,99.3,177.2,46.0,153.5,129.4,295.3,151.5,230.3,255.9,349.0,205.7,295.3,52.5,162.2,174.5,67.3,209.4,303.1,371.5,107.6,47.4,53.0,60.6,49.2,85.9,147.6,129.4,130.9,108.6,239.9,235.0,174.5,81.6,179.9,329.1,101.9,101.9,61.6,71.5,50.7,225.8,349.0,303.1,221.5,303.1,349.0,443.0,411.4,548.5,575.9,479.9,443.0,479.9,500.8,959.9,179.9,202.0,255.9,383.9,182.8
202608060210,2026-08-06,02,10R,15:21,2026-08-06T15:12:22.136517+09:00,20.3,46.3,17.8,30.0,23.3,45.8,15.0,31.6,87.0,108.2,78.2,110.7,22.1,18.3,54.1,15.2,64.3,85.3,126.7,28.2,61.9,146.8,48.5,83.4,95.5,193.2,98.8,176.3,215.1,240.9,273.6,271.5,87.0,126.7,282.7,127.1,187.9,259.1,275.8,183.9,66.0,109.6,39.3,92.7,85.9,158.3,86.6,120.8,157.6,187.9,146.1,215.1,56.9,84.6,155.4,70.5,185.9,275.8,280.4,180.0,253.4,187.9,171.0,225.0,316.7,247.8,217.8,228.0,190.0,244.3,195.4,249.7,196.6,261.1,180.0,180.0,367.8,375.9,375.9,328.9,35.1,28.2,139.0,31.3,98.0,111.4,265.1,126.2,44.8,130.5,152.7,112.5,308.1,393.2,305.4,259.1,70.8,125.3,122.1,204.8,198.8,280.4,407.2,128.1,342.0,526.2,645.4,335.3,433.0,450.1,462.2,332.1,645.4,610.8,543.0,600.1,175.4,294.9,282.7,488.7
202608061901,2026-08-06,19,01R,15:24,2026-08-06T15:14:21.638909+09:00,12.5,41.2,52.2,73.0,22.4,36.7,37.7,102.0,84.2,72.3,50.3,165.6,79.2,79.2,98.0,179.5,119.2,240.3,156.8,317.1,67.4,76.4,102.0,144.7,64.2,53.2,36.2,130.7,131.9,64.5,73.0,158.5,103.5,63.1,74.8,163.7,363.5,317.1,248.4,354.8,39.4,56.6,60.0,125.2,60.3,34.9,34.5,52.1,70.3,57.5,30.9,94.3,72.0,41.6,33.7,63.4,363.5,236.5,204.1,232.8,124.2,111.2,106.4,204.1,156.8,109.5,88.7,165.6,117.3,94.3,54.9,138.0,81.8,72.7,52.6,69.3,402.8,402.8,244.3,191.0,100.7,110.4,146.1,232.8,76.0,68.3,87.6,155.2,99.3,60.5,51.5,88.1,125.2,80.5,69.3,108.0,354.8,229.3,165.6,240.3,480.7,532.3,324.0,876.7,513.9,392.2,513.9,552.0,552.0,425.8,480.7,354.8,155.2,532.3,532.3,324.0,552.0,552.0,438.3,372.6
202608061710,2026-08-06,17,10R,15:29,2026-08-06T15:20:26.828412+09:00,25.0,29.0,14.3,26.0,31.4,116.2,100.3,171.9,90.5,149.1,146.5,191.4,35.7,82.6,132.6,106.6,80.2,165.2,224.6,205.5,24.8,22.9,8.8,16.7,75.5,96.8,48.0,60.6,75.2,89.6,42.2,42.1,15.9,46.5,35.4,13.5,45.7,83.8,63.5,35.4,126.6,145.2,141.6,411.0,105.3,150.4,134.8,97.9,330.4,285.6,432.0,295.6,280.8,171.9,324.0,271.7,802.4,411.0,526.5,648.1,218.8,163.6,123.0,443.4,259.2,306.3,200.6,158.9,330.4,601.8,468.0,674.0,510.6,300.9,343.8,411.0,765.9,526.5,842.5,495.6,74.8,208.0,218.8,210.6,59.5,125.7,121.2,78.0,432.0,366.3,543.5,481.4,290.5,317.9,624.1,581.0,312.0,131.6,543.5,421.2,128.6,481.4,510.6,421.2,106.6,285.6,255.3,139.2,765.9,510.6,765.9,581.0,702.1,382.9,886.8,674.0,432.0,166.8,842.5,648.1
202608060408,2026-08-06,04,08R,15:31,2026-08-06T15:22:21.890781+09:00,44.1,35.5,96.9,91.6,34.8,14.9,64.9,49.0,20.4,9.1,18.3,13.3,129.5,111.9,61.2,116.3,119.9,95.8,52.7,175.1,140.3,129.5,243.9,211.8,217.0,226.7,360.9,609.9,166.8,237.4,346.8,364.7,302.3,561.5,453.5,505.3,520.2,930.9,536.0,1219,103.7,38.4,96.3,101.3,176.8,129.1,210.5,176.0,43.9,131.0,122.8,101.6,208.1,357.3,243.9,330.6,264.0,620.6,299.8,667.5,22.0,13.2,20.4,16.8,94.0,147.4,162.2,132.0,27.4,128.1,83.0,68.2,50.8,130.0,112.6,68.9,42.8,136.0,78.0,72.1,201.0,187.1,151.1,327.5,280.7,321.6,431.4,721.9,240.6,393.0,336.9,667.5,150.5,310.3,364.7,343.4,1141,1415,1141,544.2,431.4,330.6,162.2,752.7,822.7,1141,804.0,1608,570.6,1219,465.4,1310,183.3,907.1,459.4,769.0,1040,1474,1360,930.9
202608060911,2026-08-06,09,11R,15:39,2026-08-06T15:30:31.595151+09:00,3.2,22.7,62.7,56.7,4.1,17.8,51.4,44.2,46.3,71.9,157.5,176.8,54.2,69.9,144.7,356.3,120.0,131.6,340.6,428.9,20.6,36.4,101.1,92.2,30.7,109.2,272.5,201.4,179.5,176.8,564.9,445.4,304.7,579.0,564.9,472.7,373.6,551.5,681.2,890.9,13.3,37.8,110.3,72.6,29.2,88.4,229.3,81.2,136.2,176.8,492.8,300.8,361.9,350.9,701.9,373.6,208.6,340.6,503.5,661.8,208.6,218.5,399.3,492.8,304.7,399.3,723.8,482.5,285.9,392.6,747.2,593.9,1007,890.9,661.8,1007,1286,926.5,890.9,1158,593.9,392.6,747.2,238.8,593.9,379.7,857.9,747.2,463.2,701.9,827.2,701.9,965.1,1286,1447,1052,1447,1158,965.1,1362,472.7,367.6,1103,1007,661.8,890.9,1781,1362,472.7,890.9,926.5,1286,1930,1286,1362,1158,1007,1052,1930,1286
202608062402,2026-08-06,24,02R,15:43,2026-08-06T15:34:19.856711+09:00,15.4,32.5,9.4,21.4,17.8,72.0,24.4,69.2,90.0,93.5,86.7,114.2,13.1,25.3,94.7,39.7,66.6,114.2,112.5,180.0,46.4,88.8,36.1,52.5,66.0,153.2,58.0,128.5,114.2,211.7,232.2,163.6,44.7,57.1,144.0,68.5,124.1,423.5,313.0,114.2,71.2,94.7,88.8,156.5,97.3,94.7,64.8,44.7,175.6,135.8,163.6,180.0,114.2,80.9,153.2,101.4,378.9,211.7,200.0,240.0,124.1,138.4,93.5,146.9,146.9,225.0,171.4,189.4,288.0,313.0,189.4,205.7,184.6,313.0,211.7,300.0,300.0,342.8,313.0,313.0,54.9,96.0,180.0,138.4,40.9,76.6,116.1,69.9,98.6,120.0,248.3,225.0,163.6,225.0,360.0,450.0,211.7,135.8,327.3,327.3,138.4,514.3,266.6,342.8,184.6,248.3,600.0,276.9,900.0,514.3,654.6,654.6,514.3,514.3,553.9,720.0,480.0,400.0,553.9,553.9
202608061202,2026-08-06,12,02R,15:45,2026-08-06T15:36:23.744199+09:00,55.4,102.9,95.7,92.4,38.9,67.9,20.0,76.3,93.7,135.9,138.7,140.1,87.1,23.3,144.6,72.3,154.4,161.8,169.9,158.0,102.2,134.5,165.7,149.3,100.6,141.6,101.4,194.1,212.4,302.0,256.4,367.3,172.0,129.4,331.5,143.0,339.8,302.0,679.6,242.7,65.6,71.1,18.0,61.7,70.8,88.2,48.5,67.2,128.2,174.2,79.4,154.4,17.4,37.2,39.9,21.5,165.7,212.4,197.0,70.4,167.8,169.9,158.0,169.9,212.4,174.2,167.8,154.4,186.2,242.7,133.2,174.2,289.2,256.4,124.7,188.8,377.6,331.5,209.1,230.4,43.2,18.8,133.2,31.9,131.9,71.1,138.7,91.2,16.6,35.0,59.1,27.7,197.0,205.9,118.2,178.8,70.4,95.0,39.8,118.2,485.4,331.5,591.0,348.5,367.3,226.5,357.7,202.8,183.6,226.5,202.8,114.2,679.6,799.6,591.0,438.5,238.4,251.7,134.5,348.5
202608061811,2026-08-06,18,11R,15:50,2026-08-06T15:40:25.060002+09:00,16.3,14.7,21.0,35.4,22.5,19.5,22.9,43.3,22.0,25.1,24.9,34.7,40.9,44.8,48.9,62.2,120.4,145.1,115.4,142.6,47.1,39.9,45.7,77.5,97.5,132.0,126.4,199.4,71.8,134.5,98.2,127.0,106.6,171.6,145.9,183.0,290.3,428.1,292.4,332.8,87.1,72.1,72.2,137.7,140.4,167.3,175.0,266.0,117.0,195.6,161.9,231.2,142.5,202.3,220.4,279.5,436.1,513.0,537.6,567.1,43.4,63.6,42.8,61.3,77.3,158.4,87.0,111.2,137.8,193.2,155.8,203.3,50.1,63.7,102.1,44.9,116.2,141.5,235.7,90.8,93.0,123.0,110.5,147.3,143.0,217.4,185.8,220.8,209.9,296.1,318.8,372.7,113.2,148.9,227.3,108.5,293.0,305.5,428.1,196.8,489.6,605.1,417.2,644.2,824.7,887.5,534.5,801.1,994.9,1127,907.7,1071,459.0,515.8,855.0,322.8,653.2,632.5,887.5,329.3
202608060211,2026-08-06,02,11R,15:55,2026-08-06T15:46:28.224242+09:00,28.1,34.6,11.4,54.6,48.7,74.1,27.9,124.4,68.3,124.0,36.3,73.4,12.0,20.2,27.4,23.2,89.4,136.9,124.0,68.2,111.7,146.0,47.5,221.6,144.1,330.8,164.1,333.3,238.6,432.4,233.5,428.1,66.1,150.6,212.0,183.5,428.1,632.9,623.9,338.5,135.2,213.0,79.8,259.9,174.0,233.5,143.1,206.0,316.4,279.9,355.0,363.9,88.4,143.1,293.1,226.2,502.0,693.2,479.9,661.7,108.1,204.0,61.4,154.3,216.2,323.5,142.2,228.6,357.9,328.3,256.9,285.4,60.4,92.7,151.1,89.1,264.6,295.0,389.9,188.2,15.2,30.9,35.4,28.4,31.4,72.4,90.9,69.1,63.2,92.9,170.6,137.7,68.9,108.9,190.7,78.4,46.5,75.5,128.8,84.3,160.5,367.0,303.2,164.1,428.1,693.2,606.5,316.4,873.4,929.2,490.7,682.4,539.1,590.1,598.2,283.6,125.8,215.1,305.4,194.1
202608061902,2026-08-06,19,02R,15:56,2026-08-06T15:46:28.224242+09:00,23.8,72.5,79.2,123.7,16.7,29.2,45.5,144.3,128.6,83.2,81.1,240.5,132.5,101.4,245.1,419.0,124.9,254.7,180.4,351.1,24.6,84.3,81.7,120.2,17.8,29.3,27.8,120.2,135.3,97.6,188.2,295.2,164.4,97.6,265.1,481.1,447.9,333.1,564.8,721.7,9.5,20.1,26.2,99.9,10.6,15.0,14.6,48.8,35.0,31.2,59.5,129.9,55.9,42.4,92.1,158.4,463.9,236.2,240.5,419.0,188.2,126.1,173.2,324.7,245.1,156.5,206.2,282.4,133.9,127.3,202.9,316.8,371.1,309.3,254.7,683.7,866.1,764.2,405.9,866.1,216.5,175.5,295.2,309.3,113.9,111.9,259.8,541.3,180.4,141.2,309.3,382.1,295.2,309.3,481.1,1082,618.6,649.5,683.7,927.9,564.8,463.9,360.8,927.9,463.9,463.9,764.2,866.1,1082,683.7,764.2,1082,1299,1082,866.1,2598,1082,1855,1443,1855
202608061711,2026-08-06,17,11R,16:03,2026-08-06T15:54:22.968314+09:00,5.7,12.9,11.0,32.1,11.5,25.0,22.8,45.5,65.7,114.2,98.3,134.6,38.2,50.8,121.6,90.4,78.5,141.3,205.6,183.9,16.0,34.1,20.6,43.4,31.6,63.0,33.7,67.5,162.7,185.4,182.4,176.7,74.9,72.2,213.4,110.3,130.7,168.8,327.8,207.5,41.2,63.1,75.9,129.2,72.2,117.2,78.2,93.4,305.7,282.7,318.6,305.7,196.7,117.2,301.6,233.2,396.8,411.3,526.0,396.8,286.3,286.3,323.1,411.3,411.3,411.3,491.7,266.1,390.0,223.9,565.5,538.6,551.7,611.4,452.4,646.3,1028,565.5,983.5,780.0,112.5,183.9,230.8,243.2,156.0,167.5,390.0,314.1,263.0,226.2,364.8,461.6,342.7,904.8,502.7,780.0,491.7,628.3,502.7,904.8,257.0,551.7,807.9,942.5,260.0,580.0,904.8,646.3,1028,904.8,837.8,870.0,1740,1131,1256,1615,1131,942.5,904.8,1615
202608060409,2026-08-06,04,09R,16:05,2026-08-06T15:56:24.303837+09:00,13.9,10.0,29.2,94.4,19.1,23.5,49.5,103.5,20.1,27.6,30.6,101.3,47.0,76.2,41.6,137.1,253.6,232.4,269.9,290.5,24.6,24.5,49.0,129.1,54.2,62.5,126.4,219.0,38.7,52.9,80.6,147.8,96.1,152.7,134.9,367.0,445.1,565.4,449.9,284.6,56.4,58.8,85.5,172.9,85.7,68.8,125.2,184.3,70.6,66.9,95.9,148.9,175.8,198.3,189.3,329.4,383.9,589.3,454.8,685.9,35.7,63.1,43.9,121.9,55.3,87.5,91.3,191.9,99.1,108.4,133.2,220.2,51.5,68.3,118.5,106.2,236.4,250.5,210.2,172.9,63.8,92.9,58.5,125.6,119.9,227.4,154.9,414.3,319.4,354.6,305.4,573.2,63.6,144.7,261.5,321.8,804.7,1072,973.1,624.5,529.6,529.6,774.9,1230,890.3,1020,789.5,1549,890.3,1072,685.9,1268,1162,1046,951.0,1349,1072,1349,1442,1609
202608061203,2026-08-06,12,03R,16:10,2026-08-06T16:00:27.096889+09:00,52.7,45.2,91.8,65.8,54.5,68.7,90.9,115.0,46.1,90.9,125.6,111.0,119.3,91.8,222.1,232.9,120.8,187.2,132.6,341.0,50.0,36.8,112.3,97.4,54.8,16.6,36.8,149.2,31.1,13.7,35.2,98.4,144.7,111.0,116.4,298.4,251.3,227.3,251.3,561.7,96.4,78.2,90.9,149.2,72.3,23.2,56.8,63.6,75.7,27.6,74.0,170.5,149.2,119.3,125.6,149.2,397.9,298.4,318.3,415.2,32.2,65.4,50.5,66.3,28.0,16.3,31.5,53.6,86.0,25.6,62.8,120.8,72.9,43.6,62.8,94.5,194.9,125.6,140.4,207.6,289.4,173.6,353.7,194.9,289.4,164.6,161.8,298.4,280.8,217.0,227.3,272.8,382.0,154.0,212.2,232.9,795.8,454.7,280.8,530.5,341.0,454.7,795.8,1193,682.1,329.3,434.1,868.2,318.3,682.1,367.3,530.5,477.5,434.1,682.1,868.2,1193,636.7,596.9,1193
202608060912,2026-08-06,09,12R,16:13,2026-08-06T16:04:21.539597+09:00,10.2,6.6,41.5,42.5,19.2,15.6,64.2,76.7,6.1,10.1,31.6,23.1,112.4,109.4,111.5,248.0,82.6,118.4,127.3,299.7,68.0,35.9,158.1,166.3,197.0,179.8,383.6,553.3,65.5,144.5,248.0,259.2,355.2,653.9,575.4,612.2,513.8,799.2,799.2,1598,93.7,74.3,153.0,293.6,201.2,158.9,449.6,207.0,132.6,149.8,464.1,423.1,388.8,564.2,719.3,496.1,777.6,1251,719.3,1150,16.0,29.3,71.7,57.2,37.0,96.2,142.4,146.8,114.6,174.3,383.6,456.7,143.8,162.5,364.2,188.0,146.0,172.3,464.1,237.8,388.8,442.6,442.6,639.4,612.2,513.8,685.1,899.2,417.0,799.2,928.2,799.2,542.9,479.5,992.2,423.1,319.7,899.2,1198,899.2,587.2,777.6,685.1,1918,757.2,1027,1027,1918,992.2,1692,719.3,1798,287.7,312.7,899.2,846.3,1251,1106,1370,1106
202608062403,2026-08-06,24,03R,16:18,2026-08-06T16:08:20.904607+09:00,17.7,8.7,12.2,57.6,34.1,58.5,80.1,166.4,21.8,63.2,29.1,174.6,30.9,80.5,46.4,326.6,179.9,284.4,251.9,705.5,28.7,11.4,17.3,88.6,76.6,65.3,67.3,255.6,21.6,59.9,21.6,181.8,39.0,82.0,35.2,226.1,326.6,608.2,476.7,419.9,96.3,144.5,156.0,320.7,153.3,143.4,152.0,123.3,171.2,176.3,212.5,551.2,215.1,205.0,271.3,383.4,766.8,518.7,678.4,608.2,47.9,111.6,78.3,293.9,45.6,121.6,56.5,207.5,171.2,161.8,156.0,518.7,94.8,72.2,153.3,320.7,518.7,410.1,766.8,551.2,82.0,202.7,130.6,489.9,80.1,181.8,82.8,309.4,314.9,293.9,352.7,705.5,146.9,108.8,332.8,440.9,464.1,375.2,653.2,503.9,518.7,1037,653.2,979.9,629.9,587.9,608.2,587.9,1603,1037,1175,1037,881.9,629.9,1102,653.2,1175,801.7,1102,1175
202608061903,2026-08-06,19,03R,16:22,2026-08-06T16:12:23.687560+09:00,28.8,8.8,49.4,54.8,26.0,49.2,92.3,139.1,17.5,65.3,37.7,92.3,95.0,99.9,147.6,436.3,63.1,159.9,114.2,399.9,34.7,10.6,57.4,51.0,68.0,28.3,114.2,107.8,14.4,20.3,45.7,39.3,127.9,174.5,121.5,218.1,223.2,319.9,204.2,505.2,46.8,84.9,145.4,184.6,177.7,51.3,126.3,67.1,118.5,79.9,299.9,246.1,162.6,188.2,282.3,228.5,369.2,505.2,436.3,479.9,31.2,90.5,105.4,123.0,35.5,64.8,87.2,48.9,112.9,101.0,191.9,174.5,191.9,174.5,159.9,399.9,246.1,234.1,259.4,369.2,174.5,195.9,223.2,252.6,92.3,218.1,195.9,355.5,274.2,266.6,309.6,299.9,252.6,204.2,399.9,533.2,685.6,417.3,533.2,639.9,342.8,599.9,299.9,959.9,436.3,564.6,331.0,685.6,685.6,639.9,564.6,479.9,799.9,417.3,564.6,959.9,872.6,799.9,533.2,872.6
202608060212,2026-08-06,02,12R,16:30,2026-08-06T16:20:25.886903+09:00,21.8,26.8,27.9,24.2,25.6,21.4,16.0,15.9,36.2,29.7,26.6,21.6,40.4,26.8,37.4,23.6,39.2,32.9,31.8,33.0,99.1,128.2,107.2,104.4,156.3,290.0,259.8,249.7,209.0,341.8,445.1,321.1,188.1,397.8,458.7,353.9,209.0,403.1,426.1,532.0,66.1,70.3,54.4,61.1,182.3,235.9,233.5,212.0,145.9,256.8,191.3,173.9,107.2,227.0,221.4,135.8,163.4,348.4,232.9,214.0,105.6,98.3,70.0,63.3,164.6,297.7,269.1,258.3,148.3,301.7,212.0,162.8,106.6,248.3,216.1,112.8,95.5,251.1,176.9,132.4,131.2,87.4,136.4,70.0,243.6,326.9,341.8,328.1,159.4,347.1,389.2,210.0,216.6,447.3,414.3,186.1,128.6,373.0,229.9,197.1,113.8,135.6,130.3,136.0,224.2,366.9,456.4,528.8,257.6,430.2,331.7,340.5,192.5,410.5,339.2,262.9,188.1,569.0,356.7,282.7
202608061204,2026-08-06,12,04R,16:33,2026-08-06T16:24:26.261968+09:00,23.2,62.3,30.7,50.9,20.0,36.4,11.7,85.0,78.9,73.2,103.4,116.6,28.6,13.8,59.3,83.6,95.5,132.0,126.9,218.1,56.0,107.8,68.7,104.5,65.5,167.2,96.4,228.0,152.0,185.7,257.2,286.6,137.4,152.0,213.4,304.0,313.5,278.6,385.8,716.6,31.4,67.7,16.2,147.5,60.4,111.4,74.3,70.1,103.4,120.8,110.2,233.3,19.3,35.3,97.4,115.3,295.0,286.6,313.5,345.9,125.4,118.0,101.3,137.4,172.9,145.4,164.4,130.2,204.7,192.9,167.2,228.0,128.6,147.5,110.2,154.3,264.0,200.6,213.4,238.8,46.4,22.2,128.6,105.6,122.3,98.3,161.8,200.6,28.3,52.8,128.6,154.3,156.7,145.4,164.4,250.8,334.4,334.4,145.4,401.3,313.5,401.3,716.6,1003,528.0,295.0,528.0,912.0,436.2,501.6,358.3,557.3,557.3,627.0,716.6,590.1,912.0,436.2,590.1,912.0
202608061812,2026-08-06,18,12R,16:35,2026-08-06T16:26:26.694038+09:00,9.7,7.8,28.4,21.8,12.0,9.7,22.3,24.1,10.6,12.5,25.6,18.9,74.6,64.4,73.2,93.8,71.8,80.6,67.5,140.5,53.1,41.1,112.1,89.0,158.8,297.4,553.3,543.2,112.3,284.7,473.7,313.3,496.4,872.7,876.2,1125,408.2,965.6,633.4,1297,54.7,41.5,78.4,85.8,148.5,261.1,418.5,446.2,80.1,185.5,206.8,174.8,255.5,504.8,511.8,597.5,333.5,703.9,465.9,797.8,52.3,69.8,117.5,86.5,119.6,346.4,484.9,333.1,136.5,334.4,384.9,309.6,295.5,511.1,569.5,466.5,248.0,395.7,507.1,571.0,414.7,341.0,503.2,633.0,693.3,1016,1188,1483,486.0,1091,1208,1541,728.0,1251,1272,1258,1256,2124,2053,1751,402.1,518.5,431.6,916.1,669.4,1309,996.0,1979,792.1,1606,1016,2056,599.4,1034,1058,1590,1574,2437,2344,2015
202608060410,2026-08-06,04,10R,16:37,2026-08-06T16:28:27.200524+09:00,7.9,38.3,18.5,80.6,18.1,51.6,34.8,88.9,71.6,83.3,112.0,149.8,42.4,60.3,98.1,191.1,186.8,228.5,335.3,393.3,13.6,35.9,21.7,86.3,19.6,30.3,18.5,79.7,89.5,66.5,96.2,194.8,42.1,39.9,96.2,168.3,280.2,368.5,335.3,405.0,34.6,84.3,56.5,122.8,34.8,40.9,30.2,70.7,144.5,83.1,113.9,197.6,91.3,64.4,122.8,168.3,278.3,300.8,492.9,426.1,149.3,192.9,188.5,201.5,204.5,128.2,193.8,229.8,327.2,90.7,249.4,349.6,322.1,221.1,233.7,267.3,560.4,393.3,802.1,498.9,98.3,108.2,237.8,246.4,110.5,85.4,161.0,246.4,164.9,110.8,210.8,324.6,417.4,274.5,335.3,393.3,730.5,649.3,771.9,470.2,524.5,568.2,1076,1239,743.8,870.4,974.0,1076,659.8,757.6,771.9,974.0,1136,889.3,1278,1410,1239,1105,1410,1636
202608062404,2026-08-06,24,04R,16:42,2026-08-06T16:32:21.342506+09:00,65.0,33.6,125.6,44.2,37.3,46.4,114.7,99.9,37.9,57.3,102.1,32.6,109.3,102.1,125.6,281.7,65.4,110.6,58.4,546.9,58.1,49.4,112.0,47.6,175.4,98.9,211.3,140.8,41.6,71.5,197.8,30.7,232.4,258.2,281.7,258.2,166.0,238.4,77.4,664.1,77.4,96.8,145.2,178.8,149.9,108.1,211.3,62.8,92.0,112.0,265.6,105.6,273.4,281.7,371.9,244.6,309.9,211.3,202.1,516.5,21.6,44.0,63.2,15.9,26.3,35.8,136.7,16.3,72.6,58.1,169.0,41.5,152.4,185.9,197.8,189.7,19.4,15.7,30.7,56.6,281.7,189.7,290.5,371.9,232.4,238.4,166.0,332.0,344.3,344.3,332.0,581.1,211.3,258.2,422.6,546.9,464.8,581.1,619.8,232.4,182.3,281.7,106.8,422.6,206.6,175.4,99.9,464.8,619.8,273.4,238.4,581.1,102.1,82.2,120.7,309.9,1328,1033,715.2,845.2
202608061712,2026-08-06,17,12R,16:48,2026-08-06T16:38:21.425816+09:00,9.7,22.0,30.7,36.8,6.4,7.3,9.9,14.9,39.0,17.3,34.4,53.3,63.6,41.8,114.5,89.0,79.2,54.3,143.8,119.1,64.9,139.9,193.3,203.3,129.9,300.5,325.3,380.4,362.9,410.2,760.9,673.9,308.3,548.5,1025,773.4,597.1,637.5,943.5,925.0,27.2,22.6,28.7,34.8,82.6,185.7,190.2,180.7,81.0,187.9,152.6,177.3,122.8,245.7,262.1,194.1,133.2,365.7,271.1,237.0,247.0,137.9,272.7,231.2,360.1,462.5,773.4,467.1,196.5,548.5,486.3,344.3,428.8,857.7,507.2,582.4,476.5,827.6,664.4,786.3,268.0,154.1,222.5,272.7,704.1,760.9,1275,1072,296.7,714.8,760.9,760.9,655.2,1429,873.6,827.6,1025,1626,962.8,1241,396.4,227.9,1025,925.0,467.1,842.4,1123,1179,314.5,943.5,673.9,827.6,1123,1521,907.2,1310,1072,1310,1048,1275
202608061904,2026-08-06,19,04R,16:50,2026-08-06T16:40:21.822388+09:00,69.5,71.7,98.3,106.6,24.5,48.5,20.2,88.4,125.4,107.6,51.6,242.8,105.6,35.5,196.7,248.1,78.1,135.8,142.6,300.3,68.3,142.6,110.8,120.1,72.6,96.7,25.0,124.0,248.1,285.3,232.9,368.1,140.9,57.0,228.2,175.5,335.6,345.8,393.5,496.2,18.4,43.7,10.4,52.3,39.7,58.8,16.2,46.9,80.3,111.8,52.1,116.4,12.7,14.5,29.8,21.0,163.0,172.9,184.0,110.8,165.4,126.8,146.3,248.1,248.1,380.4,248.1,278.3,232.9,308.4,223.7,317.0,300.3,300.3,219.4,317.0,438.9,570.6,422.7,475.5,139.1,67.5,184.0,172.9,102.8,71.7,228.2,181.1,60.3,57.0,152.1,65.2,196.7,228.2,292.6,671.3,600.7,380.4,237.7,543.5,456.5,422.7,317.0,600.7,877.9,456.5,438.9,815.2,760.9,570.6,1037,496.2,1037,815.2,1141,1268,1141,951.1,760.9,1426
202608061205,2026-08-06,12,05R,17:01,2026-08-06T16:52:26.689814+09:00,37.8,40.6,49.1,25.5,47.3,57.0,47.7,42.6,65.4,68.9,24.7,15.0,62.7,34.3,32.6,16.0,23.9,28.0,13.6,14.3,110.9,155.9,180.8,128.8,170.8,457.9,341.6,364.7,256.2,422.0,341.6,358.7,336.2,391.3,614.9,358.7,316.5,524.9,448.3,413.8,116.9,144.4,110.3,152.6,204.9,215.2,265.7,128.8,221.8,275.9,398.5,358.7,183.9,347.1,478.2,241.8,316.5,364.7,413.8,377.5,147.4,150.5,76.3,60.7,272.4,279.5,311.9,193.8,336.2,467.8,413.8,352.8,110.3,241.8,211.0,61.4,73.9,219.6,224.1,78.2,224.1,115.7,97.3,34.8,406.0,377.5,413.8,221.8,262.4,406.0,467.8,253.2,118.2,303.1,336.2,77.9,43.3,176.4,137.0,68.1,50.2,98.2,35.7,39.1,77.1,377.5,80.3,364.7,253.2,467.8,307.4,467.8,122.9,311.9,413.8,115.7,57.5,231.4,244.5,83.0
202608060411,2026-08-06,04,11R,17:08,2026-08-06T16:58:26.581449+09:00,40.3,22.3,111.5,69.3,35.1,7.7,62.6,25.0,12.2,5.8,30.3,8.1,165.5,151.3,119.7,148.4,85.3,52.0,32.2,124.4,249.9,196.9,479.1,466.1,433.3,431.2,549.3,917.4,267.8,449.1,862.4,393.8,749.9,1165,969.0,1461,763.2,1347,560.0,1834,198.7,62.9,175.2,121.1,325.4,252.1,381.6,320.6,83.8,208.8,278.2,129.4,412.6,889.1,560.0,730.8,265.3,712.7,264.5,889.1,36.5,19.1,44.9,16.4,133.9,178.1,310.2,150.2,52.1,164.5,196.9,77.0,120.2,232.4,257.4,115.2,39.0,107.4,78.6,99.0,624.9,416.6,446.8,616.0,542.4,821.3,845.5,1181,594.7,889.1,770.0,1306,418.6,679.0,784.0,444.5,806.0,1149,1197,594.7,376.6,263.7,123.5,611.6,784.0,1165,479.1,1391,378.2,806.0,326.6,1002,137.1,388.4,321.8,404.8,917.4,1347,1214,563.6
202608062405,2026-08-06,24,05R,17:10,2026-08-06T17:00:47.451533+09:00,16.3,18.7,129.6,61.3,22.3,31.2,178.4,92.4,37.7,49.3,252.1,137.2,193.3,185.6,216.8,414.2,119.5,196.6,216.8,356.9,12.1,15.9,97.8,57.5,13.7,8.5,145.0,49.4,23.4,11.5,175.7,44.1,260.6,254.9,421.8,464.0,139.7,135.6,112.0,374.2,44.4,57.8,140.6,139.7,49.8,27.9,252.1,77.3,108.9,44.7,446.1,229.7,346.2,493.6,552.3,446.1,400.0,293.6,356.9,773.3,58.0,100.0,169.3,193.3,62.1,35.4,282.9,82.5,146.8,59.3,374.2,236.7,351.5,504.3,437.7,407.0,293.6,173.1,301.3,515.5,386.6,346.2,552.3,565.8,322.2,527.2,368.2,493.6,527.2,725.0,627.0,594.8,454.9,515.5,725.0,748.4,725.0,892.3,682.3,414.2,282.9,346.2,356.9,682.3,309.3,234.3,236.7,662.8,580.0,393.2,386.6,1008,552.3,336.2,400.0,725.0,892.3,928.0,1008,773.3
202608061905,2026-08-06,19,05R,17:19,2026-08-06T17:10:42.083174+09:00,24.3,41.7,43.9,59.3,11.3,9.9,4.3,10.4,65.5,31.0,47.7,90.7,43.1,15.4,78.8,37.4,90.1,40.8,143.2,58.5,157.1,314.3,211.3,196.7,260.3,678.3,353.1,585.8,415.7,716.0,628.7,758.2,289.6,560.4,736.5,736.5,505.4,831.5,1120,1171,41.0,35.8,16.3,30.5,154.3,228.1,218.4,167.3,140.8,230.1,236.5,343.7,48.6,209.5,204.5,82.8,133.5,468.7,429.6,171.8,339.1,206.2,314.3,422.6,452.2,736.5,537.0,468.7,283.2,678.3,409.1,477.3,322.2,628.7,326.3,537.0,560.4,805.5,572.8,781.1,226.1,80.3,310.5,234.3,226.1,505.4,526.1,303.2,121.5,678.3,452.2,240.9,363.0,572.8,526.1,831.5,402.7,678.3,265.7,1288,495.7,198.3,363.0,402.7,781.1,888.9,805.5,1356,213.0,1120,613.7,330.5,716.0,1120,920.6,1074,805.5,1288,422.6,1031
202608061206,2026-08-06,12,06R,17:28,2026-08-06T17:18:28.780576+09:00,47.1,47.7,88.6,64.7,73.7,89.6,110.2,141.5,66.7,84.4,113.3,78.9,158.9,96.7,194.2,197.4,150.1,140.6,98.7,414.9,45.7,30.4,83.8,76.0,47.4,12.7,22.3,31.4,29.9,14.1,18.3,19.4,174.8,57.1,81.0,100.3,209.2,87.4,51.7,111.2,97.1,114.3,132.3,214.7,114.9,28.6,38.7,63.4,124.9,67.0,151.1,121.1,148.3,155.9,211.0,207.4,388.5,177.3,216.6,349.7,54.7,124.2,97.1,110.7,48.5,28.2,53.3,32.2,150.1,67.8,147.4,167.6,181.3,107.3,138.3,103.7,140.6,63.0,177.3,148.3,275.0,240.0,226.6,281.3,322.1,218.5,177.3,294.9,269.0,252.3,360.0,365.3,218.5,189.7,330.8,284.6,699.4,401.3,382.5,489.6,408.0,520.8,376.6,979.2,569.3,252.3,137.5,499.6,544.0,365.3,335.3,720.0,388.5,150.1,489.6,544.0,816.0,720.0,941.5,644.2
202608062406,2026-08-06,24,06R,17:37,2026-08-06T17:28:16.454548+09:00,45.3,83.7,157.2,93.1,25.6,26.2,58.1,32.3,109.8,57.6,166.6,120.6,209.9,117.0,209.9,264.2,163.0,89.1,176.1,276.1,110.6,181.3,239.4,174.1,109.4,66.6,190.4,92.0,209.9,98.2,289.2,220.5,340.6,303.5,398.1,486.5,464.4,170.3,336.8,681.2,28.5,15.5,40.3,20.3,59.5,30.5,100.1,34.8,20.4,25.7,27.6,11.3,86.3,117.0,54.9,48.8,38.3,40.1,18.8,47.8,166.6,84.6,161.3,183.5,217.4,88.5,241.3,151.7,84.6,78.2,81.3,46.0,300.5,340.6,118.8,128.2,211.4,194.0,66.2,145.9,306.5,207.1,388.0,364.9,352.3,356.4,326.1,547.4,303.5,369.3,209.9,245.2,444.2,408.7,199.0,247.2,528.5,696.7,271.2,251.2,444.2,214.3,494.4,519.5,589.5,208.5,419.9,712.9,200.3,183.5,102.8,276.1,528.5,360.6,138.0,316.0,828.5,1021,393.0,408.7
202608060412,2026-08-06,04,12R,17:42,2026-08-06T17:32:26.554990+09:00,14.8,,4.4,6.3,27.1,,34.0,42.8,,,,,7.9,27.0,,10.9,14.7,50.5,,19.5,68.5,,28.2,35.1,200.5,,309.7,376.7,,,,,64.9,312.3,,113.0,104.0,383.1,,153.8,149.0,,141.6,212.8,245.6,,351.7,306.3,,,,,240.8,449.6,,423.9,331.8,453.2,,546.6,,,,,,,,,,,,,,,,,,,,,31.3,82.1,,40.8,61.1,195.6,,100.3,175.3,276.6,,315.0,,,,,62.7,90.0,165.9,,61.3,179.8,,83.9,109.1,380.5,,176.4,294.2,468.5,,449.6,,,,,111.9,143.3,307.1,
202608061906,2026-08-06,19,06R,17:46,2026-08-06T17:36:21.692962+09:00,3.5,9.9,81.0,9.4,14.9,49.5,145.5,66.6,49.3,51.6,102.0,104.1,193.5,117.2,353.7,539.8,46.7,103.6,142.4,526.0,8.5,16.7,72.7,20.0,26.4,51.2,218.2,110.8,72.7,80.4,301.6,161.5,297.3,418.6,427.4,512.8,115.2,277.2,320.5,732.6,44.8,147.5,227.9,222.9,104.6,173.8,253.2,115.2,241.3,213.7,976.9,683.8,336.3,427.4,661.7,526.0,488.4,500.3,789.0,1206,110.8,161.5,256.4,293.0,132.3,297.3,301.6,220.5,293.0,301.6,445.9,366.3,288.9,477.1,418.6,683.8,410.3,512.8,445.9,932.5,366.3,310.8,325.6,366.3,247.1,402.2,402.2,387.0,683.8,436.5,569.8,621.6,336.3,402.2,759.8,1282,1282,554.4,932.5,1709,288.9,539.8,418.6,1282,297.3,394.5,539.8,1367,932.5,732.6,820.6,1282,789.0,759.8,1206,2279,2051,1865,1709,1709
202608061207,2026-08-06,12,07R,17:55,2026-08-06T17:46:20.021677+09:00,11.5,102.8,112.0,49.2,13.0,86.3,72.4,52.1,112.0,119.3,214.4,138.6,180.6,97.3,259.0,285.9,157.7,131.3,184.2,527.9,13.6,92.7,77.3,49.7,10.2,26.9,39.7,17.7,125.3,123.1,169.4,145.2,185.5,153.3,254.2,232.6,132.6,72.0,261.4,381.3,11.8,50.5,55.3,45.7,10.4,27.3,38.7,17.8,114.3,101.3,238.7,165.3,126.5,135.2,283.0,185.5,125.3,60.6,221.4,261.4,292.0,242.9,236.6,201.8,311.9,212.8,311.9,198.9,298.4,217.8,481.6,277.3,465.3,457.5,315.5,356.5,361.2,343.1,415.9,669.6,266.5,263.9,490.2,292.0,288.9,301.6,259.0,311.9,366.0,361.2,596.8,518.0,422.3,409.7,538.3,623.9,1372,1247,638.4,980.5,351.9,356.5,457.5,1143,428.9,133.2,596.8,831.9,334.8,144.4,435.7,807.4,549.0,784.4,784.4,1098,857.9,1307,784.4,807.4
202608062407,2026-08-06,24,07R,18:04,2026-08-06T17:54:24.034364+09:00,12.2,25.9,57.6,32.2,10.7,8.8,18.1,12.5,31.1,18.7,39.5,36.9,74.0,31.7,50.8,44.1,69.9,34.5,53.3,63.9,126.1,186.6,180.9,134.6,215.8,215.8,111.2,284.3,226.7,351.2,484.1,252.3,238.8,325.7,130.7,407.1,373.2,416.5,597.1,995.2,62.4,44.8,75.2,53.3,162.8,165.8,101.2,105.3,84.1,232.6,298.5,122.6,194.7,298.5,293.6,208.2,158.5,344.4,331.7,331.7,149.2,92.3,96.3,114.1,226.7,373.2,255.9,215.8,161.3,407.1,298.5,203.5,284.3,436.9,293.6,255.9,188.5,325.7,215.8,426.5,132.6,83.7,145.6,97.3,223.9,242.0,208.2,235.7,208.2,365.5,298.5,271.4,205.9,398.0,319.8,436.9,144.4,263.4,172.2,232.6,133.6,109.2,180.9,194.7,351.2,284.3,471.4,407.1,218.4,245.3,337.9,447.8,331.7,617.7,559.8,526.8,252.3,416.5,284.3,416.5
202608061907,2026-08-06,19,07R,18:13,2026-08-06T18:04:21.474149+09:00,13.8,53.7,6.8,24.0,41.7,91.1,30.8,86.6,99.7,133.9,59.5,112.7,4.9,14.6,34.8,7.5,38.3,121.9,165.0,34.7,187.9,271.3,80.0,92.7,323.9,523.0,307.8,620.1,461.8,834.7,711.6,803.8,116.6,487.7,578.7,293.3,319.1,1009,964.6,452.1,163.8,323.9,210.7,471.8,364.7,232.1,352.9,246.6,461.8,510.6,1173,1205,307.8,556.5,964.6,748.4,556.5,851.1,885.9,943.6,319.1,398.2,303.5,398.2,387.5,735.7,516.7,394.6,711.6,904.3,678.2,647.8,310.0,611.3,620.1,578.7,586.6,803.8,986.5,735.7,17.9,66.9,107.9,17.8,54.2,237.2,364.7,112.1,218.1,350.0,657.7,371.0,230.9,447.5,700.1,549.4,47.5,92.3,229.6,323.9,199.1,529.3,535.9,117.9,452.1,1058,923.6,498.9,868.1,923.6,1276,851.1,1085,1315,1607,1173,135.2,344.5,711.6,986.5
202608061208,2026-08-06,12,08R,18:23,2026-08-06T18:14:25.703638+09:00,20.0,27.8,10.4,17.5,34.9,65.5,28.3,55.9,55.3,92.5,53.3,69.2,13.3,30.1,55.3,15.4,35.0,65.8,117.3,29.9,63.6,114.8,27.2,49.7,136.8,296.4,149.0,228.8,176.1,277.1,242.9,274.3,49.8,112.5,209.6,50.1,127.0,204.2,411.5,98.8,132.2,225.0,108.1,190.1,194.8,293.3,288.7,245.0,396.7,459.5,520.2,586.6,136.4,315.1,463.4,226.0,492.3,562.7,725.5,320.6,153.6,360.4,145.8,201.2,223.2,525.1,349.0,263.8,530.2,664.4,568.5,580.4,215.4,294.8,380.3,128.8,360.4,414.6,716.1,179.6,27.3,67.3,116.3,29.3,45.3,122.2,153.1,50.1,124.4,194.8,515.3,274.3,194.8,278.5,459.5,128.8,49.1,52.3,149.8,135.4,154.0,346.8,452.0,114.8,226.0,483.7,755.4,148.6,540.6,706.9,672.5,515.3,633.8,725.5,950.7,338.3,130.9,122.0,377.7,277.1
202608062408,2026-08-06,24,08R,18:33,2026-08-06T18:24:20.726361+09:00,49.1,57.9,99.0,41.4,41.6,14.3,55.1,12.1,65.4,24.3,77.1,15.4,92.7,117.6,109.6,97.4,35.7,12.6,12.8,41.0,188.0,237.9,157.1,144.7,286.4,316.6,386.3,386.3,233.9,372.6,452.8,305.1,359.9,533.0,513.5,576.8,199.5,507.3,467.9,628.5,118.2,41.8,84.2,34.7,240.6,153.6,224.0,158.3,68.4,184.7,158.3,74.6,187.1,298.6,247.7,197.7,51.8,275.2,91.3,194.0,165.1,77.8,115.0,20.8,220.4,348.0,227.6,182.3,122.7,350.9,230.1,114.1,233.9,434.1,294.4,228.8,52.7,242.0,122.4,220.4,290.4,277.0,336.9,239.2,366.2,462.7,397.2,501.3,443.2,593.1,457.7,501.3,334.2,554.1,467.9,429.7,309.6,554.1,421.1,434.1,59.9,25.9,27.9,89.7,150.9,244.8,255.2,372.6,48.5,171.1,89.2,207.4,55.6,246.2,111.7,200.5,244.8,489.6,342.3,300.8
202608061908,2026-08-06,19,08R,18:43,2026-08-06T18:34:22.021786+09:00,10.6,22.2,38.1,38.4,5.4,4.2,14.9,10.1,29.6,17.2,49.8,42.3,66.3,35.3,78.8,83.7,77.2,40.8,68.2,126.8,93.3,208.6,267.4,219.0,149.5,455.6,441.5,599.5,311.2,508.5,1139,686.2,513.1,749.4,412.7,1265,474.6,1017,1265,1582,39.7,35.5,102.2,52.1,140.6,242.3,290.6,213.3,151.0,384.8,739.7,448.5,262.4,445.0,625.9,813.7,222.5,918.7,730.2,999.3,105.8,128.0,345.2,256.5,398.3,918.7,730.2,491.0,286.2,780.2,686.2,553.0,403.9,949.3,712.0,1162,619.1,1238,1238,1389,293.6,232.4,463.0,329.2,392.8,569.6,759.4,569.6,349.4,581.2,949.3,1035,553.0,1460,1238,1498,759.4,876.3,1116,1539,421.9,293.6,553.0,749.4,593.3,837.6,1139,1539,384.8,813.7,918.7,949.3,876.3,1675,1356,2373,1238,1627,1324,1675
202608061209,2026-08-06,12,09R,18:54,2026-08-06T18:44:23.782683+09:00,62.8,145.6,143.7,131.8,41.4,42.0,19.3,22.4,203.6,117.6,174.2,151.5,172.9,56.7,200.8,123.7,227.8,75.7,189.1,184.5,168.6,277.8,294.2,314.0,176.6,359.2,266.9,280.9,458.4,518.9,821.2,691.9,501.5,419.8,685.6,583.8,812.3,504.9,770.4,900.3,38.6,24.9,11.0,11.5,78.1,87.4,65.1,65.7,43.0,94.2,29.1,26.7,15.6,47.2,30.1,9.4,19.4,62.2,32.4,13.1,338.1,232.8,282.0,287.4,485.2,570.4,597.8,526.2,227.1,415.1,212.3,209.3,397.5,593.1,210.5,202.5,518.9,655.5,344.3,545.4,344.3,101.2,341.2,235.0,518.9,424.6,494.9,583.8,88.7,263.1,147.4,70.8,455.6,747.3,282.0,511.8,301.3,588.4,101.4,501.5,553.5,188.7,549.5,485.2,1099,718.5,1149,970.5,136.8,395.4,174.2,99.2,849.2,1186,570.4,667.2,526.2,922.6,137.8,597.8
202608062409,2026-08-06,24,09R,19:04,2026-08-06T18:54:21.941580+09:00,21.2,26.5,11.2,37.1,28.6,43.5,20.1,56.6,44.3,53.8,22.2,56.7,11.0,17.2,10.3,15.3,98.3,118.7,93.4,46.8,97.2,127.5,56.3,180.9,222.3,417.7,334.6,581.7,234.8,550.8,377.2,486.2,104.9,293.6,355.6,288.1,490.1,876.6,715.4,610.2,125.2,185.2,96.8,238.4,145.4,296.4,256.1,268.2,347.7,565.8,550.8,759.0,154.4,393.9,370.5,311.2,518.7,732.2,691.6,581.7,200.1,228.8,84.9,180.9,302.1,598.5,391.4,441.4,426.3,635.1,604.3,598.5,85.1,309.6,372.7,148.9,314.3,581.7,787.9,319.2,28.2,43.8,36.4,23.7,77.8,204.7,225.5,151.4,137.4,236.6,441.4,237.5,80.7,249.9,372.7,109.3,45.8,106.2,156.3,96.2,259.3,306.6,319.2,146.8,587.2,691.6,876.6,662.1,707.3,587.2,988.0,1054,622.4,1270,1270,581.7,117.6,315.9,409.5,293.6
202608061909,2026-08-06,19,09R,19:14,2026-08-06T19:04:20.575949+09:00,45.0,24.6,74.0,31.1,49.7,26.8,58.0,32.6,19.5,23.3,17.9,6.5,74.2,88.7,52.6,48.6,29.8,38.5,9.8,31.9,228.4,145.2,308.3,132.9,395.7,558.4,448.7,571.1,216.6,785.3,761.5,341.9,469.7,773.2,707.8,913.8,314.1,881.7,398.8,897.4,163.7,136.2,207.6,175.1,344.2,274.6,339.5,212.9,211.1,461.0,523.5,308.3,380.7,636.1,670.1,644.3,274.6,688.4,356.4,717.9,56.5,72.2,45.4,16.0,158.5,461.0,361.5,150.0,197.0,444.7,383.6,215.7,108.3,353.9,351.4,79.6,22.9,129.5,156.5,59.2,349.0,433.2,218.5,208.5,389.6,552.3,483.2,375.0,598.3,540.4,591.2,620.4,214.7,761.5,728.4,248.8,392.6,652.7,698.0,276.1,88.3,117.7,29.8,113.1,207.6,437.0,299.1,761.5,297.3,429.5,293.9,507.6,35.8,177.5,229.4,149.1,330.6,717.9,636.1,267.3
202608061210,2026-08-06,12,10R,19:25,2026-08-06T19:16:19.360822+09:00,36.4,10.6,20.6,74.6,74.6,43.1,48.5,136.2,8.0,31.0,5.3,42.0,27.3,58.9,16.2,100.4,199.8,225.1,180.9,251.8,144.7,70.3,96.2,262.4,248.4,524.8,346.6,536.2,117.3,361.8,124.0,345.0,173.3,418.7,168.6,626.3,709.8,846.9,564.6,1129,219.2,192.5,173.7,372.6,304.2,279.1,378.3,322.6,300.5,435.8,219.8,591.5,184.9,407.2,282.3,384.2,967.9,931.6,828.1,943.4,28.2,76.0,16.2,70.9,78.0,279.1,74.2,204.7,274.0,392.2,232.1,483.9,21.4,46.7,113.4,74.3,266.1,331.2,568.9,232.1,78.7,154.6,41.5,161.6,152.4,370.8,131.9,388.2,358.3,428.3,270.0,496.9,48.4,99.1,175.7,146.1,449.0,582.3,582.3,441.0,745.3,828.1,837.4,898.0,876.8,1263,931.6,1433,980.7,1263,1096,1080,955.5,898.0,1620,760.5,1064,1552,1202,908.9
202608062410,2026-08-06,24,10R,19:36,2026-08-06T19:26:21.580240+09:00,31.3,60.3,89.2,40.9,21.0,28.8,36.1,10.8,99.5,85.1,122.4,91.6,73.4,67.0,140.1,63.4,34.3,14.2,53.9,57.8,99.5,144.3,167.2,123.4,120.2,217.8,174.4,152.2,183.3,226.7,226.7,226.7,154.2,181.1,214.8,211.1,194.3,234.5,408.1,338.2,49.0,52.0,54.9,17.6,98.9,129.9,141.7,96.2,127.5,158.6,132.2,116.1,97.1,164.5,151.5,109.9,23.2,97.9,76.3,110.7,207.5,214.8,201.3,226.7,268.5,317.2,257.2,300.1,306.1,332.7,258.3,263.8,265.0,277.0,248.8,193.1,416.4,505.9,405.4,343.9,100.0,59.0,159.0,57.5,138.2,171.9,205.4,202.0,84.3,171.4,198.1,99.3,215.5,282.1,279.5,197.4,71.3,217.1,109.3,177.4,68.0,23.6,120.9,87.5,144.0,155.7,275.7,336.3,27.7,103.9,111.5,155.3,283.4,371.0,196.8,269.7,132.5,368.8,243.9,244.8
202608061910,2026-08-06,19,10R,19:47,2026-08-06T19:38:22.421422+09:00,22.3,14.6,5.7,14.6,43.1,44.1,27.3,68.3,28.9,57.1,21.5,44.7,6.5,24.7,19.2,9.4,33.4,128.1,81.1,27.0,147.3,132.1,60.1,94.9,323.1,797.5,370.4,665.6,260.3,876.5,560.3,619.1,121.4,731.6,614.8,266.6,331.5,1246,1106,546.4,349.9,341.8,212.8,494.5,411.7,402.4,402.4,384.9,627.8,951.9,1092,819.7,318.4,731.6,1149,1180,931.9,1383,1702,1451,199.8,334.0,169.9,274.0,269.9,708.2,468.4,447.1,725.6,1079,894.2,941.8,208.3,415.6,582.4,281.9,486.4,776.5,324.2,713.9,41.7,136.8,118.0,48.5,99.6,381.6,391.7,182.9,301.1,804.8,983.6,763.2,211.7,514.7,763.2,433.9,110.6,215.4,670.6,539.8,246.6,702.6,505.8,162.7,415.6,1149,1106,606.3,1180,1451,2107,1770,725.6,1362,1427,1451,169.2,489.1,567.5,560.3
202608061211,2026-08-06,12,11R,19:58,2026-08-06T19:48:18.948023+09:00,4.9,11.6,17.2,14.0,12.8,26.3,30.0,30.3,20.1,37.1,31.3,37.1,38.9,57.1,57.3,77.1,40.8,75.7,94.3,116.5,28.4,45.4,60.7,54.6,57.9,218.9,233.1,153.1,132.4,252.0,282.5,222.5,208.6,339.1,425.8,431.7,165.0,305.7,373.0,561.7,56.7,121.1,144.5,161.6,113.4,243.4,294.1,188.3,254.1,365.7,431.7,401.9,260.4,410.8,452.7,446.2,421.9,405.4,638.7,609.5,62.7,116.1,68.5,84.2,138.1,292.3,241.5,210.9,266.4,433.7,386.9,437.8,110.6,207.6,274.2,159.9,233.1,262.6,448.3,292.3,196.3,242.2,244.1,296.9,281.7,509.6,420.0,526.8,368.6,551.8,638.7,638.7,256.9,448.3,643.1,410.8,572.1,666.1,797.0,643.1,156.2,345.3,483.1,555.1,228.5,457.1,661.3,905.4,539.0,675.7,914.2,1013,711.8,764.4,1195,764.4,879.7,1137,1002,758.1
202608062411,2026-08-06,24,11R,20:07,2026-08-06T19:58:17.693075+09:00,34.5,34.1,49.4,69.6,35.2,12.4,20.9,48.2,29.8,11.2,10.6,35.5,46.8,32.6,23.0,71.1,123.7,106.6,97.6,138.5,168.7,128.2,184.4,331.1,253.7,326.4,337.5,421.4,171.2,431.9,365.9,539.0,293.4,526.7,454.4,675.1,626.4,952.5,952.5,1241,112.1,44.4,63.3,117.4,193.1,215.9,299.7,225.0,56.3,203.9,65.9,155.9,114.5,390.6,106.1,228.7,245.7,418.8,299.7,409.0,56.5,27.4,19.2,58.9,147.0,266.4,163.6,251.9,46.6,206.3,58.3,132.4,25.6,94.2,44.4,55.8,145.7,290.9,257.5,142.4,129.4,85.5,59.0,157.6,270.5,409.0,332.7,496.6,172.1,431.9,162.4,352.9,52.5,249.2,129.4,156.6,303.6,579.4,476.2,342.5,413.9,390.6,337.5,482.8,565.3,626.4,716.8,772.6,522.8,539.0,584.3,818.0,469.8,914.9,649.8,543.2,503.8,790.1,781.3,518.9
202608061911,2026-08-06,19,11R,20:16,2026-08-06T20:06:26.748775+09:00,5.0,18.2,41.5,73.5,9.5,17.0,50.9,89.3,26.8,31.3,61.5,115.5,50.0,84.8,118.5,243.8,136.1,222.0,220.3,476.0,16.3,34.4,104.3,121.4,18.9,26.2,106.4,194.4,49.1,48.1,197.0,279.3,208.0,234.2,379.0,487.7,358.4,561.3,743.7,1122,19.1,35.5,90.1,163.9,20.5,35.2,114.2,146.5,62.5,48.2,179.2,270.4,242.8,297.5,402.0,550.9,413.2,440.7,626.3,734.6,79.4,97.2,181.9,258.7,129.3,82.1,279.3,328.7,156.1,125.2,347.9,437.5,260.9,369.5,369.5,450.7,517.4,572.1,772.7,753.2,282.0,270.4,419.0,450.7,336.1,447.3,512.9,413.2,461.2,491.7,743.7,804.1,425.0,691.9,683.9,639.8,975.4,716.9,991.7,959.7,572.1,772.7,743.7,1608,875.0,838.0,1166,1487,838.0,804.1,1043,1383,1293,1144,1322,1652,1608,1525,1652,1750
202608061212,2026-08-06,12,12R,20:30,2026-08-06T20:20:25.457232+09:00,19.3,15.2,31.0,35.2,27.4,16.9,26.5,39.8,15.0,15.6,14.3,17.1,44.9,46.2,29.7,37.7,78.9,82.2,45.4,66.9,90.5,72.4,109.6,145.4,161.8,201.0,344.0,493.7,119.4,197.4,267.4,272.2,280.0,409.0,415.1,735.1,458.4,838.6,486.5,1043,116.2,73.9,115.3,154.2,191.8,198.6,294.8,360.4,130.4,212.3,209.9,284.7,225.5,472.7,384.5,513.4,482.3,741.7,598.1,659.6,46.6,60.0,31.6,30.9,117.3,167.8,143.6,166.2,126.3,224.3,177.9,208.8,42.4,96.0,117.2,38.8,81.9,168.2,215.8,68.9,181.0,174.9,108.6,140.2,361.2,510.3,391.7,435.7,324.6,622.7,493.7,667.5,111.6,251.7,281.8,109.7,195.6,474.1,478.1,155.0,327.2,441.4,222.5,317.2,602.4,1049,611.2,999.3,738.4,1183,818.0,1135,265.3,577.4,842.8,220.7,376.7,948.2,1023,225.2
202608062412,2026-08-06,24,12R,20:38,2026-08-06T20:28:20.839070+09:00,7.9,14.9,19.1,17.2,8.1,10.3,15.3,12.0,22.6,23.2,34.4,30.4,26.9,27.8,40.0,31.4,43.0,33.1,56.0,61.5,79.4,155.2,179.9,200.2,216.3,624.2,665.2,639.2,387.0,886.9,946.0,913.6,424.8,876.0,954.5,898.1,478.3,925.5,1223,1237,56.8,63.6,83.1,67.9,112.9,365.7,447.2,355.3,202.5,439.8,422.3,410.9,228.4,596.2,547.2,509.2,160.0,429.1,454.8,525.6,200.6,171.5,191.9,208.0,372.8,834.7,608.2,643.1,298.9,876.0,603.0,514.1,357.7,645.0,580.0,502.0,449.0,806.3,724.0,858.3,193.3,145.9,260.5,181.4,436.2,736.5,707.2,684.4,298.1,736.5,831.5,629.7,438.9,898.1,890.6,734.0,323.0,601.3,744.3,635.4,280.8,196.9,410.1,453.8,536.1,967.5,1305,1182,258.3,746.9,757.5,1086,765.7,1382,1195,1458,603.0,1478,1409,1330
202608061912,2026-08-06,19,12R,20:45,2026-08-06T20:36:20.021424+09:00,12.0,32.4,12.7,42.0,11.1,21.5,6.6,24.8,49.2,40.6,30.4,65.6,12.3,9.0,26.9,26.7,98.0,94.8,121.1,88.7,80.0,200.8,104.1,237.1,142.5,616.8,267.1,691.5,459.7,937.1,748.8,874.9,192.4,332.3,748.8,828.4,775.9,1078,1166,1319,59.9,78.6,30.3,80.3,130.5,368.0,205.6,356.5,268.3,625.8,381.9,642.2,66.3,222.7,259.4,217.0,381.0,758.8,866.1,426.5,270.9,259.0,198.9,356.5,491.3,979.9,702.8,672.5,464.7,857.4,518.1,755.4,255.1,513.4,488.5,518.1,729.7,985.5,866.1,883.9,62.9,39.2,116.9,77.1,153.6,272.2,487.1,401.6,69.7,238.5,311.2,282.5,243.5,556.7,483.0,345.7,225.6,524.4,359.5,571.6,659.5,714.5,783.0,498.5,883.9,1207,1617,1429,752.1,1207,1099,848.9,1120,1429,1587,1242,494.2,1128,853.1,963.4
